id,name,category,primary_skill,resource_kind,activity_family_id,variation_type,family_siblings,duplicate_of_drill_id,taxonomy_mappings,taxonomy_mapping_count,difficulty_level,progression_level,age_range,min_age,max_age,practice_roles,activity_format,est_duration_minutes,duration_text,equipment_needed,space_required,indoor_outdoor,requires_partner,min_players,max_players,min_coaches,station_friendly,has_youtube_video,youtube_video_id,has_thumbnail,channel,url_verified_at,media_verification_status,youtube_start_source,source_provenance,status,created_at,pathway_memberships,prescribe_compatible
253fee8d-d86f-497b-83db-44e622fb0a2d,4-Part Windup Drill — Breaking Down the Delivery,Pitching,pitching,practice_unit,,,,,"rushing-delivery; throwing-mechanics",2,Beginner,2,7-12,7,12,"teach; isolate",,8,,"Baseball; glove; mound or flat ground",Small,Both,false,,,,,yes,McHb2hXrTrE,yes,ARM Pitching Development,,unverified,,,approved,2026-02-23T03:51:02.966737+00:00,pitching-development#3(primary),no
3df6814c-4d77-4592-8693-9fd419ded05c,8 Baseball Warm-Up Exercises You Must Do,Warmup,athletic development,practice_unit,,,,,cold-arm,1,Beginner,,6-12,6,12,warmup,,5,,None (bodyweight only),Medium,Both,false,,,,,yes,yaPtL61nSzU,yes,Ultimate Baseball Training,,unverified,,,approved,2026-02-23T03:29:20.093053+00:00,,no
9d95c228-0f42-487d-bfa0-164df2646c50,9-Exercise J-Band Strength Routine,Arm Care,Rotator cuff strength,practice_unit,,,,,arm-fatigue,1,Intermediate,3,10-14,10,14,isolate,,10,,"J-bands or resistance bands; anchor point",Small,Both,false,,,0,,yes,slqo583qoAg,yes,Northern Baseball Training,2026-08-06T18:39:22.410256+00:00,verified 2026-08-06,,ai_expansion_008,approved,2026-08-04T15:36:04.815116+00:00,pitching-development#1(progression),no
19035b7f-94e5-5d4a-b261-8b3da555904f,A-March — Posture and Ground Contact,Athletic Development,sprint posture,activity,,,,,,0,Beginner,1,8-12,8,12,"warmup; teach",small_group,5,,None (bodyweight only),Small,Both,false,1,,1,true,no,,no,,,no media,,benchcoach_original,approved,2026-09-20T17:31:22.919183+00:00,"speed-and-agility-development#1(primary); speed-and-agility-development#2(regression)",yes
c951c358-4b6b-5bcd-8839-4983212ae9ea,A-Skip — Rhythm and Quick Contact,Athletic Development,running rhythm,activity,,,,,,0,Beginner,2,8-12,8,12,"warmup; teach; repetition",small_group,5,,None (bodyweight only),Small,Both,false,1,,1,true,no,,no,,,no media,,benchcoach_original,approved,2026-09-20T17:31:22.919183+00:00,speed-and-agility-development#1(progression),yes
5afa81e5-ec55-4066-b62f-1b535884060b,"Advanced First Base — Off-Line Throws, Picks & Short Hops",Fielding (Infield),First-base footwork,activity,,,,,first-base-footwork,1,Advanced,4,11-14,11,14,"progress; game_application",,15,,"base; baseballs; fungo or partner",Medium,Outdoor,true,,,,,yes,QR2QWQTHp-s,yes,IMG Academy,2026-08-06T18:39:22.410256+00:00,verified 2026-08-06,,ai_expansion_008,approved,2026-08-04T15:36:04.815116+00:00,"infield-fundamentals#4(progression); infield-fundamentals#11(progression)",yes
a8689b3e-5257-50a3-8b5b-2c83e323ff8a,Arm Action Check — Hip to Chin,Athletic Development,sprint arm action,activity,,,,,,0,Beginner,1,8-12,8,12,"warmup; teach; isolate",small_group,4,,None (bodyweight only),Small,Both,false,1,,1,true,no,,no,,,no media,,benchcoach_original,approved,2026-09-20T17:31:22.919183+00:00,speed-and-agility-development#1(reinforcement),yes
0997fc64-a8e8-44b1-995c-3aa1e0291a99,Baby Steps - Hip Load,Hitting,Hitting,activity,,,,,lunging,1,Beginner,2,6-10,6,10,"teach; isolate",,8,,Bat,Small,Both,false,,,,,yes,Sx-nSeUhACM,yes,Hitting Done Right,,unverified,,,approved,2026-02-23T03:28:42.651266+00:00,build-the-swing#3(primary),yes
40eebd5c-d2ab-4245-92bc-5cf73e68ba87,Back Knee Down - Stay Centered,Hitting,Hitting,activity,,,,,lunging,1,Intermediate,3,9-12,9,12,"isolate; repetition",,8,,"Bat; Batting tee (optional)",Small,Both,false,,,,,yes,m74alEFc8FE,yes,Hitting Done Right,,unverified,,,approved,2026-02-23T03:28:42.651266+00:00,build-the-swing#5(primary),yes
a54d536f-e4f0-4dd5-91d2-d007bd274250,Balance Point Drill — Leg Lift & Pause,Pitching,pitching,activity,,,,,"balance-leg-lift; rushing-delivery; inconsistent-stride",3,Beginner,1,6-12,6,12,"isolate; teach",individual,10,,"Baseball; glove; mound or flat ground",Small,Both,false,1,,0,true,yes,ImeXGqKYP7Y,yes,YouGotMOJO,,unverified,,,approved,2026-02-23T03:51:02.966737+00:00,"pitching-development#2(primary); pitching-development#3(regression); pitching-development#10(regression)",yes
7bff401e-095e-447b-83e8-bc6cc750c85d,Barry Larkin / Walk-Through Power Drill,Hitting,hitting,activity,,,,,"flying-open; inconsistent-contact; weak-throws",3,Intermediate,,8-12,8,12,"isolate; progress",,10,,"Batting tee; bat; baseballs; net",Medium,Both,false,,,,,yes,3Xqb7j2BYTU,yes,YouGoProBaseball,,unverified,,,approved,2026-02-23T03:42:23.282295+00:00,build-the-swing#5(progression),yes
32d3b75f-3d94-4048-b1e1-26a3d87e9449,Base Running Athletic Circuit,Athletic Development,baserunning,practice_unit,,,,,"bad-base-turns; slow-first-step",2,Beginner,,6-12,6,12,"repetition; competition",,10,,"Bases or cones; Baseball diamond or open space",Full Field,Outdoor,false,,,,,yes,5hYYRufn40s,yes,ZONEDSportsAcademy,,unverified,,,approved,2026-02-23T03:29:20.093053+00:00,"baserunning-development#3(primary); speed-and-agility-development#10(primary)",no
ecf4c61b-0b8b-49bd-bbe5-697d42991d79,Base Running Circuit,Baserunning,Baserunning,practice_unit,,,,,"slow-first-step; bad-base-turns",2,Intermediate,3,9-12,9,12,"repetition; team_execution",,12,,"bases/markers; stopwatch (optional)",Full Field,Outdoor,true,,,,,yes,5hYYRufn40s,yes,Coach's Clinic,,unverified,,,approved,2026-02-23T03:28:42.651266+00:00,"baserunning-development#10(primary); baserunning-development#1(reinforcement)",no
977c1fd1-12b0-42c6-8b8b-e3a90303e385,Baseball Arm Stretches and Pre-Throwing Warm-Up,Arm Care,throwing,practice_unit,,,,,cold-arm,1,Beginner,,6-12,6,12,warmup,,5,,None (bodyweight stretches),Small,Both,false,,,0,,yes,5GY4nLILbi4,yes,Ultimate Baseball Training,,unverified,,,approved,2026-02-23T03:29:20.093053+00:00,"throwing-development#1(reinforcement); pitching-development#1(regression)",no
b194ff1d-f857-47d5-911c-0bab06c6e6bc,Baseball Dynamic Stretches for Youth Players,Athletic Development,athletic development,practice_unit,,,,,cold-arm,1,Beginner,,8-12,8,12,warmup,,8,,None (bodyweight only),Small,Both,false,,,,,yes,MNouzjZQ4wo,yes,Spear Physical Therapy,,unverified,,,approved,2026-02-23T03:29:20.093053+00:00,speed-and-agility-development#1(reinforcement),no
b610bf25-fbc7-46e3-9c8a-16e07224bf70,Bent-Leg Slide Basics — The Right Way to Slide,Baserunning,Sliding,activity,57ebfb11-f1b0-4877-b171-4d090df0a020,base,Pop-Up Slide — Slide and Advance [progression],,cant-slide,1,Beginner,1,7-12,7,12,teach,small_group,8,,"grass area or sliding mat; loose base",Small,Outdoor,false,1,,1,true,yes,h_mEnVPL6Qg,yes,BSBL BLVD,2026-08-06T18:39:22.410256+00:00,verified 2026-08-06,,ai_expansion_008,approved,2026-08-04T15:36:04.815116+00:00,"baserunning-development#4(primary); baserunning-development#5(regression)",yes
babe5481-655c-4c2e-9985-2465937c1067,Blocking the Right Way — Technique to Reaction Reps,Catching,Blocking,activity,,,,,catcher-blocking,1,Intermediate,3,9-14,9,14,"teach; progress",partner,10,,"catcher's gear; soft training balls; baseballs",Small,Both,true,2,,1,true,yes,eQCF2jZiU5M,yes,YouGoProBaseball,2026-08-06T18:39:22.410256+00:00,verified 2026-08-06,,ai_expansion_008,approved,2026-08-04T15:36:04.815116+00:00,"catching-development#3(primary); catching-development#4(regression)",yes
4fa59dec-86b0-46f7-bb31-f59382b1e9f4,Bounce Toss / Angled Toss Drill,Hitting,hitting,activity,,,,,"inconsistent-contact; pulling-head; late-timing; cant-hit-offspeed",4,Intermediate,,7-12,7,12,"progress; decision",,10,,"Baseballs; bat; net or cage; partner",Medium,Both,true,,,,,yes,3Xqb7j2BYTU,yes,YouGoProBaseball,,unverified,,,approved,2026-02-23T03:42:23.282295+00:00,,yes
7bb8dfc7-3fa5-532e-9935-fcb5cc4ea212,Broad Jump — Jump and Stick It,Athletic Development,lower body power,activity,,,,,,0,Beginner,2,8-12,8,12,"teach; repetition; assessment",small_group,5,,"Tape measure; Cones or markers",Small,Both,false,1,,1,true,no,,no,,,no media,,benchcoach_original,approved,2026-09-20T17:34:08.956129+00:00,"speed-and-agility-development#4(reinforcement); speed-and-agility-development#5(reinforcement); speed-and-agility-development#10(assessment)",yes
1c406241-97b4-425d-8f16-89ade2dbbc22,Bucket Drill — Stay in Your Legs,Hitting,hitting,activity,,,,,loses-posture,1,Beginner,,7-12,7,12,"teach; isolate",,8,,"Bucket; batting tee; bat; baseballs",Small,Both,false,,,0,,yes,hdyY3AoSkyk,yes,Dominate the Diamond,,unverified,,,approved,2026-02-23T03:42:23.282295+00:00,build-the-swing#1(reinforcement),yes
279b8b7c-cbc5-5bce-b962-d8b6d11474bc,Build-Up Runs — Find Top Speed Under Control,Athletic Development,progressive acceleration,activity,,,,,,0,Beginner,2,8-12,8,12,"warmup; repetition",small_group,8,,Cones or markers,Large,Outdoor,false,1,,1,true,no,,no,,,no media,,benchcoach_original,approved,2026-09-20T17:31:22.919183+00:00,speed-and-agility-development#1(reinforcement),yes
3269f5db-7541-42a7-b085-0b209f0dd8a6,Bullseye Challenge — Throwing Accuracy Competition,Throwing,throwing,activity,,,,,"inaccurate-throws; throwing-mechanics",2,Beginner,,7-12,7,12,"competition; repetition",station,8,,"Baseballs; gloves; strike zone target or bucket",Medium,Outdoor,false,2,,0,true,yes,YRAjMC5F4sg,yes,YouGotMOJO,,unverified,,,approved,2026-02-23T04:46:32.289399+00:00,"infield-fundamentals#8(reinforcement); throwing-development#8(primary)",yes
a648dcab-45b3-4c81-9ed4-f29eaea4323e,Bunting with Lacrosse Stick,Bunting,Bunting,activity,,,,,cant-bunt,1,Intermediate,3,9-12,9,12,"isolate; repetition",,8,,"Bat; Baseballs or wiffle balls; Lacrosse stick or similar net target",Small,Both,false,,,,,yes,YLocEKnieBA,yes,Dominate The Diamond,,unverified,,,approved,2026-02-23T03:28:42.651266+00:00,,yes
0dba3ce4-0df5-4905-b95b-09705a5595d5,Call It Early — Outfield Communication Basics,Fielding (Fly Balls),Communication,activity,,,,,outfield-communication,1,Beginner,1,7-11,7,11,"teach; team_execution",small_group,8,,"baseballs or soft balls; gloves",Medium,Outdoor,true,3,,1,true,yes,x5oEDLlVpqo,yes,DICK'S Sporting Goods,2026-08-06T18:39:22.410256+00:00,verified 2026-08-06,,ai_expansion_008,approved,2026-08-04T15:36:04.815116+00:00,outfield-development#6(primary),yes
2da70c16-18d3-4b63-8eca-12804ac048ea,"Calm Rundowns — Push Back, Follow Your Throw",Team Defense,Rundowns,activity,ced192f0-32a9-4137-b521-f22b4822d782,progression,"Game-Speed Rundown Execution [advanced]; Two-Base Pickle Drill [base]",,rundowns,1,Intermediate,3,9-13,9,13,"progress; game_application",small_group,12,,"bases; baseballs",Medium,Outdoor,true,3,,1,true,yes,cV8Ivq0XcJA,yes,Dominate The Diamond,2026-08-06T18:39:22.410256+00:00,verified 2026-08-06,,ai_expansion_008,approved,2026-08-04T15:36:04.815116+00:00,,yes
26332028-2d32-4f42-817e-c8628f2bdbcd,Catch and Crush Drill — Stay Closed,Hitting,hitting,activity,,,,,"lunging; flying-open",2,Intermediate,,8-12,8,12,"isolate; teach",,10,,"Batting tee; baseball; bat; net",Small,Both,false,,,,,yes,3Xqb7j2BYTU,yes,YouGoProBaseball,,unverified,,,approved,2026-02-23T03:42:23.282295+00:00,build-the-swing#3(progression),yes
367642e8-dfd4-4988-90e5-f2c4d10b3401,Catcher Throw-Down Footwork to Second,Catching,Throwing footwork,activity,,,,,slow-transfer,1,Advanced,4,12-14,12,14,"isolate; progress",,12,,"catcher's gear; baseballs; stopwatch",Full Field,Outdoor,true,,,,,yes,RmlsQPV4OGs,yes,Pro Speed Baseball,2026-08-06T18:39:22.410256+00:00,verified 2026-08-06,,ai_expansion_008,approved,2026-08-04T15:36:04.815116+00:00,catching-development#5(primary),yes
43aa8d15-da92-5e38-8d99-829b157ef0f6,Catcher's Stance — Set Up to Receive,Catching,catcher's receiving stance,activity,,,,,catcher-receiving,1,Beginner,1,8-14,8,14,"teach; repetition",station,8,,"catcher's gear; catcher's mitt; baseballs or soft training balls",Small,Both,false,1,,1,true,no,,no,,,no media,,benchcoach_original,approved,2026-09-17T07:06:03.750727+00:00,catching-development#1(regression),yes
fbbf59c6-6024-5692-9db9-6a0257139f65,Changeup Catch Play,Pitching,changeup,activity,,,,,no-changeup,1,Intermediate,2,9-14,9,14,"warmup; teach; repetition",partner,10,,"baseballs; gloves",Medium,Both,true,2,,0,true,no,,no,,,no media,,benchcoach_original,approved,2026-09-15T23:43:14.739904+00:00,pitching-development#11(primary),yes
20d240e9-8d9f-567f-9e87-c25a5f0b9cfb,"Changeup Off the Mound — Same Arm Speed, Real Sequence",Pitching,changeup off the mound,activity,,,,,no-changeup,1,Advanced,4,11-14,11,14,"isolate; progress; game_application",partner,15,,"baseballs; mound; catcher's gear; batting helmet",Medium,Outdoor,true,2,,1,true,no,,no,,,no media,,benchcoach_original,approved,2026-09-17T07:06:03.750727+00:00,pitching-development#11(progression),yes
5a535d84-6462-5b2a-b594-01158ca26978,Chase Start — Five-Yard Race,Athletic Development,competitive first step,activity,,,,,,0,Intermediate,3,8-12,8,12,"repetition; competition",partner,7,,Cones or markers,Medium,Outdoor,true,2,,1,true,no,,no,,,no media,,benchcoach_original,approved,2026-09-20T17:33:35.345141+00:00,"speed-and-agility-development#3(reinforcement); speed-and-agility-development#10(assessment)",yes
d4efaaad-808d-4e4f-8539-9c56c5c1835a,Clean Up Crew — Fun Fielding-to-Throw Game,Throwing,throwing,activity,,,,,"slow-transfer; inaccurate-throws",2,Beginner,,6-10,6,10,"finish; competition",full_team,8,,"Many baseballs (10-20); large bucket or target zone",Medium,Outdoor,false,3,,1,false,yes,YRAjMC5F4sg,yes,YouGotMOJO,,unverified,,,approved,2026-02-23T04:46:32.289399+00:00,"infield-fundamentals#8(game_application); throwing-development#8(game_application)",yes
2db609fb-e152-400c-8927-038809eb062f,Competitive Team Bunting Game,Bunting,Bunt execution,activity,,,,,cant-bunt,1,Advanced,4,12-16,12,16,"competition; game_application",game,10,,"bats; balls; bases; live pitching or machine",Full Field,Outdoor,true,6,,1,false,yes,SR8atnQMvg4,yes,Coach Trent Mongero,2026-08-06T18:39:22.410256+00:00,verified 2026-08-06,,ai_expansion_008,approved,2026-08-04T15:36:04.815116+00:00,,yes
dfa91c84-6ce8-4d03-9c5d-4252adc5fe3d,Complete Pitching and Throwing Warm-Up Routine,Arm Care,throwing,practice_unit,,,,,"throwing-mechanics; cold-arm",2,Beginner,,6-12,6,12,warmup,,10,,"Baseball; Glove; Resistance band (optional)",Small,Both,false,,,1,,yes,WQ9ggLQJ96M,yes,ARM Pitching Development,,unverified,,,approved,2026-02-23T03:29:20.093053+00:00,pitching-development#1(primary),no
0833de14-902c-408a-a3a9-a8c4df28c4f1,Cross-Shuffle Drill,Fielding (Infield),Fielding (Infield),activity,,,,,poor-fielding-footwork,1,Intermediate,3,9-12,9,12,"progress; game_application",,10,,"Gloves; Baseballs; Two cones to mark the starting spots",Medium,Outdoor,true,,,1,,yes,Rlfpp7_DBmQ,yes,icoachbaseball,,unverified,,,approved,2026-02-23T03:28:42.651266+00:00,"infield-fundamentals#3(progression); infield-fundamentals#9(reinforcement); speed-and-agility-development#6(game_application)",yes
73f5fef2-af64-4577-998d-da854cebb0cf,Crow Hop — Arm Strength and Outfield Throwing,Throwing,throwing,activity,97ceebaf-7b4e-40c7-b681-ebb623b31349,base,,,"short-arming; weak-throws; fielding-flat-footed",3,Intermediate,,8-12,8,12,"teach; progress",,10,,"Baseball; glove; open field",Full Field,Outdoor,true,,,0,,yes,ZMuVnmUY2CI,yes,Ultimate Baseball Training,,unverified,,,approved,2026-02-23T04:46:32.289399+00:00,"throwing-development#4(progression); throwing-development#6(primary); outfield-development#8(primary); outfield-development#10(regression)",yes
b1f220a4-fdc3-4750-810f-b431e0c8a16f,Cutoff Responsibilities by Situation,Team Defense,Cutoffs & relays,activity,b38a7a6a-495e-43f5-a77d-d791c84ce300,advanced,"Line Relay Race — Catch, Turn, Throw [base]; Little League Cuts & Relays System [progression]",,cutoffs-relays,1,Intermediate,3,10-14,10,14,"team_execution; decision",full_team,12,,"baseballs; bases",Full Field,Outdoor,true,7,,1,false,yes,wIU9NdCBBkE,yes,ELITE YOUTH BASEBALL,2026-08-06T18:39:22.410256+00:00,verified 2026-08-06,,ai_expansion_008,approved,2026-08-04T15:36:04.815116+00:00,"outfield-development#9(progression); outfield-development#11(primary)",yes
2f5901d2-ed57-4f6b-9dcc-6d1dc6110ef9,Daily Backhand Series,Fielding (Infield),Backhand fielding,practice_unit,,,,,poor-fielding-footwork,1,Advanced,4,12-14,12,14,"isolate; repetition",individual,10,,"glove; baseballs; cones",Small,Both,false,1,,0,true,yes,IEk4QipiFTY,yes,YouGoProBaseball,2026-08-06T18:39:22.410256+00:00,verified 2026-08-06,,ai_expansion_008,approved,2026-08-04T15:36:04.815116+00:00,infield-fundamentals#9(progression),no
cf43c787-c5f1-4188-9aff-e574b2b08c0a,Deaden & Direct — Bunt Placement Drill,Bunting,Bunt placement,activity,,,,,cant-bunt,1,Intermediate,3,10-14,10,14,"isolate; progress",,8,,"bat; balls; cones or towels as targets",Small,Both,true,,,,,yes,pIx9tM4NKrU,yes,Baseball By The Yard,2026-08-06T18:39:22.410256+00:00,verified 2026-08-06,,ai_expansion_008,approved,2026-08-04T15:36:04.815116+00:00,,yes
daea5efc-42ce-4a83-9f07-a867dd6fbddd,Do-or-Die Charge & Throw,Fielding (Fly Balls),Charging ground balls,activity,,,,,backpedaling-flyballs,1,Advanced,4,12-14,12,14,"progress; game_application",small_group,12,,"baseballs; fungo; bases or target",Full Field,Outdoor,true,3,,1,false,yes,iUdI35veg5E,yes,PowerNet,2026-08-06T18:39:22.410256+00:00,verified 2026-08-06,,ai_expansion_008,approved,2026-08-04T15:36:04.815116+00:00,"throwing-development#10(progression); outfield-development#10(primary); outfield-development#7(progression)",yes
f1bf25fb-0167-4b61-b196-675b2ba14280,Don't Dump the Barrel,Hitting,Hitting,activity,,,,,uppercutting,1,Intermediate,3,9-12,9,12,"isolate; teach",,8,,"Bat; Batting tee; Baseballs",Small,Both,false,,,,,yes,CfnTD3DyEM0,yes,Hitting Done Right,,unverified,,,approved,2026-02-23T03:28:42.651266+00:00,build-the-swing#6(primary),yes
971dccd3-bc0f-4043-9e2d-3417fc6f7361,Double-Play Feeds & Turns,Fielding (Infield),Double plays,activity,,,,,slow-transfer,1,Advanced,4,12-14,12,14,"isolate; progress",,15,,"bases; baseballs; partner",Medium,Outdoor,true,,,,,yes,F0MwVYtimb8,yes,Antonelli Baseball,2026-08-06T18:39:22.410256+00:00,verified 2026-08-06,,ai_expansion_008,approved,2026-08-04T15:36:04.815116+00:00,"infield-fundamentals#11(primary); throwing-development#11(progression)",yes
9847fa60-e5cd-53af-9831-5c6424dfe80c,Drop Ball Drill,Hitting,bat path,activity,,,,,"casting; late-timing; inconsistent-contact",3,Intermediate,3,9-14,9,14,"isolate; repetition",partner,8,,"baseballs or soft-core balls; batting helmet; bat",Small,Both,true,2,,0,true,no,,no,,,no media,,benchcoach_original,approved,2026-09-16T00:35:12.171295+00:00,build-the-swing#8(progression),yes
ab8f57ca-ebf4-49b7-8f08-e62e5dd54a3f,Dynamic Warm-Up with Arm Stretches,Warmup,athletic development,practice_unit,,,,,"cold-arm; throwing-mechanics",2,Beginner,,8-12,8,12,warmup,,5,,None (bodyweight only),Small,Both,false,,,,,yes,JBGAGVgHLq0,yes,Ultimate Baseball Training,,unverified,,,approved,2026-02-23T03:29:20.093053+00:00,,no
09b8ebeb-a43d-40db-b1ae-eaa44e48f82c,EASY Baseball Catch Drill — First Catch Fundamentals,Throwing,throwing,activity,f4986ac3-a7c2-4753-b42d-5051845f5bd9,base,,,"one-hand-catching; poor-fielding-footwork; fear-of-ball",3,Beginner,2,6-9,6,9,"teach; repetition",,8,,"Baseballs; gloves; soft training balls for first-timers",Small,Both,true,,,1,,yes,pPx0lH8Kd3Y,yes,Bay Island Baseball,,unverified,,,approved,2026-02-23T04:46:32.289399+00:00,"infield-fundamentals#2(regression); outfield-development#4(regression)",yes
012241e0-c2ce-4a32-b037-39f90bd35437,Extreme Catch — Progressive Distance Arm Builder,Throwing,throwing,activity,,,,,"weak-throws; throwing-mechanics",2,Beginner,,7-12,7,12,"competition; progress",,8,,"Baseball; gloves; cones to mark distances",Full Field,Outdoor,true,,,0,,yes,YRAjMC5F4sg,yes,YouGotMOJO,,unverified,,,approved,2026-02-23T04:46:32.289399+00:00,"throwing-development#9(reinforcement); outfield-development#8(reinforcement)",yes
1616e0e3-7b22-574b-b8d0-0e1e482ea3cd,"Falling Start — Fall, Then Go",Athletic Development,first-step projection,activity,,,,,slow-first-step,1,Beginner,2,8-12,8,12,"teach; repetition",small_group,6,,None (bodyweight only),Medium,Both,false,1,,1,true,no,,no,,,no media,,benchcoach_original,approved,2026-09-20T17:32:31.666244+00:00,"speed-and-agility-development#2(primary); speed-and-agility-development#3(regression)",yes
c345c3a1-bda3-43f7-b6f3-16e77432ab83,Figure Eight Infield Drill,Fielding (Infield),Fielding (Infield),activity,,,,,"poor-fielding-footwork; fielding-flat-footed",2,Intermediate,3,9-12,9,12,"repetition; progress",station,10,,"Two cones; Glove; Baseballs",Medium,Outdoor,false,1,,0,true,yes,hMdoQ94UxCE,yes,Coach Steinman,,unverified,,,approved,2026-02-23T03:28:42.651266+00:00,infield-fundamentals#3(reinforcement),yes
92366675-97a6-5d04-b3b6-5a2909ce858f,First Base Decision,Baserunning,reading the ball out of the box,activity,,,,,"bad-base-turns; base-awareness",2,Beginner,2,8-13,8,13,"decision; game_application",small_group,10,,"bases; baseballs; batting helmet",Medium,Outdoor,false,1,,1,true,no,,no,,,no media,,benchcoach_original,approved,2026-09-16T00:35:12.171295+00:00,"baserunning-development#2(primary); baserunning-development#10(game_application); baserunning-development#3(reinforcement); speed-and-agility-development#8(reinforcement)",yes
6c2e8d58-e7f0-4727-b561-cb61bca27e25,First Base Footwork & Throw Adjustments,Fielding (Infield),First-base footwork,activity,,,,,first-base-footwork,1,Intermediate,3,9-13,9,13,"isolate; repetition",,10,,"base; baseballs",Medium,Outdoor,true,,,1,,yes,R1sbhgRzneQ,yes,Antonelli Baseball,2026-08-06T18:39:22.410256+00:00,verified 2026-08-06,,ai_expansion_008,approved,2026-08-04T15:36:04.815116+00:00,infield-fundamentals#11(progression),yes
d685834e-1b6a-45ad-b06a-d7cf63447eef,First Base Fundamentals — Finding the Bag & the Stretch,Fielding (Infield),First-base footwork,activity,,,,,first-base-footwork,1,Beginner,2,8-12,8,12,"teach; repetition",,10,,"base; baseballs; first baseman's mitt (optional)",Medium,Outdoor,true,,,,,yes,95B1kSchurQ,yes,Ultimate Baseball Training,2026-08-06T18:39:22.410256+00:00,verified 2026-08-06,,ai_expansion_008,approved,2026-08-04T15:36:04.815116+00:00,infield-fundamentals#11(primary),yes
a559ea0e-7d73-4920-905f-ccb86e117f4e,Flamingo Balance Drill — Single-Leg Stability,Pitching,pitching,activity,,,,,"lunging; balance-leg-lift",2,Beginner,,6-10,6,10,"isolate; warmup",,8,,No equipment needed,Small,Both,false,,,,,yes,ImeXGqKYP7Y,yes,YouGotMOJO,,unverified,,,approved,2026-02-23T03:51:02.966737+00:00,pitching-development#2(regression),yes
3013e235-fd0a-5e1a-82a8-94bd2384f9d4,Fly Ball Confidence Ladder,Fielding (Fly Balls),fly-ball tracking,activity,,,,,fear-fly-balls,1,Beginner,1,6-11,6,11,"warmup; teach; isolate; repetition",partner,8,,"glove; soft-core or tennis balls",Small,Both,true,1,,1,true,no,,no,,,no media,,benchcoach_original,approved,2026-09-15T23:43:14.739904+00:00,"outfield-development#3(primary); outfield-development#4(primary)",yes
29276b7a-fd04-45ff-825d-1d715d384908,Fly Ball Drill with Cones,Fielding (Fly Balls),Fielding (Fly Balls),activity,,,,,backpedaling-flyballs,1,Intermediate,3,9-12,9,12,"teach; repetition",,10,,"cones; glove; balls",Outfield/large,Outdoor,false,,,,,yes,yiG7Lm-Vv28,yes,Dominate The Diamond,,unverified,,,approved,2026-02-23T03:28:42.651266+00:00,"outfield-development#3(reinforcement); outfield-development#5(primary)",yes
0c9a28d6-8fcf-4000-82fa-a1216ed45916,Flyball Communication Drill,Fielding (Fly Balls),Fielding (Fly Balls),activity,,,,,outfield-communication,1,Intermediate,3,9-12,9,12,"teach; team_execution",,12,,"Gloves; Baseballs or soft training balls",Outfield/large,Outdoor,true,,,,,yes,7CbADt5veC0,yes,Dominate The Diamond,,unverified,,,approved,2026-02-23T03:28:42.651266+00:00,outfield-development#6(reinforcement),yes
41ff62cc-fb54-4266-8d0c-083a1c341161,Follow-Through Hold Drill — Finishing Strong,Pitching,pitching,activity,,,,,"no-follow-through-throw; short-arming; throwing-mechanics",3,Beginner,,7-12,7,12,"isolate; teach",,10,,"Baseball; glove; mound or flat ground; catcher or target",Medium,Outdoor,true,,,,,yes,McHb2hXrTrE,yes,ARM Pitching Development,,unverified,,,approved,2026-02-23T03:51:02.966737+00:00,"pitching-development#6(assessment); pitching-development#9(primary)",yes
a663b235-d115-4a52-a9d4-b33ba37e0e2a,Foul Line Throw — First Throw Introduction for Beginners,Throwing,throwing,activity,,,,,"inaccurate-throws; no-follow-through-throw; fear-of-ball; cold-arm",4,Beginner,,6-8,6,8,"teach; warmup",,8,,"Wiffle balls; tennis balls; baseballs (progressive)",Full Field,Outdoor,false,,,1,,yes,YRAjMC5F4sg,yes,YouGotMOJO,,unverified,,,approved,2026-02-23T04:46:32.289399+00:00,throwing-development#1(regression),yes
781605ce-10f5-400c-b7e2-6243915b5da2,Four Cones Ground Ball Drill,Fielding (Infield),fielding,activity,c0facd55-0073-4488-8bd6-74bc884a1afe,space_variant,The Flamingo Drill [base],,"poor-fielding-footwork; fielding-flat-footed",2,Beginner,2,6-12,6,12,"teach; repetition",station,8,,"Baseballs; Gloves; 4 cones",Small,Both,true,2,,1,true,yes,fSTmvPm_77I,yes,Little League,,unverified,,,approved,2026-02-23T03:29:20.093053+00:00,"infield-fundamentals#3(primary); infield-fundamentals#5(reinforcement); outfield-development#7(regression); speed-and-agility-development#9(reinforcement)",yes
ba7e4b8c-ad36-45bd-9b63-b7b354b9d43d,Freeze at Extension Drill,Hitting,Hitting,activity,,,,,,0,Intermediate,3,6-12,6,12,"teach; isolate",,8,,"Bat; Batting tee (optional)",Small,Both,false,,,,,yes,NEfaNRgWJdU,yes,Dominate The Diamond,,unverified,,,approved,2026-02-23T03:28:42.651266+00:00,build-the-swing#7(reinforcement),yes
a50f834a-2912-4b0d-9da2-e6856760b644,Frisbee Drill — Hip Rotation & Finish,Hitting,hitting,activity,,,,,"flying-open; no-hip-lead",2,Beginner,,7-12,7,12,"teach; isolate",,8,,Frisbee or flat disc,Medium,Outdoor,true,,,,,yes,3Xqb7j2BYTU,yes,YouGoProBaseball,,unverified,,,approved,2026-02-23T03:42:23.282295+00:00,"build-the-swing#3(assessment); build-the-swing#5(reinforcement)",yes
eec48dc4-af21-406e-95a2-9db5e22b7596,Front Toss,Hitting,hitting,activity,16bf2b33-90d7-4fdd-8dab-178def87d01c,base,,,"late-timing; pulling-head",2,Beginner,,7-12,7,12,"repetition; progress",small_group,10,,"Baseballs or wiffle balls; Bat; L-screen or net; Bucket",Medium,Both,true,2,,1,true,yes,q7CPS0RYDPM,yes,Ultimate Baseball Training,,unverified,,,approved,2026-02-23T03:42:23.282295+00:00,build-the-swing#8(progression),yes
663dc298-e5f2-4ea8-9d6d-6812e652cf28,Fun Baseball Throwing Drill,Throwing,Throwing,activity,,,,,inaccurate-throws,1,Beginner,2,6-10,6,10,"competition; finish",,8,,"Baseballs; Gloves; Bucket, cone or towel as a target",Medium,Both,true,,,,,yes,cltDRzlLm44,yes,Duke Baxter / Dominate The Diamond,,unverified,,,approved,2026-02-23T03:28:42.651266+00:00,throwing-development#8(regression),yes
267777ed-01d2-4985-a4aa-5a1c41299f11,Fun Fielding Drill for Young Players,Fielding (Infield),fielding,activity,,,,,"one-hand-catching; fear-of-ball; pulling-head; poor-fielding-footwork",4,Beginner,,6-10,6,10,"teach; competition",station,10,,"Baseballs; Gloves; Cones",Small,Both,true,2,,1,true,yes,kOz3WRPiXr8,yes,Antonelli Baseball,,unverified,,,approved,2026-02-23T03:29:20.093053+00:00,"infield-fundamentals#1(reinforcement); infield-fundamentals#2(primary)",yes
ce798b52-883f-4cf3-a6b8-311ef084a1be,Funnel Drill — Correct Arm Path Out of the Glove,Throwing,throwing,activity,e95cc34c-6eb5-417c-974e-e0ecbb779980,base,,,"inconsistent-release; throwing-mechanics",2,Beginner,,7-12,7,12,"isolate; teach",,8,,"Baseball; glove",Medium,Both,true,,,0,,yes,4NOo7JSK6eA,yes,Dan Blewett,,unverified,,,approved,2026-02-23T04:46:32.289399+00:00,throwing-development#2(primary),yes
808e703f-d60e-4a0b-8cbd-845bcb4cc1bb,Game-Speed Reaction Blocking,Catching,Blocking,activity,,,,,catcher-blocking,1,Advanced,4,12-16,12,16,"progress; game_application",,15,,"catcher's gear; baseballs; pitching machine (optional)",Small,Both,true,,,,,yes,n8OCrOmbTBU,yes,Catching IQ,2026-08-06T18:39:22.410256+00:00,verified 2026-08-06,,ai_expansion_008,approved,2026-08-04T15:36:04.815116+00:00,"catching-development#4(primary); speed-and-agility-development#7(game_application)",yes
91bc52cf-a234-4ad3-97a6-6df6038c752c,Game-Speed Rundown Execution,Team Defense,Rundowns,activity,ced192f0-32a9-4137-b521-f22b4822d782,advanced,"Two-Base Pickle Drill [base]; Calm Rundowns — Push Back, Follow Your Throw [progression]",,rundowns,1,Advanced,4,12-16,12,16,"competition; game_application",,20,,"bases; baseballs; fast runners",Medium,Outdoor,true,,,,,yes,OAbBekHAk_g,yes,Antonelli Baseball,2026-08-06T18:39:22.410256+00:00,verified 2026-08-06,,ai_expansion_008,approved,2026-08-04T15:36:04.815116+00:00,,yes
b1c3653c-82a0-446e-a9cb-0dd5ebf09864,Glove-Side Pull Drill — Front Side Control,Pitching,pitching,activity,,,,,"throwing-mechanics; no-hip-lead",2,Intermediate,,8-12,8,12,"isolate; teach",,10,,"Baseball; glove; flat ground or mound; catcher or target",Medium,Outdoor,true,,,,,yes,4NOo7JSK6eA,yes,Dan Blewett,,unverified,,,approved,2026-02-23T03:51:02.966737+00:00,"pitching-development#6(primary); pitching-development#9(regression)",yes
2578d426-2185-5a9c-a8bb-cb56c12e6c65,Grip Check — Find It Without Looking,Hitting,grip,activity,,,,,rolling-over,1,Beginner,1,6-14,6,14,"teach; repetition",station,3,,bat,Small,Both,false,1,,1,true,no,,no,,,no media,,benchcoach_original,approved,2026-09-17T07:06:03.750727+00:00,build-the-swing#2(primary),yes
fbbe6484-8b9d-486b-839e-23114e600c77,Groundball Transfer Catch,Fielding (Infield),Fielding (Infield),activity,,,,,slow-transfer,1,Intermediate,3,6-12,6,12,"isolate; repetition",,10,,"Gloves; Baseballs",Medium,Outdoor,true,,,,,no,,no,Various,,no media,,,approved,2026-02-23T03:28:42.651266+00:00,"infield-fundamentals#6(primary); throwing-development#7(reinforcement)",yes
f3ca0dde-8e0c-56f3-8791-29c0e51045f2,"Grounder to First, Pitcher Covers",Team Defense,pitcher covering first,activity,,,,,first-base-footwork,1,Intermediate,3,9-14,9,14,"team_execution; game_application",full_team,12,,"gloves; baseballs; bases",Medium,Outdoor,false,3,,1,false,no,,no,,,no media,,benchcoach_original,approved,2026-09-16T00:35:12.171295+00:00,"infield-fundamentals#11(game_application); throwing-development#11(game_application)",yes
5381544c-f5e5-4e30-a9e8-fe049a090a07,Happy Gilmore / Walking Load Drill,Hitting,hitting,activity,,,,,"late-timing; inconsistent-contact; flying-open",3,Intermediate,,8-12,8,12,"isolate; progress",,10,,"Batting tee; bat; baseballs; net or cage",Medium,Both,false,,,,,yes,3Xqb7j2BYTU,yes,YouGoProBaseball,,unverified,,,approved,2026-02-23T03:42:23.282295+00:00,build-the-swing#5(progression),yes
e4309ffb-fa02-4c6d-ac87-a6580e8c5bff,High Five Drill — Elbow Up Arm Path Correction,Throwing,throwing,activity,,,,,"throwing-mechanics; low-arm-slot",2,Beginner,,6-10,6,10,"teach; isolate",,5,,"Baseball; glove",Small,Both,true,,,1,,yes,4NOo7JSK6eA,yes,Dan Blewett,,unverified,,,approved,2026-02-23T04:46:32.289399+00:00,throwing-development#2(regression),yes
037c8a5a-327f-42cf-a2a1-bd550fed9e68,High Tee,Hitting,hitting,activity,f247a2ff-0dda-41ea-afec-cbe7e1f3ac19,base,High Tee Drill — Hitting Up in the Zone [progression],,"late-timing; casting",2,Intermediate,,8-12,8,12,"isolate; repetition",,10,,"Batting tee; bat; balls",Small,Both,false,,,,,yes,77r6mWAUecA,yes,Dominate the Diamond,,unverified,,,approved,2026-02-23T03:42:23.282295+00:00,build-the-swing#9(primary),yes
ba88a3cd-b2ae-430b-bd5e-d06c53f58838,High Tee Drill — Hitting Up in the Zone,Hitting,hitting,activity,f247a2ff-0dda-41ea-afec-cbe7e1f3ac19,progression,High Tee [base],,"casting; late-timing",2,Intermediate,,8-12,8,12,"isolate; progress",,10,,"Adjustable batting tee (set to high position); bat; baseballs",Small,Both,false,,,,,yes,77r6mWAUecA,yes,Dominate the Diamond,,unverified,,,approved,2026-02-23T03:42:23.282295+00:00,build-the-swing#9(assessment),yes
e5d28c39-30b0-48fd-9534-8a43cd8154db,Hip Lead Drill,Pitching,pitching,activity,,,,,"lunging; no-hip-lead",2,Intermediate,,8-12,8,12,"isolate; teach",,8,,"Baseball; glove",Medium,Both,true,,,,,yes,4NOo7JSK6eA,yes,Dan Blewett,,unverified,,,approved,2026-02-23T03:51:02.966737+00:00,pitching-development#4(primary),yes
b3534518-f0df-4f30-8378-0b7d084e5fb9,Infield Throwing Drill,Fielding (Infield),Fielding (Infield),activity,,,,,slow-transfer,1,Intermediate,3,9-12,9,12,"progress; game_application",,10,,"Gloves; Baseballs; Base or target; Fungo (optional)",Medium,Outdoor,false,,,,,yes,98cZlSjRkw8,yes,icoachbaseball,,unverified,,,approved,2026-02-23T03:28:42.651266+00:00,"infield-fundamentals#7(assessment); throwing-development#10(primary)",yes
7ae1f28a-6e16-4163-b481-1b89226397eb,Infield/Outfield Priority Drill,Fielding (Fly Balls),Communication,activity,,,,,outfield-communication,1,Intermediate,3,9-13,9,13,"teach; team_execution",,8,,"baseballs; fungo",Full Field,Outdoor,true,,,,,yes,5q3b9m2ERho,yes,American Baseball Coaches Association (ABCA),2026-08-06T18:39:22.410256+00:00,verified 2026-08-06,,ai_expansion_008,approved,2026-08-04T15:36:04.815116+00:00,"outfield-development#6(progression); outfield-development#11(reinforcement)",yes
55afb864-a8b0-496c-9b08-3e6805c7902d,Inside-Out Swing Drill (Fence Drill),Hitting,hitting,activity,,,,,"casting; rolling-over",2,Intermediate,3,8-12,8,12,"isolate; teach",individual,8,,"Bat only; fence or backstop",Small,Outdoor,false,1,,0,true,yes,9XkdpzNrswo,yes,Ripken Baseball,,unverified,,,approved,2026-02-23T03:42:23.282295+00:00,build-the-swing#6(reinforcement),yes
5529fc55-1feb-5464-8f29-dc4397f0cb46,Jump Rope Rhythm — Sixty Seconds of Springs,Athletic Development,rhythmic ground contact,activity,,,,,,0,Beginner,2,8-12,8,12,"warmup; repetition",individual,5,,Jump rope,Small,Both,false,1,,1,true,no,,no,,,no media,,benchcoach_original,approved,2026-09-20T17:33:35.345141+00:00,speed-and-agility-development#4(reinforcement),yes
8f19ecd6-4892-46be-9f0c-b1aef17a86d6,Knee Drill (Rotational Load),Hitting,hitting,activity,,,,,"rolling-over; casting",2,Intermediate,,8-12,8,12,"isolate; teach",,10,,"Batting tee; bat; baseballs; net",Small,Both,false,,,,,yes,77r6mWAUecA,yes,Dominate the Diamond,,unverified,,,approved,2026-02-23T03:42:23.282295+00:00,,yes
94124e82-c8f2-411b-9daa-f0a1a176663e,Kneel-Down (Wrist Snap) Drill — Release Point & Backspin,Pitching,pitching,activity,,,,,"no-wrist-snap; throwing-mechanics; inconsistent-release",3,Beginner,,6-10,6,10,"isolate; teach",,8,,"Baseball; glove; partner or net",Small,Both,true,,,,,yes,McHb2hXrTrE,yes,ARM Pitching Development,,unverified,,,approved,2026-02-23T03:51:02.966737+00:00,"pitching-development#7(reinforcement); pitching-development#8(regression)",yes
6759598d-9bfc-47b2-91f1-31c77fc97cb5,Kneel-Down Throw — Isolating Upper Body and Wrist Snap,Throwing,throwing,activity,,,,,"no-wrist-snap; barring-arm; cold-arm; throwing-mechanics",4,Beginner,,6-10,6,10,"isolate; teach",,8,,"Baseball; glove; partner",Small,Both,true,,,0,,yes,77r6mWAUecA,yes,Dominate the Diamond,,unverified,,,approved,2026-02-23T04:46:32.289399+00:00,"throwing-development#2(primary); throwing-development#4(regression)",yes
7a2a344c-b2d7-4bf6-b0a2-e1dec8d835ab,Line Drive Pro / Visual Feedback Swing Drill,Hitting,hitting,activity,,,,,"inconsistent-contact; uppercutting",2,Intermediate,3,8-12,8,12,"isolate; repetition",,8,,"Line Drive Pro trainer (or tennis ball on tee); bat; net",Small,Both,false,,,,,yes,UeJpXF55kvs,yes,YouGoProBaseball,,unverified,,,approved,2026-02-23T03:42:23.282295+00:00,build-the-swing#6(assessment),yes
ef98c922-d86a-46ea-913c-903b41c8ba2e,"Line Relay Race — Catch, Turn, Throw",Team Defense,Cutoffs & relays,activity,b38a7a6a-495e-43f5-a77d-d791c84ce300,base,"Little League Cuts & Relays System [progression]; Cutoff Responsibilities by Situation [advanced]",,cutoffs-relays,1,Beginner,2,8-13,8,13,"competition; repetition",small_group,10,,"baseballs; cones",Medium,Outdoor,true,6,,1,true,yes,YipF1W7BDJM,yes,PowerNet,2026-08-06T18:39:22.410256+00:00,verified 2026-08-06,,ai_expansion_008,approved,2026-08-04T15:36:04.815116+00:00,"throwing-development#11(primary); outfield-development#9(primary)",yes
37f0c306-4c6c-4fa6-8491-96fa90893be9,Little League Cuts & Relays System,Team Defense,Cutoffs & relays,activity,b38a7a6a-495e-43f5-a77d-d791c84ce300,progression,"Line Relay Race — Catch, Turn, Throw [base]; Cutoff Responsibilities by Situation [advanced]",,cutoffs-relays,1,Beginner,2,8-12,8,12,team_execution,full_team,15,,"baseballs; bases; cones",Full Field,Outdoor,true,7,,1,false,yes,Yle6R1-flA8,yes,Dominate The Diamond,2026-08-06T18:39:22.410256+00:00,verified 2026-08-06,,ai_expansion_008,approved,2026-08-04T15:36:04.815116+00:00,outfield-development#9(primary),yes
31af2888-b541-479e-8a0f-78bcb528ea17,Load to Launch Drill,Hitting,Hitting,activity,,,,,lunging,1,Intermediate,3,9-12,9,12,"teach; isolate",,8,,"Bat; Batting tee (optional)",Small,Both,false,,,,,yes,8t_2jHXCdaI,yes,Hitting Done Right,,unverified,,,approved,2026-02-23T03:28:42.651266+00:00,build-the-swing#4(primary),yes
3f2af696-fe22-4fb6-936f-fefe7d86681a,Long Toss,Throwing,throwing,activity,770a5e11-bc25-4641-b73d-8155afdb48fc,base,Long Toss Progression — Building Arm Strength Safely [progression],,"cold-arm; arm-fatigue",2,Intermediate,,9-12,9,12,"isolate; progress",,10,,"Baseballs; gloves",Full Field,Outdoor,true,,,1,,yes,4NOo7JSK6eA,yes,Dan Blewett,,unverified,,,approved,2026-02-23T04:46:32.289399+00:00,"throwing-development#9(primary); outfield-development#8(reinforcement)",yes
2b5adf22-f8b1-4cfe-87e9-fe7ec1a1957e,Long Toss Progression — Building Arm Strength Safely,Throwing,throwing,activity,770a5e11-bc25-4641-b73d-8155afdb48fc,progression,Long Toss [base],,"cold-arm; arm-fatigue; weak-throws",3,Intermediate,,9-12,9,12,"isolate; progress",,10,,"Baseballs; gloves; open field with 150+ feet of space",Full Field,Outdoor,true,,,1,,yes,4NOo7JSK6eA,yes,Dan Blewett,,unverified,,,approved,2026-02-23T04:46:32.289399+00:00,throwing-development#9(progression),yes
e597ce36-5625-42f2-a378-30052499bb18,Low Tee,Hitting,hitting,activity,,,,,uppercutting,1,Intermediate,3,8-12,8,12,"isolate; repetition",,8,,"Batting tee; bat; balls",Small,Both,false,,,,,yes,q7CPS0RYDPM,yes,Ultimate Baseball Training,,unverified,,,approved,2026-02-23T03:42:23.282295+00:00,build-the-swing#9(primary),yes
62b2ed36-03da-4e9d-a424-1d94620fde7d,Machine-Fed Relay Sequences at Game Speed,Team Defense,Cutoffs & relays,activity,,,,,cutoffs-relays,1,Advanced,4,13-16,13,16,"team_execution; competition",,20,,"pitching machine or fungo; baseballs; bases",Full Field,Outdoor,true,,,2,,yes,TJXQiYdueQc,yes,ATEC Sports,2026-08-06T18:39:22.410256+00:00,verified 2026-08-06,,ai_expansion_008,approved,2026-08-04T15:36:04.815116+00:00,"outfield-development#9(progression); outfield-development#11(game_application)",yes
ee6aa905-1e2c-4f96-8eff-4dc22fc01d4f,Mini Wiffle Ball & Skinny Bat Drill,Hitting,hitting,activity,,,,,"inconsistent-contact; pulling-head",2,Intermediate,3,7-12,7,12,"isolate; competition",,8,,"Mini wiffle balls (golf ball sized); skinny barrel training bat",Small,Both,true,,,,,yes,UeJpXF55kvs,yes,YouGoProBaseball,,unverified,,,approved,2026-02-23T03:42:23.282295+00:00,build-the-swing#8(assessment),yes
f2607eaa-5913-5f14-83af-216928542e22,Mirror Drill — Match the Leader,Athletic Development,reactive agility,activity,,,,,,0,Intermediate,3,8-12,8,12,"repetition; competition",partner,6,,Cones or markers,Small,Both,true,2,,1,true,no,,no,,,no media,,benchcoach_original,approved,2026-09-20T17:38:06.18236+00:00,"speed-and-agility-development#7(primary); speed-and-agility-development#10(game_application)",yes
5f398d5c-6377-4119-b5b7-99b81f4b8028,MLB-Style Receiving & Framing Circuit,Catching,Receiving,practice_unit,,,,,catcher-receiving,1,Intermediate,3,9-14,9,14,"isolate; repetition",,15,,"catcher's mitt; baseballs; catcher's gear",Small,Both,true,,,,,yes,Z1erh6UVR_w,yes,YouGoProBaseball,2026-08-06T18:39:22.410256+00:00,verified 2026-08-06,,ai_expansion_008,approved,2026-08-04T15:36:04.815116+00:00,"catching-development#2(primary); catching-development#6(regression)",no
07a59bb9-1b7c-554a-a1f1-98f4af671e21,On the Run,Fielding (Fly Balls),catching on the move,activity,,,,,backpedaling-flyballs,1,Intermediate,3,9-14,9,14,"repetition; progress",station,10,,"glove; baseballs",Full field,Outdoor,false,1,,1,true,no,,no,,,no media,,benchcoach_original,approved,2026-09-16T00:35:12.171295+00:00,"outfield-development#2(progression); outfield-development#3(progression); outfield-development#5(primary); outfield-development#1(reinforcement); speed-and-agility-development#9(game_application)",yes
0e5e88b4-7b3c-4325-b658-179e638a8c24,One Hand Drill,Hitting,hitting,activity,0ca15713-64e1-4c3c-96ba-1ea78374e63f,base,"One-Hand Tee Drill (Bottom Hand) [regression]; One-Hand Tee Drill (Top Hand) [progression]",,"inconsistent-contact; rolling-over",2,Intermediate,,8-12,8,12,"isolate; teach",,8,,"Batting tee; Lighter or shorter training bat; Baseballs or wiffle balls; Net",Small,Both,false,,,,,yes,9XkdpzNrswo,yes,Ripken Baseball,,unverified,,,approved,2026-02-23T03:42:23.282295+00:00,build-the-swing#6(reinforcement),yes
09efef50-4077-4e64-80cc-e7d31a8aaa23,One-Hand Tee Drill (Bottom Hand),Hitting,hitting,activity,0ca15713-64e1-4c3c-96ba-1ea78374e63f,regression,"One Hand Drill [base]; One-Hand Tee Drill (Top Hand) [progression]",,"casting; barring-arm",2,Intermediate,,8-12,8,12,"isolate; teach",,10,,"Batting tee; one-hand training bat or short bat; baseballs",Small,Both,false,,,0,,yes,9XkdpzNrswo,yes,Ripken Baseball,,unverified,,,approved,2026-02-23T03:42:23.282295+00:00,build-the-swing#6(regression),yes
0ddcfd4a-2520-4d3a-ae98-b647bf07c49b,One-Hand Tee Drill (Top Hand),Hitting,hitting,activity,0ca15713-64e1-4c3c-96ba-1ea78374e63f,progression,"One-Hand Tee Drill (Bottom Hand) [regression]; One Hand Drill [base]",,"uppercutting; casting; rolling-over",3,Intermediate,2,8-12,8,12,"isolate; repetition",station,8,,"Batting tee; one-hand training bat or short bat; baseballs",Small,Both,false,1,,0,true,yes,9XkdpzNrswo,yes,Ripken Baseball,,unverified,,,approved,2026-02-23T03:42:23.282295+00:00,build-the-swing#6(progression),yes
478cb186-6370-494d-b94a-47136344ccd8,One-Knee Receiving — Advanced Framing Setup,Catching,Receiving,practice_unit,,,,,catcher-receiving,1,Advanced,4,12-16,12,16,"isolate; progress",,15,,"catcher's mitt; baseballs; catcher's gear; pitching machine (optional)",Small,Both,true,,,,,yes,yJxiRn88Ms0,yes,YouGoProBaseball,2026-08-06T18:39:22.410256+00:00,verified 2026-08-06,,ai_expansion_008,approved,2026-08-04T15:36:04.815116+00:00,catching-development#6(primary),no
769ab66e-93c9-41bb-8519-91bd3e0ab186,Oppo Tee & Toss — Stay Inside the Ball,Hitting,Situational hitting,activity,,,,,no-situational-hitting,1,Intermediate,3,10-14,10,14,"isolate; game_application",,10,,"bat; tee; balls; net",Small,Both,false,,,,,yes,OhWNIpPlcgA,yes,Pro Speed Baseball,2026-08-06T18:39:22.410256+00:00,verified 2026-08-06,,ai_expansion_008,approved,2026-08-04T15:36:04.815116+00:00,build-the-swing#9(progression),yes
744a47da-ef0c-42b0-b961-1175aaad42d9,Outfield Drop Step Drill,Fielding (Fly Balls),fielding,activity,5b21bbb3-d6f5-4301-8753-b52e252e764b,base,,,"slow-first-step; backpedaling-flyballs",2,Intermediate,,7-12,7,12,"isolate; repetition",small_group,8,,"Baseballs; Gloves",Medium,Outdoor,true,2,,1,true,yes,qvwkdxepqTk,yes,Ripken Baseball,,unverified,,,approved,2026-02-23T03:29:20.093053+00:00,"outfield-development#1(reinforcement); outfield-development#2(primary); outfield-development#5(regression); speed-and-agility-development#9(primary)",yes
726384a7-dacf-440b-8b42-381843a01722,Over-Under — Two Ways to Throw and Catch,Throwing,throwing,activity,,,,,one-hand-catching,1,Beginner,,6-10,6,10,"teach; repetition",,5,,"Baseballs; gloves",Small,Both,true,,,,,yes,YRAjMC5F4sg,yes,YouGotMOJO,,unverified,,,approved,2026-02-23T04:46:32.289399+00:00,throwing-development#5(progression),yes
40b34435-fd5f-4263-ae2f-b53083ce4531,Overload/Underload Bat Speed Progression,Hitting,Bat speed,practice_unit,,,,,late-timing,1,Advanced,4,11-14,11,14,"isolate; progress",,20,,"standard bat; heavier training bat; lighter training bat; tee; balls",Small,Both,false,,,,,yes,Oz1oGdb0n-8,yes,Hitting Done Right - HDR,2026-08-06T18:39:22.410256+00:00,verified 2026-08-06,,ai_expansion_008,approved,2026-08-04T15:36:04.815116+00:00,,no
5b5b59e9-4906-4ba5-ad8b-1e9608041ef5,Partner Catch,Throwing,throwing,activity,,,,,"throwing-mechanics; inaccurate-throws",2,Beginner,,6-12,6,12,"warmup; repetition",partner,8,,"Baseballs; gloves",Medium,Both,true,2,,0,true,yes,77r6mWAUecA,yes,Dominate the Diamond,,unverified,,,approved,2026-02-23T04:46:32.289399+00:00,throwing-development#5(primary),yes
31f82124-8e4f-59dc-8784-f76352941194,Pick Your Hop — Read It and Move to It,Fielding (Infield),reading hops,activity,,,,,"poor-fielding-footwork; fielding-flat-footed",2,Intermediate,3,9-14,9,14,"teach; isolate; decision",station,12,,"glove; baseballs or soft-core balls",Medium,Both,false,1,,1,true,no,,no,,,no media,,benchcoach_original,approved,2026-09-17T07:06:03.750727+00:00,infield-fundamentals#4(primary),yes
659297d9-4463-5451-8263-93aaba0862ff,Plant and Go — The 45-Degree Cut,Athletic Development,cutting mechanics,activity,,,,,,0,Intermediate,3,8-12,8,12,"teach; repetition",small_group,7,,Cones or markers,Medium,Outdoor,false,1,,1,true,no,,no,,,no media,,benchcoach_original,approved,2026-09-20T17:38:06.18236+00:00,speed-and-agility-development#6(primary),yes
5f9863fe-a96a-5052-b4a7-d68e26e03d8b,"Pogo Jumps — Quick, Quiet Contacts",Athletic Development,elastic ground contact,activity,,,,,,0,Intermediate,3,8-12,8,12,"warmup; teach; isolate",small_group,5,,None (bodyweight only),Small,Both,false,1,,1,true,no,,no,,,no media,,benchcoach_original,approved,2026-09-20T17:33:35.345141+00:00,speed-and-agility-development#4(primary),yes
50087451-2665-4c78-b968-ca56e9ceec3b,Point-and-Go Glove Drill — Align Your Body to the Target,Throwing,throwing,activity,,,,,inaccurate-throws,1,Beginner,,6-10,6,10,"teach; isolate",,5,,"Baseball; glove",Small,Both,true,,,1,,yes,YRAjMC5F4sg,yes,YouGotMOJO,,unverified,,,approved,2026-02-23T04:46:32.289399+00:00,"infield-fundamentals#7(reinforcement); throwing-development#3(primary)",yes
9335a346-33a3-4bd1-b65c-2664f9c7fcfb,Pop-Up Slide — Slide and Advance,Baserunning,Sliding,activity,57ebfb11-f1b0-4877-b171-4d090df0a020,progression,Bent-Leg Slide Basics — The Right Way to Slide [base],,cant-slide,1,Advanced,4,11-14,11,14,progress,small_group,12,,"base; grass or dirt sliding area",Medium,Outdoor,false,1,,1,true,yes,wMZkEfiFBxc,yes,CoachUp,2026-08-06T18:39:22.410256+00:00,verified 2026-08-06,,ai_expansion_008,approved,2026-08-04T15:36:04.815116+00:00,baserunning-development#5(primary),yes
b67499b8-314b-415f-a789-c0b90f1f9a3f,Post-Throwing Recovery Routine,Arm Care,Recovery,practice_unit,,,,,arm-fatigue,1,Intermediate,3,10-14,10,14,finish,,15,,"light bands; open space",Small,Both,false,,,,,yes,EunHAooYktE,yes,ARM Pitching Development,2026-08-06T18:39:22.410256+00:00,verified 2026-08-06,,ai_expansion_008,approved,2026-08-04T15:36:04.815116+00:00,"throwing-development#9(reinforcement); pitching-development#1(reinforcement)",no
4106c25c-beeb-4d11-b1aa-eb9aa85978ae,"Pro Base-Stealing Package — Leads, Reads & Jumps",Baserunning,Base stealing,practice_unit,,,,,base-stealing,1,Advanced,4,11-15,11,15,"progress; decision",,15,,"bases; live pitcher or coach on mound; stopwatch",Full Field,Outdoor,true,,,,,yes,iZK-Rtp1bv4,yes,Dominate The Diamond,2026-08-06T18:39:22.410256+00:00,verified 2026-08-06,,ai_expansion_008,approved,2026-08-04T15:36:04.815116+00:00,"baserunning-development#7(progression); baserunning-development#6(primary)",no
3e15ab9d-f443-5a82-87df-8c4cc418c2e6,Progressive Tag Up,Baserunning,tagging up,activity,,,,,base-awareness,1,Intermediate,3,8-14,8,14,"decision; team_execution; game_application",small_group,10,,"bases; baseballs; gloves; batting helmet",Medium,Outdoor,false,2,,1,true,no,,no,,,no media,,benchcoach_original,approved,2026-09-16T00:35:12.171295+00:00,"baserunning-development#8(primary); baserunning-development#10(reinforcement)",yes
9fea10f7-efb9-4006-bce8-7a6109bb7fbe,Protect the Castle,Fielding (Infield),ground-ball fielding,activity,f2a7e03a-e60b-40ce-9b0f-50a4a52ea593,base,Protect the Castle + Throw [progression],,"poor-fielding-footwork; fielding-flat-footed",2,Beginner,2,6-10,6,10,"repetition; competition",station,8,,"glove; baseballs; cone or bucket for the castle",Small,Both,false,1,,1,true,no,,no,,,no media,,benchcoach_original,approved,2026-09-07T17:49:38.021458+00:00,infield-fundamentals#9(primary),yes
6b13a4df-dc75-417f-89db-578fe99bdf44,Protect the Castle + Throw,Fielding (Infield),ground-ball fielding,activity,f2a7e03a-e60b-40ce-9b0f-50a4a52ea593,progression,Protect the Castle [base],,"poor-fielding-footwork; inaccurate-throws",2,Advanced,3,8-11,8,11,"progress; game_application; competition",station,10,,"glove; baseballs; cone or bucket for the castle; target or base",Medium,Both,false,1,,1,true,no,,no,,,no media,,benchcoach_original,approved,2026-09-07T17:49:38.021458+00:00,infield-fundamentals#8(primary),yes
9e9405f3-80fb-4ad6-928c-e7749be5e0f6,PVC Pipe Hip Rotation Drill,Hitting,hitting,activity,,,,,"lunging; flying-open",2,Beginner,,7-12,7,12,"teach; isolate",,8,,PVC pipe or dowel rod,Small,Both,false,,,,,yes,UeJpXF55kvs,yes,YouGoProBaseball,,unverified,,,approved,2026-02-23T03:42:23.282295+00:00,"build-the-swing#1(assessment); build-the-swing#5(primary)",yes
5abc9df7-d4ad-40d3-b95e-2eb275e82710,PVC Posture Drill,Hitting,Hitting,activity,,,,,loses-posture,1,Intermediate,3,9-12,9,12,"teach; isolate",,8,,"PVC pipe or dowel rod; Bat",Small,Both,false,,,,,yes,p7B12g_o4pQ,yes,Hitting Done Right,,unverified,,,approved,2026-02-23T03:28:42.651266+00:00,build-the-swing#9(regression),yes
e40632d7-5ffb-42e9-9652-bd9a49e68ff5,Quick Hands Drill,Throwing,throwing,activity,,,,,"late-timing; slow-transfer",2,Intermediate,,8-12,8,12,"isolate; repetition",,5,,"Baseball; glove",Small,Both,true,,,0,,yes,4NOo7JSK6eA,yes,Dan Blewett,,unverified,,,approved,2026-02-23T04:46:32.289399+00:00,"infield-fundamentals#6(reinforcement); throwing-development#7(primary)",yes
84930859-7689-4f1f-a9ba-5e71b4991af9,Quick Hands Quick Feet — Fast Transfer Drill,Throwing,throwing,activity,,,,,slow-transfer,1,Intermediate,,8-12,8,12,"isolate; repetition",partner,5,,"Baseball; glove",Small,Both,true,2,,0,true,yes,4NOo7JSK6eA,yes,Dan Blewett,,unverified,,,approved,2026-02-23T04:46:32.289399+00:00,"infield-fundamentals#6(progression); throwing-development#7(primary); catching-development#5(regression)",yes
cbca594c-d568-506d-86b7-7fa21fa29493,Reaction Start — Go On the Signal,Athletic Development,first-step reaction,activity,,,,,slow-first-step,1,Intermediate,3,8-12,8,12,"teach; repetition; decision",small_group,7,,Cones or markers,Medium,Both,false,1,,1,true,no,,no,,,no media,,benchcoach_original,approved,2026-09-20T17:33:35.345141+00:00,"speed-and-agility-development#3(primary); speed-and-agility-development#7(regression)",yes
cef00f99-1829-5dab-aec0-73162ccdd91b,Ready and Go — Outfield First Step,Fielding (Fly Balls),pre-pitch ready position,activity,,,,,slow-first-step,1,Beginner,2,8-14,8,14,"teach; repetition",station,10,,"glove; baseballs",Medium,Outdoor,false,1,,1,true,no,,no,,,no media,,benchcoach_original,approved,2026-09-17T07:06:03.750727+00:00,"outfield-development#1(primary); speed-and-agility-development#3(game_application); speed-and-agility-development#9(primary)",yes
2f3326af-9848-534e-9cc2-3d0f628c1162,Recovery Drill,Fielding (Infield),recovery after a misplay,activity,,,,,"poor-fielding-footwork; slow-transfer",2,Intermediate,3,9-14,9,14,"repetition; decision; game_application",station,10,,"glove; baseballs",Medium,Both,false,1,,1,true,no,,no,,,no media,,benchcoach_original,approved,2026-09-16T00:35:12.171295+00:00,"infield-fundamentals#10(primary); infield-fundamentals#4(primary)",yes
4cd55f36-4ac8-447a-9633-936c9b1f6c22,Ripken Soft Toss Drill,Soft Toss,Soft Toss,activity,,,,,"casting; lunging",2,Intermediate,3,6-12,6,12,"isolate; teach",,8,,"Baseballs or wiffle balls; Bat; Net",Small,Both,true,,,,,yes,TZ9CQUmPjn8,yes,Ripken Baseball,,unverified,,,approved,2026-02-23T03:28:42.651266+00:00,build-the-swing#8(reinforcement),yes
93566e0d-787f-5c3c-b479-a6a9d84ddbf1,Routine Outfield Ground Ball — Field It and Come Up Throwing,Fielding (Fly Balls),routine outfield ground ball,activity,,,,,poor-fielding-footwork,1,Beginner,2,8-14,8,14,"teach; repetition; decision",station,12,,"glove; baseballs; a cut-off target or cone",Medium,Outdoor,false,2,,1,true,no,,no,,,no media,,benchcoach_original,approved,2026-09-17T07:06:03.750727+00:00,outfield-development#7(primary),yes
2ac95ee1-db4f-4ab1-b2ec-569a5419b6ef,Second Baseman Flip/Throw Combo,Throwing,Throwing,activity,,,,,slow-transfer,1,Intermediate,3,9-12,9,12,"isolate; repetition",,8,,"Baseballs; Gloves",Medium,Both,true,,,,,yes,6QIt-cYXL4s,yes,Duke Baxter / Dominate The Diamond,,unverified,,,approved,2026-02-23T03:28:42.651266+00:00,"infield-fundamentals#11(reinforcement); throwing-development#6(reinforcement); throwing-development#11(primary)",yes
b9bb75c7-9ed0-47ee-9d11-2de953510027,Secondary Lead & Delayed Steal,Baserunning,Base stealing,activity,,,,,base-stealing,1,Intermediate,3,10-14,10,14,"teach; game_application",,8,,bases,Medium,Outdoor,false,,,,,yes,SXfbP6x3iXI,yes,YouGoProBaseball,2026-08-06T18:39:22.410256+00:00,verified 2026-08-06,,ai_expansion_008,approved,2026-08-04T15:36:04.815116+00:00,"baserunning-development#7(regression); baserunning-development#9(regression); baserunning-development#6(primary); speed-and-agility-development#8(progression)",yes
f1e620a8-1016-4097-b104-502ddcab967a,Selfies Solo Rebounder — Build Reps Without a Partner,Throwing,throwing,activity,4cae3cc9-c6db-4e13-a03a-5f8238aad2c4,progression,"Wall Ball [base]; Wall Ball Solo Drill — Partner-Free Mechanics Builder [progression]",,slow-transfer,1,Beginner,,7-12,7,12,repetition,individual,8,,"Baseball; glove; rebounder net or wall",Small,Both,false,1,,0,true,yes,YRAjMC5F4sg,yes,YouGotMOJO,,unverified,,,approved,2026-02-23T04:46:32.289399+00:00,throwing-development#7(reinforcement),yes
4148cfe0-4a27-4abc-a754-dcd5f2544f0e,Shoulder Swings — Stay Short to the Ball,Hitting,hitting,activity,,,,,"casting; late-timing; barring-arm",3,Beginner,,7-12,7,12,"isolate; teach",,8,,Bat only (no ball needed),Small,Both,false,,,0,,yes,3Xqb7j2BYTU,yes,YouGoProBaseball,,unverified,,,approved,2026-02-23T03:42:23.282295+00:00,build-the-swing#6(primary),yes
84055cae-fcec-55bd-85dd-6945f1489017,Shuffle to Sprint — Open the Hips and Go,Athletic Development,change of direction,activity,,,,,,0,Intermediate,3,8-12,8,12,"teach; repetition; decision",small_group,7,,Cones or markers,Medium,Both,false,1,,1,true,no,,no,,,no media,,benchcoach_original,approved,2026-09-20T17:34:08.956129+00:00,speed-and-agility-development#6(primary),yes
35a5e10e-9713-4887-ad07-030b421db06f,Simple Base Running Drills for Youth Practice,Baserunning,baserunning,activity,,,,,"bad-base-turns; base-awareness; slow-first-step; fielding-flat-footed",4,Beginner,,6-12,6,12,"teach; repetition",,10,,"Bases or cones; Full baseball field or open area",Full Field,Outdoor,true,,,,,yes,hdyY3AoSkyk,yes,Dominate the Diamond,,unverified,,,approved,2026-02-23T03:29:20.093053+00:00,"baserunning-development#3(reinforcement); baserunning-development#6(regression); baserunning-development#1(reinforcement); speed-and-agility-development#8(reinforcement)",yes
4e1975e2-eb6b-49a8-9d29-0b9d0afd2f68,Simple Throwing Progressions,Throwing,Throwing,practice_unit,,,,,throwing-mechanics,1,Beginner,2,6-10,6,10,"teach; repetition",,8,,baseballs,Medium,Both,true,,,,,yes,LtzwCrthlTY,yes,Various,,unverified,,,approved,2026-02-23T03:28:42.651266+00:00,"throwing-development#1(primary); throwing-development#3(reinforcement)",no
282be624-51e9-4a06-ab37-7646b0a3da8b,Sliding Practice Stations,Baserunning,Sliding,activity,,,,,cant-slide,1,Intermediate,3,9-13,9,13,repetition,,10,,"sliding mat or grass area; loose bases",Medium,Both,false,,,,,yes,e_q6AWdgabQ,yes,ZONED Sports Academy,2026-08-06T18:39:22.410256+00:00,verified 2026-08-06,,ai_expansion_008,approved,2026-08-04T15:36:04.815116+00:00,"baserunning-development#4(reinforcement); baserunning-development#5(reinforcement)",yes
621275ab-fc74-5f55-84eb-6e3e539220a7,Snap Down — Get Under Control Fast,Athletic Development,absorbing force,activity,,,,,,0,Beginner,2,8-12,8,12,"warmup; teach; isolate",small_group,4,,None (bodyweight only),Small,Both,false,1,,1,true,no,,no,,,no media,,benchcoach_original,approved,2026-09-20T17:34:08.956129+00:00,"speed-and-agility-development#4(regression); speed-and-agility-development#5(reinforcement)",yes
fe94a671-1d24-40fe-9771-4c7f5f708c14,Soft Toss,Hitting,hitting,activity,eee043a9-527a-4e94-b7b2-4ba1df12b7be,base,Two Balls Toss Drill [advanced],,"inconsistent-contact; late-timing",2,Beginner,,6-12,6,12,repetition,,10,,"Baseballs or wiffle balls; Bat; Net or open field; Bucket",Medium,Both,true,,,,,yes,O7FHkj4EUpY,yes,Ripken Baseball,,unverified,,,approved,2026-02-23T03:42:23.282295+00:00,build-the-swing#8(primary),yes
ecb2252e-14e6-52da-9717-2c2cbf824b39,Speed Benchmark Test — Time It and Write It Down,Athletic Development,speed assessment,activity,,,,,,0,Beginner,,8-12,8,12,assessment,station,15,,"Stopwatch; Tape measure; Cones or markers",Large,Outdoor,false,1,,1,true,no,,no,,,no media,,benchcoach_original,approved,2026-09-20T17:32:31.666244+00:00,"speed-and-agility-development#1(assessment); speed-and-agility-development#10(assessment)",yes
e2b7261b-25a3-54fe-947e-9e8d7cd3f76f,Sprint and Stick — Stop Where the Cone Is,Athletic Development,deceleration,activity,,,,,,0,Intermediate,3,8-12,8,12,"teach; repetition",small_group,7,,Cones or markers,Medium,Both,false,1,,1,true,no,,no,,,no media,,benchcoach_original,approved,2026-09-20T17:34:08.956129+00:00,"speed-and-agility-development#5(primary); speed-and-agility-development#6(regression)",yes
ffc26e2a-7801-42b7-b610-9a996527e638,Square Hips / Hip Lock Drill — Hip-Shoulder Separation,Pitching,pitching,activity,,,,,"flying-open; no-hip-lead; inconsistent-release; weak-throws",4,Intermediate,,9-12,9,12,"isolate; progress",,10,,"Baseball; glove; flat ground or mound; target or catcher",Medium,Both,true,,,,,yes,4NOo7JSK6eA,yes,Dan Blewett,,unverified,,,approved,2026-02-23T03:51:02.966737+00:00,"pitching-development#4(progression); pitching-development#6(primary)",yes
252404f0-38c3-481f-a18b-f7ce0262903f,Stance & Athletic Position Drill,Hitting,hitting,activity,fad239e7-08cb-41f6-a429-87e26d9ffe27,base,,,"poor-fielding-footwork; stepping-in-bucket; lunging",3,Beginner,1,6-12,6,12,teach,,5,,"Bat; open space or cage",Small,Both,false,,,0,,yes,UeJpXF55kvs,yes,YouGoProBaseball,,unverified,,,approved,2026-02-23T03:42:23.282295+00:00,"build-the-swing#1(primary); build-the-swing#2(reinforcement)",yes
6c655fff-6181-4b7b-b22b-e1401e2e1f27,Stay Back — Beat the Changeup,Hitting,Off-speed hitting,activity,,,,,cant-hit-offspeed,1,Intermediate,3,11-15,11,15,"progress; decision",,12,,"bat; tee; balls; front-toss screen",Medium,Both,true,,,,,yes,8_6Ea45fL5s,yes,Ultimate Baseball Training,2026-08-06T18:39:22.410256+00:00,verified 2026-08-06,,ai_expansion_008,approved,2026-08-04T15:36:04.815116+00:00,build-the-swing#10(progression),yes
f9d5d796-ce11-4964-bc70-a3ce5f8a607f,Steal Breaks — Reading the Pitcher & First Move,Baserunning,Base stealing,activity,,,,,base-stealing,1,Intermediate,3,9-13,9,13,"isolate; decision",small_group,12,,"bases; cones",Medium,Outdoor,false,2,,1,true,yes,JVwDSgbUfBM,yes,Dominate The Diamond,2026-08-06T18:39:22.410256+00:00,verified 2026-08-06,,ai_expansion_008,approved,2026-08-04T15:36:04.815116+00:00,"baserunning-development#7(primary); baserunning-development#6(reinforcement); speed-and-agility-development#8(primary)",yes
2a82682f-f56c-527b-ba67-b57bd5a62e4d,Stride Box,Hitting,stride control,activity,,,,,"stepping-in-bucket; lunging; loses-posture",3,Beginner,2,8-14,8,14,"teach; isolate; repetition",station,10,,"chalk, tape or two spare bats; tee; baseballs; bat",Small,Both,false,1,,0,true,no,,no,,,no media,,benchcoach_original,approved,2026-09-16T00:35:12.171295+00:00,build-the-swing#4(reinforcement),yes
f47eba7c-bf41-4e1a-8a65-882f6fdcb0b1,Stride Direction Drill — Using a Chalk Line or Tape,Pitching,pitching,activity,,,,,inconsistent-stride,1,Beginner,,7-12,7,12,"isolate; teach",,10,,"Baseball; glove; chalk or tape; flat ground or mound",Medium,Outdoor,true,,,,,yes,McHb2hXrTrE,yes,ARM Pitching Development,,unverified,,,approved,2026-02-23T03:51:02.966737+00:00,pitching-development#5(primary),yes
f35c8a06-d0e9-4a8b-ac8a-efffb204f026,Stride Pause to Stride Swing Drill,Hitting,hitting,activity,,,,,"flying-open; late-timing; stepping-in-bucket; lunging",4,Beginner,1,6-12,6,12,"teach; isolate",,5,,"Batting tee; bat; ball; net",Small,Both,false,,,0,,yes,UeJpXF55kvs,yes,YouGoProBaseball,,unverified,,,approved,2026-02-23T03:42:23.282295+00:00,build-the-swing#4(regression),yes
fac499f5-7d4b-49b2-a924-55c97a96eeef,Sunflower Seed Soft Toss,Soft Toss,Soft Toss,activity,,,,,pulling-head,1,Beginner,2,6-10,6,10,"isolate; finish",,8,,"Sunflower seeds; Bat; Indoor space or open field",Small,Both,true,,,,,yes,I5KNd4H_b4Q,yes,Coach Pat Ahearne,,unverified,,,approved,2026-02-23T03:28:42.651266+00:00,,yes
d358d3cd-7da8-5baf-9843-3fe2a81a6773,Swing and Sprint,Baserunning,out of the box,activity,,,,,"slow-first-step; base-awareness",2,Beginner,2,7-13,7,13,"repetition; game_application; finish",small_group,10,,"bat; tee or baseballs; batting helmet; bases",Medium,Outdoor,false,1,,1,true,no,,no,,,no media,,benchcoach_original,approved,2026-09-16T00:35:12.171295+00:00,"baserunning-development#1(primary); baserunning-development#2(regression); speed-and-agility-development#8(primary)",yes
6a2c9dc7-f08c-47fd-9a08-f9e117f466cb,Tee Work,Hitting,hitting,activity,7b34a1ef-5e57-4212-9ef2-e13763feaa00,base,Tee Work — Ball Out In Front [progression],,"inconsistent-contact; uppercutting",2,Beginner,1,6-12,6,12,"teach; repetition",station,10,,"Batting tee; bat; balls",Small,Both,false,1,,0,true,yes,q7CPS0RYDPM,yes,Ultimate Baseball Training,,unverified,,,approved,2026-02-23T03:42:23.282295+00:00,build-the-swing#7(primary),yes
9300e679-69a7-4757-b74d-172103654860,Tee Work — Ball Out In Front,Hitting,hitting,activity,7b34a1ef-5e57-4212-9ef2-e13763feaa00,progression,Tee Work [base],,"barring-arm; inconsistent-contact; rolling-over; late-timing",4,Beginner,2,6-12,6,12,"isolate; progress",,10,,"Batting tee; bat; baseballs or wiffle balls; net",Small,Both,false,,,,,yes,q7CPS0RYDPM,yes,Ultimate Baseball Training,,unverified,,,approved,2026-02-23T03:42:23.282295+00:00,build-the-swing#7(progression),yes
bce56658-d12a-5b36-beb3-8bea67bb5eee,"Ten-Yard Acceleration — Push, Push, Push",Athletic Development,acceleration mechanics,activity,,,,,,0,Beginner,2,8-12,8,12,"repetition; progress",small_group,8,,Cones or markers,Medium,Outdoor,false,1,,1,true,no,,no,,,no media,,benchcoach_original,approved,2026-09-20T17:32:31.666244+00:00,speed-and-agility-development#2(reinforcement),yes
fc3e0647-265f-5935-9df5-e74f5a5b3f9e,"Tennis Ball Drop — See It, Go",Athletic Development,reactive acceleration,activity,,,,,slow-first-step,1,Intermediate,3,8-12,8,12,"teach; repetition; decision",partner,7,,Tennis balls,Medium,Both,true,1,,1,true,no,,no,,,no media,,benchcoach_original,approved,2026-09-20T17:38:06.18236+00:00,speed-and-agility-development#7(primary),yes
0200c065-9f6f-4a76-bd9a-22e46141a6ce,The Ankle Eye Drill — Footwork Foundation,Throwing,throwing,activity,,,,,"low-arm-slot; inaccurate-throws; throwing-mechanics",3,Beginner,2,6-10,6,10,"teach; isolate",,5,,"Baseball; glove",Small,Both,true,,,0,,yes,YRAjMC5F4sg,yes,YouGotMOJO,,unverified,,,approved,2026-02-23T04:46:32.289399+00:00,"infield-fundamentals#7(primary); throwing-development#3(primary); throwing-development#6(regression); catching-development#5(reinforcement)",yes
adf1d78d-fbe5-417c-a2d0-5860e555b356,The Best Youth Infield Drill,Fielding (Infield),Fielding (Infield),activity,,,,,poor-fielding-footwork,1,Intermediate,3,9-12,9,12,"repetition; warmup",,10,,"Gloves; Baseballs; Buckets; Targets or bases",Medium-large,Outdoor,true,,,,,yes,acYqNE9jRXI,yes,icoachbaseball,,unverified,,,approved,2026-02-23T03:28:42.651266+00:00,infield-fundamentals#10(reinforcement),yes
feb4908a-bcde-4744-9a56-010c49b01072,The Catch Drill — Track & Read Pitches,Hitting,Pitch recognition,activity,,,,,cant-hit-offspeed,1,Intermediate,3,10-14,10,14,"isolate; decision",,8,,"glove; helmet; live or machine pitching",Medium,Both,true,,,,,yes,0Phvj-iyLcc,yes,Coach Dan Blewett,2026-08-06T18:39:22.410256+00:00,verified 2026-08-06,,ai_expansion_008,approved,2026-08-04T15:36:04.815116+00:00,build-the-swing#10(regression),yes
6517d249-a27d-41af-a86e-72bb8187c28b,The Cone Drill,Fielding (Infield),Fielding (Infield),activity,,,,,poor-fielding-footwork,1,Intermediate,3,6-12,6,12,"teach; repetition",,10,,"Cones; Gloves; Baseballs; Target or base",Medium,Outdoor,false,,,,,yes,Uj5lw17XvuI,yes,Duke Baxter,,unverified,,,approved,2026-02-23T03:28:42.651266+00:00,infield-fundamentals#3(primary),yes
4c68b693-a617-4827-a732-653c2a64a27d,The Flamingo Drill,Fielding (Infield),Fielding (Infield),activity,c0facd55-0073-4488-8bd6-74bc884a1afe,base,Four Cones Ground Ball Drill [space_variant],,fielding-flat-footed,1,Beginner,2,6-10,6,10,"isolate; teach",station,10,,"glove; balls",Medium,Outdoor,false,1,,0,true,yes,moFsNt7cOig,yes,icoachbaseball,,unverified,,,approved,2026-02-23T03:28:42.651266+00:00,"infield-fundamentals#1(primary); infield-fundamentals#5(regression)",yes
192913af-c080-4361-b20e-f88f29db530f,The Hands Routine — Infield Fielding Drill,Fielding (Infield),fielding,activity,,,,,"slow-transfer; poor-fielding-footwork",2,Intermediate,,8-12,8,12,"warmup; repetition",individual,10,,"Baseballs; Glove; Wall",Small,Both,false,1,,0,true,yes,SHA1orN7eHE,yes,Antonelli Baseball,,unverified,,,approved,2026-02-23T03:29:20.093053+00:00,"infield-fundamentals#2(reinforcement); infield-fundamentals#4(reinforcement)",yes
b22aa9c8-7cd1-4dc0-bba3-c66b03396e21,The Heel-Toe Drill — Front Foot Landing,Pitching,pitching,activity,,,,,"stepping-in-bucket; inaccurate-throws; no-hip-lead",3,Beginner,,8-12,8,12,"isolate; teach",,10,,"Baseball; glove; flat ground or mound; catcher or target",Medium,Outdoor,true,,,,,yes,4NOo7JSK6eA,yes,Dan Blewett,,unverified,,,approved,2026-02-23T03:51:02.966737+00:00,pitching-development#5(primary),yes
25b42f9f-7769-47ac-ad0e-f9140091660e,The Lawnmower Drill — Arm Action & Wrist Snap,Pitching,pitching,activity,,,,,"short-arming; no-wrist-snap; cold-arm; throwing-mechanics",4,Beginner,,8-12,8,12,"isolate; teach",,8,,"Baseball; glove; flat ground or mound",Small,Both,false,,,,,yes,9EAbFFMBBGE,yes,Dan Blewett,,unverified,,,approved,2026-02-23T03:51:02.966737+00:00,pitching-development#7(primary),yes
aeae3e6a-487e-4f74-874d-edfeb83d3446,The Move-'Em At-Bat — Advancing Runners,Hitting,Situational hitting,activity,,,,,no-situational-hitting,1,Advanced,4,12-16,12,16,"game_application; decision",,10,,"bat; balls; bases; live or machine pitching",Full Field,Outdoor,true,,,,,yes,_yEr3pFHQUA,yes,Catalyst Sports,2026-08-06T18:39:22.410256+00:00,verified 2026-08-06,,ai_expansion_008,approved,2026-08-04T15:36:04.815116+00:00,build-the-swing#10(game_application),yes
03eab7d0-7e67-4143-91e5-b8e4e783014a,The Rocker Drill — Hip Lead & Weight Shift,Pitching,pitching,activity,,,,,"low-arm-slot; throwing-mechanics; no-hip-lead; lunging",4,Intermediate,,8-12,8,12,"isolate; teach",,10,,"Baseball; glove; flat ground; catcher or net target",Medium,Both,true,,,,,yes,4NOo7JSK6eA,yes,Dan Blewett,,unverified,,,approved,2026-02-23T03:51:02.966737+00:00,"pitching-development#4(primary); pitching-development#10(reinforcement)",yes
ac27e607-b52e-4865-8240-5a9b7795a410,The Swing Rail / Stay Inside the Ball Drill,Hitting,hitting,activity,,,,,"barring-arm; casting",2,Intermediate,3,7-12,7,12,"isolate; teach",,8,,"SwingRail training aid (or make with PVC); batting tee; bat; baseballs",Small,Both,false,,,0,,yes,UeJpXF55kvs,yes,YouGoProBaseball,,unverified,,,approved,2026-02-23T03:42:23.282295+00:00,,yes
cf56cda8-d397-4ed7-873b-560b78d6473e,The Swing Shuffle Drill — Momentum & Rhythm,Pitching,pitching,activity,,,,,"weak-throws; rushing-delivery",2,Intermediate,3,8-12,8,12,"isolate; progress",,8,,"Baseball; glove; flat ground; target or catcher",Medium,Both,true,,,,,yes,4NOo7JSK6eA,yes,Dan Blewett,,unverified,,,approved,2026-02-23T03:51:02.966737+00:00,pitching-development#10(primary),yes
6d491e2a-be0d-4c9a-94c4-6d66f6d6bfb8,The Track and Catch Drill — Head on the Ball,Hitting,hitting,activity,,,,,"pulling-head; inconsistent-contact",2,Beginner,,6-10,6,10,"teach; isolate",,8,,"Soft toss balls; bat; open space",Small,Both,true,,,0,,yes,gOE484Meo_o,yes,YouGotMOJO,,unverified,,,approved,2026-02-23T03:42:23.282295+00:00,build-the-swing#8(regression),yes
2d15c6de-d4a9-414a-9755-533140dd68b0,Three-Ball Slow Roller Drill,Fielding (Infield),Slow rollers,activity,,,,,poor-fielding-footwork,1,Advanced,4,12-14,12,14,"progress; game_application",small_group,8,,"baseballs; fungo or coach rolling balls",Medium,Outdoor,true,2,,1,true,yes,Elzjz_qhLM4,yes,Championship Productions,2026-08-06T18:39:22.410256+00:00,verified 2026-08-06,,ai_expansion_008,approved,2026-08-04T15:36:04.815116+00:00,"infield-fundamentals#10(progression); speed-and-agility-development#9(progression)",yes
3a2f690d-095d-46ea-98e8-088a7a7ea7db,Throwing Accuracy Race — Competitive Catch Under Pressure,Throwing,throwing,activity,,,,,"inaccurate-throws; rushing-delivery; throwing-mechanics",3,Beginner,,7-12,7,12,"competition; repetition",station,8,,"Baseballs; gloves",Medium,Outdoor,true,4,,0,true,yes,77r6mWAUecA,yes,Dominate the Diamond,,unverified,,,approved,2026-02-23T04:46:32.289399+00:00,"throwing-development#8(progression); throwing-development#10(reinforcement)",yes
69d859e5-5214-4b2d-b42f-07fcc56ff519,"Throwing Progression for Youth Players — Knee, Hip, Full",Throwing,throwing,practice_unit,c01ac61d-ac35-4280-afc2-82d51fc95f8d,base,,,"throwing-mechanics; low-arm-slot; no-follow-through-throw",3,Beginner,,6-12,6,12,"teach; progress",,10,,"Baseballs; Gloves",Medium,Both,true,,,1,,yes,77r6mWAUecA,yes,Dominate the Diamond,,unverified,,,approved,2026-02-23T04:46:32.289399+00:00,"throwing-development#2(progression); throwing-development#4(primary); pitching-development#3(regression)",no
93cf7e08-9bd0-48c3-a344-26e092c651e7,Towel Drill — Arm Speed & Release Point,Pitching,pitching,activity,,,,,"barring-arm; inconsistent-release; short-arming",3,Beginner,,7-12,7,12,"isolate; repetition",partner,8,,"Dish towel or small cloth; no ball needed",Medium,Both,true,2,,0,true,yes,ImeXGqKYP7Y,yes,YouGotMOJO,,unverified,,,approved,2026-02-23T03:51:02.966737+00:00,"pitching-development#8(primary); pitching-development#5(reinforcement)",yes
e6299ad6-888e-5507-a5a5-57cdf5359996,Turn and Take It,Hitting,plate confidence,activity,,,,,plate-confidence,1,Beginner,1,7-12,7,12,"teach; isolate",small_group,8,,"soft-core balls; batting helmet; L-screen; bat",Small,Both,true,1,,1,true,no,,no,,,no media,,benchcoach_original,approved,2026-09-15T23:43:14.739904+00:00,,yes
1f64a6c2-11bd-40d4-a45d-ae028f83db91,Two Balls Toss Drill,Soft Toss,Soft Toss,activity,eee043a9-527a-4e94-b7b2-4ba1df12b7be,advanced,Soft Toss [base],,late-timing,1,Advanced,4,9-12,9,12,"progress; decision",partner,10,,"Two visibly different balls; Bat; Net; Bucket",Small,Both,true,2,,0,true,yes,pOu6Rfnf8og,yes,Baseball Canada,,unverified,,,approved,2026-02-23T03:28:42.651266+00:00,build-the-swing#10(progression),yes
9a6f58a3-0172-47e6-b159-8eb98306f5ca,Two Hand Catch,Throwing,throwing,activity,,,,,one-hand-catching,1,Beginner,,6-9,6,9,"teach; repetition",,5,,"Baseballs; gloves",Small,Both,true,,,,,yes,pPx0lH8Kd3Y,yes,Bay Island Baseball,,unverified,,,approved,2026-02-23T04:46:32.289399+00:00,"infield-fundamentals#6(regression); throwing-development#5(regression); outfield-development#4(regression); catching-development#1(regression)",yes
dac833d7-c4f6-42ce-8409-ea83dd77fa65,Two-Base Pickle Drill,Team Defense,Rundowns,activity,ced192f0-32a9-4137-b521-f22b4822d782,base,"Game-Speed Rundown Execution [advanced]; Calm Rundowns — Push Back, Follow Your Throw [progression]",,rundowns,1,Beginner,2,8-12,8,12,"teach; game_application",small_group,10,,"2 bases; baseballs",Medium,Outdoor,true,3,,0,true,yes,OEYEvKRh2eQ,yes,GoDog Sports,2026-08-06T18:39:22.410256+00:00,verified 2026-08-06,,ai_expansion_008,approved,2026-08-04T15:36:04.815116+00:00,,yes
ca7017e4-6fa1-4440-8d93-e08dd55eeaa8,Two-Strike Hitting Adjustment Drill,Hitting,hitting,activity,,,,,two-strike-approach,1,Intermediate,,8-12,8,12,"teach; game_application",,10,,"Batting tee or pitching machine; bat; baseballs; net",Medium,Both,true,,,,,yes,gOE484Meo_o,yes,YouGotMOJO,,unverified,,,approved,2026-02-23T03:42:23.282295+00:00,build-the-swing#10(primary),yes
f5a6bed9-86d9-4578-85f9-8449c0fc1e33,Two-Tee Drill — Contact at Different Heights,Hitting,hitting,activity,,,,,"two-strike-approach; casting",2,Intermediate,,8-12,8,12,"isolate; progress",,10,,"Two batting tees set at different heights; bat; baseballs; net",Small,Both,false,,,,,yes,q7CPS0RYDPM,yes,Ultimate Baseball Training,,unverified,,,approved,2026-02-23T03:42:23.282295+00:00,build-the-swing#9(reinforcement),yes
3cc99259-c968-4977-bd66-c168250a27b8,Wall Ball,Throwing,throwing,activity,4cae3cc9-c6db-4e13-a03a-5f8238aad2c4,base,"Selfies Solo Rebounder — Build Reps Without a Partner [progression]; Wall Ball Solo Drill — Partner-Free Mechanics Builder [progression]",,"slow-transfer; throwing-mechanics",2,Beginner,,7-12,7,12,"warmup; repetition",individual,5,,"Baseball or tennis ball; Solid wall; Glove",Small,Both,false,1,,0,true,yes,4NOo7JSK6eA,yes,Dan Blewett,,unverified,,,approved,2026-02-23T04:46:32.289399+00:00,throwing-development#5(reinforcement),yes
d873c9db-09cd-406c-b53b-fbd6d5033185,Wall Ball Solo Drill — Partner-Free Mechanics Builder,Throwing,throwing,activity,4cae3cc9-c6db-4e13-a03a-5f8238aad2c4,progression,"Wall Ball [base]; Selfies Solo Rebounder — Build Reps Without a Partner [progression]",,slow-transfer,1,Beginner,,7-12,7,12,"repetition; isolate",,5,,"Tennis ball or baseball; wall or rebounder net",Small,Both,false,,,,,yes,4NOo7JSK6eA,yes,Dan Blewett,,unverified,,,approved,2026-02-23T04:46:32.289399+00:00,throwing-development#5(assessment),yes
fba85bac-8599-539b-b1a5-9d2a0a1fa97e,"Wall Drive — Straight Body, Punch the Knee",Athletic Development,acceleration angle,activity,,,,,,0,Beginner,2,8-12,8,12,"teach; isolate",small_group,6,,A wall or fence,Small,Both,false,1,,1,true,no,,no,,,no media,,benchcoach_original,approved,2026-09-20T17:32:31.666244+00:00,speed-and-agility-development#2(primary),yes
d6a3170b-ec74-4e4f-96df-64fba2aed225,Warm-Up Catch,Throwing,throwing,practice_unit,,,,,"throwing-mechanics; cold-arm",2,Beginner,,6-12,6,12,warmup,,8,,"Baseballs; Gloves",Medium,Both,true,,,0,,yes,77r6mWAUecA,yes,Dominate the Diamond,,unverified,,,approved,2026-02-23T04:46:32.289399+00:00,throwing-development#5(reinforcement),no
3f65e53c-eebc-511c-89a9-23e519dffba0,Wild Pitch Advance,Baserunning,reading a ball in the dirt,activity,,,,,"base-awareness; base-stealing",2,Intermediate,3,9-14,9,14,"decision; game_application",small_group,10,,"bases; baseballs; catcher's gear; batting helmet",Medium,Outdoor,false,2,,1,true,no,,no,,,no media,,benchcoach_original,approved,2026-09-16T00:35:12.171295+00:00,"baserunning-development#9(primary); baserunning-development#10(reinforcement)",yes
77722605-74bc-44b8-9581-fdd1c7d9a4d3,Wrist Snap Drill,Pitching,pitching,activity,,,,,"inconsistent-release; no-wrist-snap",2,Beginner,,6-10,6,10,"isolate; teach",,8,,"Baseball; Partner or wall",Small,Both,true,,,,,yes,McHb2hXrTrE,yes,ARM Pitching Development,,unverified,,,approved,2026-02-23T03:51:02.966737+00:00,"pitching-development#7(regression); pitching-development#8(reinforcement)",yes
6f1ef230-3f1a-4bcd-a969-87be5cdc65ed,Youth Infield Drill (Practice Anywhere),Fielding (Infield),Fielding (Infield),activity,,,,,"poor-fielding-footwork; slow-transfer",2,Beginner,2,6-10,6,10,"teach; repetition",,10,,"Gloves; Baseballs or tennis balls",Medium,Both,false,,,,,yes,zp0hdAmWwZw,yes,icoachbaseball,,unverified,,,approved,2026-02-23T03:28:42.651266+00:00,"infield-fundamentals#1(reinforcement); infield-fundamentals#5(primary)",yes
ce379eeb-fa92-47f0-b41f-dd3831ebc5bc,Youth J-Band Routine — Pre-Throwing Activation,Arm Care,Shoulder activation,practice_unit,,,,,arm-fatigue,1,Beginner,1,8-14,8,14,,,10,,"J-bands or light resistance bands; fence or anchor point",Small,Both,false,,,,,yes,yrgUzW0UK40,yes,ARM Pitching Development,2026-08-06T18:39:22.410256+00:00,verified 2026-08-06,,ai_expansion_008,approved,2026-08-04T15:36:04.815116+00:00,"throwing-development#9(reinforcement); pitching-development#1(reinforcement)",no
e7bd95b6-d491-49e2-a383-7fc381e7b0ce,Youth Receiving Foundations — Quiet Glove & Soft Hands,Catching,Receiving,activity,,,,,catcher-receiving,1,Beginner,2,8-12,8,12,"teach; repetition",partner,10,,"catcher's mitt; tennis balls or soft baseballs; catcher's gear",Small,Both,true,2,,1,true,yes,JDRg2nvAwqU,yes,Catching Made Simple (Coach Bougie),2026-08-06T18:39:22.410256+00:00,verified 2026-08-06,,ai_expansion_008,approved,2026-08-04T15:36:04.815116+00:00,"catching-development#1(primary); catching-development#2(regression)",yes
