pathway_slug,pathway_name,pathway_status,stage_number,stage_key,stage_name,stage_objective,linked_drill_count,linked_schedulable_count,distinct_activities,coverage_status,under_three_activities_flag,linked_drills_with_roles
baserunning-development,Baserunning Development,published,1,out-of-the-box,Out of the box,"Moves toward first on contact, without watching the ball.",3,3,3,ok,,"Swing and Sprint [primary]; Base Running Circuit [reinforcement]; Simple Base Running Drills for Youth Practice [reinforcement]"
baserunning-development,Baserunning Development,published,2,through-or-around,Through it or around it,Decides before the bag whether to run through first or round it.,2,2,2,FOCUSED (1-2 activities),FLAG: FEWER THAN 3 DISTINCT ACTIVITIES,"First Base Decision [primary]; Swing and Sprint [regression]"
baserunning-development,Baserunning Development,published,3,turns-and-angles,Turns and angles,Hits the inside corner of each base and stays low through the turn.,3,3,3,ok,,"Base Running Athletic Circuit [primary]; Simple Base Running Drills for Youth Practice [reinforcement]; First Base Decision [reinforcement]"
baserunning-development,Baserunning Development,published,4,sliding-basics,Sliding: the shape,Slides on the seat in a figure-four with both hands up.,2,2,2,FOCUSED (1-2 activities),FLAG: FEWER THAN 3 DISTINCT ACTIVITIES,"Bent-Leg Slide Basics — The Right Way to Slide [primary]; Sliding Practice Stations [reinforcement]"
baserunning-development,Baserunning Development,published,5,pop-up-slide,Sliding to advance,Finishes the slide on their feet and reads whether to take the next base.,3,3,3,ok,,"Pop-Up Slide — Slide and Advance [primary]; Bent-Leg Slide Basics — The Right Way to Slide [regression]; Sliding Practice Stations [reinforcement]"
baserunning-development,Baserunning Development,published,6,leads,Leads,Takes a primary and a secondary lead timed to the pitch.,4,4,4,ok,,"Simple Base Running Drills for Youth Practice [regression]; Steal Breaks — Reading the Pitcher & First Move [reinforcement]; Pro Base-Stealing Package — Leads, Reads & Jumps [primary]; Secondary Lead & Delayed Steal [primary]"
baserunning-development,Baserunning Development,published,7,reading-the-pitcher,Reading the pitcher,"Breaks on the pitcher's first move toward home, not on a guess.",3,3,3,ok,,"Steal Breaks — Reading the Pitcher & First Move [primary]; Pro Base-Stealing Package — Leads, Reads & Jumps [progression]; Secondary Lead & Delayed Steal [regression]"
baserunning-development,Baserunning Development,published,8,tagging-up,Tagging up,"Leaves on the catch — not before it, not a beat after.",1,1,1,FOCUSED (1-2 activities),FLAG: FEWER THAN 3 DISTINCT ACTIVITIES,Progressive Tag Up [primary]
baserunning-development,Baserunning Development,published,9,reading-the-dirt,Reading a ball in the dirt,Advances only when the ball actually gets past the catcher.,2,2,2,FOCUSED (1-2 activities),FLAG: FEWER THAN 3 DISTINCT ACTIVITIES,"Wild Pitch Advance [primary]; Secondary Lead & Delayed Steal [regression]"
baserunning-development,Baserunning Development,published,10,game-decisions,Running the bases in a game,Makes the right call on every base without a coach telling them.,4,4,4,ok,,"Base Running Circuit [primary]; Progressive Tag Up [reinforcement]; First Base Decision [game_application]; Wild Pitch Advance [reinforcement]"
build-the-swing,Build the Swing,published,1,athletic-stance,Athletic stance and posture,"Sets up balanced, athletic and repeatable without being reminded.",3,3,3,ok,,"Stance & Athletic Position Drill [primary]; Bucket Drill — Stay in Your Legs [reinforcement]; PVC Pipe Hip Rotation Drill [assessment]"
build-the-swing,Build the Swing,published,2,grip,Grip,"Holds the bat with the knocking knuckles roughly aligned, without adjusting mid-swing.",2,2,2,FOCUSED (1-2 activities),FLAG: FEWER THAN 3 DISTINCT ACTIVITIES,"Stance & Athletic Position Drill [reinforcement]; Grip Check — Find It Without Looking [primary]"
build-the-swing,Build the Swing,published,3,load,Load,"Moves weight into the back hip and can hold it there, without leaning backwards.",3,3,3,ok,,"Baby Steps - Hip Load [primary]; Catch and Crush Drill — Stay Closed [progression]; Frisbee Drill — Hip Rotation & Finish [assessment]"
build-the-swing,Build the Swing,published,4,load-to-launch,"Load to launch, and the stride","Front foot lands with the hands still back, in a repeatable place, every swing.",3,3,3,ok,,"Load to Launch Drill [primary]; Stride Pause to Stride Swing Drill [regression]; Stride Box [reinforcement]"
build-the-swing,Build the Swing,published,5,lower-half-sequencing,Lower-half sequencing,"Rotates around a centred axis with the hips leading, rather than sliding forward.",5,5,5,ok,,"PVC Pipe Hip Rotation Drill [primary]; Frisbee Drill — Hip Rotation & Finish [reinforcement]; Barry Larkin / Walk-Through Power Drill [progression]; Back Knee Down - Stay Centered [primary]; Happy Gilmore / Walking Load Drill [progression]"
build-the-swing,Build the Swing,published,6,bat-path,Bat path,"Hands travel to the ball ahead of the barrel, with the elbow in and no loop.",7,7,7,ok,,"Don't Dump the Barrel [primary]; One-Hand Tee Drill (Bottom Hand) [regression]; One Hand Drill [reinforcement]; One-Hand Tee Drill (Top Hand) [progression]; Line Drive Pro / Visual Feedback Swing Drill [assessment]; Shoulder Swings — Stay Short to the Ball [primary]; Inside-Out Swing Drill (Fence Drill) [reinforcement]"
build-the-swing,Build the Swing,published,7,contact-point,Contact point,Makes contact out in front of the front foot and drives the ball on a line.,3,3,3,ok,,"Tee Work [primary]; Freeze at Extension Drill [reinforcement]; Tee Work — Ball Out In Front [progression]"
build-the-swing,Build the Swing,published,8,moving-ball-timing,Timing a moving ball,"Tracks a moving ball and drives it on a line, with the head still through contact.",6,6,6,ok,,"Soft Toss [primary]; The Track and Catch Drill — Head on the Ball [regression]; Ripken Soft Toss Drill [reinforcement]; Front Toss [progression]; Mini Wiffle Ball & Skinny Bat Drill [assessment]; Drop Ball Drill [progression]"
build-the-swing,Build the Swing,published,9,pitch-location,Adjusting to pitch location,Changes posture and path to match the height and side of the pitch.,6,6,6,ok,,"High Tee [primary]; PVC Posture Drill [regression]; Two-Tee Drill — Contact at Different Heights [reinforcement]; Oppo Tee & Toss — Stay Inside the Ball [progression]; High Tee Drill — Hitting Up in the Zone [assessment]; Low Tee [primary]"
build-the-swing,Build the Swing,published,10,two-strike-and-game,"Two strikes, and the at-bat",Changes approach with the count and puts the ball in play on purpose.,5,5,5,ok,,"Two-Strike Hitting Adjustment Drill [primary]; The Catch Drill — Track & Read Pitches [regression]; Stay Back — Beat the Changeup [progression]; The Move-'Em At-Bat — Advancing Runners [game_application]; Two Balls Toss Drill [progression]"
catching-development,Catching Development,published,1,receiving-foundation,Quiet glove and soft hands,"Receives the ball moving toward the zone, with the glove quiet after the catch.",3,3,3,ok,,"Youth Receiving Foundations — Quiet Glove & Soft Hands [primary]; Catcher's Stance — Set Up to Receive [regression]; Two Hand Catch [regression]"
catching-development,Catching Development,published,2,framing,Framing and working the zone,Beats the ball to the spot and holds borderline pitches inside the zone.,2,2,2,FOCUSED (1-2 activities),FLAG: FEWER THAN 3 DISTINCT ACTIVITIES,"MLB-Style Receiving & Framing Circuit [primary]; Youth Receiving Foundations — Quiet Glove & Soft Hands [regression]"
catching-development,Catching Development,published,3,blocking-technique,Blocking: the shape,Drops into a blocking shape that deadens the ball in front of the plate.,1,1,1,FOCUSED (1-2 activities),FLAG: FEWER THAN 3 DISTINCT ACTIVITIES,Blocking the Right Way — Technique to Reaction Reps [primary]
catching-development,Catching Development,published,4,blocking-reaction,Blocking at game speed,Reads and blocks a ball in the dirt without pre-setting to a side.,2,2,2,FOCUSED (1-2 activities),FLAG: FEWER THAN 3 DISTINCT ACTIVITIES,"Game-Speed Reaction Blocking [primary]; Blocking the Right Way — Technique to Reaction Reps [regression]"
catching-development,Catching Development,published,5,throw-down,The throw to second,Transfers during the footwork and delivers an accurate throw to the bag.,3,3,3,ok,,"Catcher Throw-Down Footwork to Second [primary]; Quick Hands Quick Feet — Fast Transfer Drill [regression]; The Ankle Eye Drill — Footwork Foundation [reinforcement]"
catching-development,Catching Development,published,6,one-knee-setup,The one-knee setup,Receives from one knee while staying able to block and throw.,2,2,2,FOCUSED (1-2 activities),FLAG: FEWER THAN 3 DISTINCT ACTIVITIES,"One-Knee Receiving — Advanced Framing Setup [primary]; MLB-Style Receiving & Framing Circuit [regression]"
infield-fundamentals,Infield Fundamentals,published,1,ready-position,Ready position and athletic posture,Gets low with the chest over the toes and stays there between reps.,3,3,3,ok,,"The Flamingo Drill [primary]; Fun Fielding Drill for Young Players [reinforcement]; Youth Infield Drill (Practice Anywhere) [reinforcement]"
infield-fundamentals,Infield Fundamentals,published,2,glove-presentation,Glove presentation and receiving,Sets the glove before the ball arrives and covers with the throwing hand.,3,3,3,ok,,"Fun Fielding Drill for Young Players [primary]; EASY Baseball Catch Drill — First Catch Fundamentals [regression]; The Hands Routine — Infield Fielding Drill [reinforcement]"
infield-fundamentals,Infield Fundamentals,published,3,approach,Approach and getting around the ball,"Arrives at the ball moving forward, having taken an angle rather than a straight line.",4,4,4,ok,,"The Cone Drill [primary]; Figure Eight Infield Drill [reinforcement]; Cross-Shuffle Drill [progression]; Four Cones Ground Ball Drill [primary]"
infield-fundamentals,Infield Fundamentals,published,4,reading-hops,Reading hops,"Adjusts to a ball that does not bounce true, and receives the short hop with a soft glove.",4,4,4,ok,,"The Hands Routine — Infield Fielding Drill [reinforcement]; Advanced First Base — Off-Line Throws, Picks & Short Hops [progression]; Pick Your Hop — Read It and Move to It [primary]; Recovery Drill [primary]"
infield-fundamentals,Infield Fundamentals,published,5,fielding-out-front,Fielding out in front,"Meets the ball in front of the front foot, with the glove visible and the eyes on it.",3,3,3,ok,,"Youth Infield Drill (Practice Anywhere) [primary]; The Flamingo Drill [regression]; Four Cones Ground Ball Drill [reinforcement]"
infield-fundamentals,Infield Fundamentals,published,6,funnel-transfer,Funnel and transfer,"Gets the ball from glove to throwing hand in one motion, in front of the chest.",4,4,4,ok,,"Groundball Transfer Catch [primary]; Two Hand Catch [regression]; Quick Hands Drill [reinforcement]; Quick Hands Quick Feet — Fast Transfer Drill [progression]"
infield-fundamentals,Infield Fundamentals,published,7,footwork-into-throw,Footwork into the throw,"Steps toward the target after fielding, with the body aligned before the arm works.",3,3,3,ok,,"The Ankle Eye Drill — Footwork Foundation [primary]; Point-and-Go Glove Drill — Align Your Body to the Target [reinforcement]; Infield Throwing Drill [assessment]"
infield-fundamentals,Infield Fundamentals,published,8,throwing-accuracy,Throwing accuracy after fielding,"Delivers a catchable, chest-high throw to a target after a live ground ball.",3,3,3,ok,,"Protect the Castle + Throw [primary]; Bullseye Challenge — Throwing Accuracy Competition [reinforcement]; Clean Up Crew — Fun Fielding-to-Throw Game [game_application]"
infield-fundamentals,Infield Fundamentals,published,9,range,"Range: forehand, backhand and lateral",Gets to balls either side of the body and still fields them cleanly.,3,3,3,ok,,"Protect the Castle [primary]; Cross-Shuffle Drill [reinforcement]; Daily Backhand Series [progression]"
infield-fundamentals,Infield Fundamentals,published,10,game-speed-decisions,Game-speed decisions,"Makes the play under time pressure, including when the first attempt goes wrong.",3,3,3,ok,,"Recovery Drill [primary]; The Best Youth Infield Drill [reinforcement]; Three-Ball Slow Roller Drill [progression]"
infield-fundamentals,Infield Fundamentals,published,11,position-specific,Position-specific play,Executes the plays their actual position is responsible for.,6,6,6,ok,,"First Base Fundamentals — Finding the Bag & the Stretch [primary]; Second Baseman Flip/Throw Combo [reinforcement]; First Base Footwork & Throw Adjustments [progression]; Grounder to First, Pitcher Covers [game_application]; Double-Play Feeds & Turns [primary]; Advanced First Base — Off-Line Throws, Picks & Short Hops [progression]"
outfield-development,Outfield Development,published,1,ready-and-first-step,Ready position and first step,"Is moving on contact rather than watching, with the first step taking ground.",3,3,3,ok,,"Outfield Drop Step Drill [reinforcement]; Ready and Go — Outfield First Step [primary]; On the Run [reinforcement]"
outfield-development,Outfield Development,published,2,drop-step,Drop step,"Opens the hips and turns to run on a ball hit overhead, rather than backpedalling.",2,2,2,FOCUSED (1-2 activities),FLAG: FEWER THAN 3 DISTINCT ACTIVITIES,"Outfield Drop Step Drill [primary]; On the Run [progression]"
outfield-development,Outfield Development,published,3,tracking,Tracking a ball in the air,Keeps eyes on the ball into the glove and arrives set rather than still moving.,3,3,3,ok,,"Fly Ball Confidence Ladder [primary]; Fly Ball Drill with Cones [reinforcement]; On the Run [progression]"
outfield-development,Outfield Development,published,4,catch-confidence,Catch confidence,Catches a ball coming down without flinching or turning away.,3,3,3,ok,,"Fly Ball Confidence Ladder [primary]; Two Hand Catch [regression]; EASY Baseball Catch Drill — First Catch Fundamentals [regression]"
outfield-development,Outfield Development,published,5,angles-and-routes,Angles and routes,"Runs an efficient route to where the ball will be, not to where it is.",3,3,3,ok,,"Fly Ball Drill with Cones [primary]; Outfield Drop Step Drill [regression]; On the Run [primary]"
outfield-development,Outfield Development,published,6,communication,Communication,"Calls the ball early and loudly, and yields audibly when called off.",3,3,3,ok,,"Call It Early — Outfield Communication Basics [primary]; Flyball Communication Drill [reinforcement]; Infield/Outfield Priority Drill [progression]"
outfield-development,Outfield Development,published,7,ground-ball-approach,Ground-ball approach,Fields a ball on the ground in the outfield while moving through it.,3,3,3,ok,,"Four Cones Ground Ball Drill [regression]; Do-or-Die Charge & Throw [progression]; Routine Outfield Ground Ball — Field It and Come Up Throwing [primary]"
outfield-development,Outfield Development,published,8,crow-hop,Crow hop and throwing footwork,Gets the whole body behind a long throw after catching.,3,3,3,ok,,"Crow Hop — Arm Strength and Outfield Throwing [primary]; Long Toss [reinforcement]; Extreme Catch — Progressive Distance Arm Builder [reinforcement]"
outfield-development,Outfield Development,published,9,throws-to-bases,Throws to bases and the cutoff,Throws through the cutoff man to the right base.,4,4,4,ok,,"Line Relay Race — Catch, Turn, Throw [primary]; Cutoff Responsibilities by Situation [progression]; Little League Cuts & Relays System [primary]; Machine-Fed Relay Sequences at Game Speed [progression]"
outfield-development,Outfield Development,published,10,do-or-die,Do or die,"Charges, fields on the move and throws home with the game on the line.",2,2,2,FOCUSED (1-2 activities),FLAG: FEWER THAN 3 DISTINCT ACTIVITIES,"Do-or-Die Charge & Throw [primary]; Crow Hop — Arm Strength and Outfield Throwing [regression]"
outfield-development,Outfield Development,published,11,decisions-under-pressure,Decision-making under pressure,"Picks the right base, the right call and the right risk, without being told.",3,3,3,ok,,"Cutoff Responsibilities by Situation [primary]; Infield/Outfield Priority Drill [reinforcement]; Machine-Fed Relay Sequences at Game Speed [game_application]"
pitching-development,Pitching Development,published,1,prepare-the-arm,Prepare the arm,"Warms up and recovers the same way every outing, without being told.",5,5,5,ok,,"Complete Pitching and Throwing Warm-Up Routine [primary]; Baseball Arm Stretches and Pre-Throwing Warm-Up [regression]; Youth J-Band Routine — Pre-Throwing Activation [reinforcement]; 9-Exercise J-Band Strength Routine [progression]; Post-Throwing Recovery Routine [reinforcement]"
pitching-development,Pitching Development,published,2,balance-at-leg-lift,Balance at the leg lift,Holds the top of the delivery still for two seconds without wobbling.,2,2,2,FOCUSED (1-2 activities),FLAG: FEWER THAN 3 DISTINCT ACTIVITIES,"Balance Point Drill — Leg Lift & Pause [primary]; Flamingo Balance Drill — Single-Leg Stability [regression]"
pitching-development,Pitching Development,published,3,delivery-in-parts,"The delivery, in parts",Can be stopped at any checkpoint of the motion and hold that position.,3,3,3,ok,,"4-Part Windup Drill — Breaking Down the Delivery [primary]; Balance Point Drill — Leg Lift & Pause [regression]; Throwing Progression for Youth Players — Knee, Hip, Full [regression]"
pitching-development,Pitching Development,published,4,hip-lead,Hip lead and separation,Moves the front hip toward the plate before the shoulders follow.,3,3,3,ok,,"The Rocker Drill — Hip Lead & Weight Shift [primary]; Square Hips / Hip Lock Drill — Hip-Shoulder Separation [progression]; Hip Lead Drill [primary]"
pitching-development,Pitching Development,published,5,stride-and-landing,Stride direction and landing,"Lands the front foot in the same place, pointing the same way, every pitch.",3,3,3,ok,,"Stride Direction Drill — Using a Chalk Line or Tape [primary]; Towel Drill — Arm Speed & Release Point [reinforcement]; The Heel-Toe Drill — Front Foot Landing [primary]"
pitching-development,Pitching Development,published,6,front-side,Front side control,Pulls the glove into the ribs so the chest drives at the target.,3,3,3,ok,,"Glove-Side Pull Drill — Front Side Control [primary]; Follow-Through Hold Drill — Finishing Strong [assessment]; Square Hips / Hip Lock Drill — Hip-Shoulder Separation [primary]"
pitching-development,Pitching Development,published,7,arm-action,Arm action and wrist snap,"Moves the arm loosely and snaps the wrist, producing tight backspin.",3,3,3,ok,,"The Lawnmower Drill — Arm Action & Wrist Snap [primary]; Wrist Snap Drill [regression]; Kneel-Down (Wrist Snap) Drill — Release Point & Backspin [reinforcement]"
pitching-development,Pitching Development,published,8,release-point,Release point and extension,Releases the ball at the same point out front on every pitch.,3,3,3,ok,,"Towel Drill — Arm Speed & Release Point [primary]; Kneel-Down (Wrist Snap) Drill — Release Point & Backspin [regression]; Wrist Snap Drill [reinforcement]"
pitching-development,Pitching Development,published,9,finish,Finish and follow-through,"Finishes balanced, decelerated, and ready to field.",2,2,2,FOCUSED (1-2 activities),FLAG: FEWER THAN 3 DISTINCT ACTIVITIES,"Follow-Through Hold Drill — Finishing Strong [primary]; Glove-Side Pull Drill — Front Side Control [regression]"
pitching-development,Pitching Development,published,10,momentum-and-tempo,Momentum and tempo,Moves down the mound with rhythm rather than from a standstill.,3,3,3,ok,,"The Swing Shuffle Drill — Momentum & Rhythm [primary]; Balance Point Drill — Leg Lift & Pause [regression]; The Rocker Drill — Hip Lead & Weight Shift [reinforcement]"
pitching-development,Pitching Development,published,11,second-pitch,A second pitch,Throws a changeup for a strike with the same arm speed as the fastball.,2,2,2,FOCUSED (1-2 activities),FLAG: FEWER THAN 3 DISTINCT ACTIVITIES,"Changeup Catch Play [primary]; Changeup Off the Mound — Same Arm Speed, Real Sequence [progression]"
speed-and-agility-development,Speed & Agility Development,published,1,baseline-and-mechanics,Baseline & Running Mechanics,"Record repeatable baseline measurements, and hold a tall sprint posture with a clean arm action.",6,6,6,ok,,"A-March — Posture and Ground Contact [primary]; A-Skip — Rhythm and Quick Contact [progression]; Arm Action Check — Hip to Chin [reinforcement]; Speed Benchmark Test — Time It and Write It Down [assessment]; Build-Up Runs — Find Top Speed Under Control [reinforcement]; Baseball Dynamic Stretches for Youth Players [reinforcement]"
speed-and-agility-development,Speed & Agility Development,published,2,acceleration-position,Acceleration Position,Project the body forward and push into the ground for the first few steps instead of standing straight up.,4,4,4,ok,,"Wall Drive — Straight Body, Punch the Knee [primary]; Ten-Yard Acceleration — Push, Push, Push [reinforcement]; A-March — Posture and Ground Contact [regression]; Falling Start — Fall, Then Go [primary]"
speed-and-agility-development,Speed & Agility Development,published,3,first-step-explosion,First-Step Explosion,"React and move without a wasted step, gaining ground on the very first one.",4,4,4,ok,,"Reaction Start — Go On the Signal [primary]; Chase Start — Five-Yard Race [reinforcement]; Falling Start — Fall, Then Go [regression]; Ready and Go — Outfield First Step [game_application]"
speed-and-agility-development,Speed & Agility Development,published,4,elasticity,Elasticity & Quick Ground Contact,"Leave the ground quickly and land under control, with quiet, springy contacts.",4,4,4,ok,,"Pogo Jumps — Quick, Quiet Contacts [primary]; Broad Jump — Jump and Stick It [reinforcement]; Snap Down — Get Under Control Fast [regression]; Jump Rope Rhythm — Sixty Seconds of Springs [reinforcement]"
speed-and-agility-development,Speed & Agility Development,published,5,deceleration,Deceleration,"Stop under control from a sprint, with the hips down and without extra steps.",3,3,3,ok,,"Sprint and Stick — Stop Where the Cone Is [primary]; Snap Down — Get Under Control Fast [reinforcement]; Broad Jump — Jump and Stick It [reinforcement]"
speed-and-agility-development,Speed & Agility Development,published,6,change-of-direction,Change of Direction,"Plant once, redirect, and accelerate out of the turn.",4,4,4,ok,,"Plant and Go — The 45-Degree Cut [primary]; Sprint and Stick — Stop Where the Cone Is [regression]; Cross-Shuffle Drill [game_application]; Shuffle to Sprint — Open the Hips and Go [primary]"
speed-and-agility-development,Speed & Agility Development,published,7,reactive-agility,Reactive Agility,Move correctly in response to something the player could not predict.,4,4,4,ok,,"Tennis Ball Drop — See It, Go [primary]; Reaction Start — Go On the Signal [regression]; Game-Speed Reaction Blocking [game_application]; Mirror Drill — Match the Leader [primary]"
speed-and-agility-development,Speed & Agility Development,published,8,baseball-acceleration,Baseball Acceleration,"Turn the acceleration mechanics into baserunning — out of the box, off the base, and into a steal.",5,5,5,ok,,"Swing and Sprint [primary]; First Base Decision [reinforcement]; Secondary Lead & Delayed Steal [progression]; Steal Breaks — Reading the Pitcher & First Move [primary]; Simple Base Running Drills for Youth Practice [reinforcement]"
speed-and-agility-development,Speed & Agility Development,published,9,position-speed,Position-Specific Speed,Turn the first step and the change of direction into defensive movement.,5,5,5,ok,,"Outfield Drop Step Drill [primary]; Four Cones Ground Ball Drill [reinforcement]; Three-Ball Slow Roller Drill [progression]; On the Run [game_application]; Ready and Go — Outfield First Step [primary]"
speed-and-agility-development,Speed & Agility Development,published,10,game-speed-and-retest,Game-Speed Integration & Retest,"Hold the movement together under competitive pressure, and repeat the baseline measurements.",5,5,5,ok,,"Speed Benchmark Test — Time It and Write It Down [assessment]; Base Running Athletic Circuit [primary]; Mirror Drill — Match the Leader [game_application]; Chase Start — Five-Yard Race [assessment]; Broad Jump — Jump and Stick It [assessment]"
throwing-development,Throwing Development,published,1,grip-and-release,Grip and a clean release,Finds a four-seam grip without looking and lets the ball go without fear.,3,3,3,ok,,"Simple Throwing Progressions [primary]; Foul Line Throw — First Throw Introduction for Beginners [regression]; Baseball Arm Stretches and Pre-Throwing Warm-Up [reinforcement]"
throwing-development,Throwing Development,published,2,arm-action,Basic arm action,Takes the ball down and through with the elbow at shoulder height and a wrist snap.,4,4,4,ok,,"Funnel Drill — Correct Arm Path Out of the Glove [primary]; High Five Drill — Elbow Up Arm Path Correction [regression]; Throwing Progression for Youth Players — Knee, Hip, Full [progression]; Kneel-Down Throw — Isolating Upper Body and Wrist Snap [primary]"
throwing-development,Throwing Development,published,3,direction,Direction and alignment,Lines the body up at the target before the arm works.,3,3,3,ok,,"Point-and-Go Glove Drill — Align Your Body to the Target [primary]; Simple Throwing Progressions [reinforcement]; The Ankle Eye Drill — Footwork Foundation [primary]"
throwing-development,Throwing Development,published,4,lower-half,Lower-half involvement,Uses the legs and torso so the throw is not made by the arm alone.,3,3,3,ok,,"Throwing Progression for Youth Players — Knee, Hip, Full [primary]; Kneel-Down Throw — Isolating Upper Body and Wrist Snap [regression]; Crow Hop — Arm Strength and Outfield Throwing [progression]"
throwing-development,Throwing Development,published,5,catch-and-throw-rhythm,Catch-and-throw rhythm,"Catches cleanly and throws back with full mechanics, repeatedly.",6,6,6,ok,,"Partner Catch [primary]; Two Hand Catch [regression]; Warm-Up Catch [reinforcement]; Over-Under — Two Ways to Throw and Catch [progression]; Wall Ball Solo Drill — Partner-Free Mechanics Builder [assessment]; Wall Ball [reinforcement]"
throwing-development,Throwing Development,published,6,footwork,Throwing footwork,Gets the feet organised on the move so the throw can be made from anywhere.,3,3,3,ok,,"Crow Hop — Arm Strength and Outfield Throwing [primary]; The Ankle Eye Drill — Footwork Foundation [regression]; Second Baseman Flip/Throw Combo [reinforcement]"
throwing-development,Throwing Development,published,7,quick-transfer,Quick transfer,Releases without a visible pause between the catch and the throw.,4,4,4,ok,,"Quick Hands Drill [primary]; Groundball Transfer Catch [reinforcement]; Quick Hands Quick Feet — Fast Transfer Drill [primary]; Selfies Solo Rebounder — Build Reps Without a Partner [reinforcement]"
throwing-development,Throwing Development,published,8,accuracy,Accuracy,Throws at a specific spot and keeps doing so under mild pressure.,4,4,4,ok,,"Bullseye Challenge — Throwing Accuracy Competition [primary]; Fun Baseball Throwing Drill [regression]; Throwing Accuracy Race — Competitive Catch Under Pressure [progression]; Clean Up Crew — Fun Fielding-to-Throw Game [game_application]"
throwing-development,Throwing Development,published,9,distance,Distance and long toss,"Builds arm strength at distance with an arc, and looks after the arm afterwards.",5,5,5,ok,,"Long Toss [primary]; Long Toss Progression — Building Arm Strength Safely [progression]; Extreme Catch — Progressive Distance Arm Builder [reinforcement]; Youth J-Band Routine — Pre-Throwing Activation [reinforcement]; Post-Throwing Recovery Routine [reinforcement]"
throwing-development,Throwing Development,published,10,game-speed,Game-speed throws,"Keeps the mechanics under real urgency, after a real play.",3,3,3,ok,,"Infield Throwing Drill [primary]; Throwing Accuracy Race — Competitive Catch Under Pressure [reinforcement]; Do-or-Die Charge & Throw [progression]"
throwing-development,Throwing Development,published,11,position-specific-throws,Position-specific throwing,Makes the throws their position is actually asked for.,4,4,4,ok,,"Second Baseman Flip/Throw Combo [primary]; Double-Play Feeds & Turns [progression]; Grounder to First, Pitcher Covers [game_application]; Line Relay Race — Catch, Turn, Throw [primary]"
