problem_slug,label,skill_category,do_not_coach_flag,schedulable_drill_count,prescribe_compatible_count,coverage_flag,schedulable_drill_names
arm-fatigue,Arm fatigue / no arm-care routine,Arm Care,false,5,2,ok,"Youth J-Band Routine — Pre-Throwing Activation; 9-Exercise J-Band Strength Routine; Post-Throwing Recovery Routine; Long Toss; Long Toss Progression — Building Arm Strength Safely"
backpedaling-flyballs,Backpedals / bad routes on fly balls,Fielding (Fly Balls),false,4,4,ok,"Outfield Drop Step Drill; Do-or-Die Charge & Throw; On the Run; Fly Ball Drill with Cones"
bad-base-turns,Bad base-running turns,Baserunning,false,4,2,ok,"Simple Base Running Drills for Youth Practice; Base Running Athletic Circuit; First Base Decision; Base Running Circuit"
balance-leg-lift,Poor balance at leg lift / falls off,Pitching,false,2,2,FLAG: TWO DRILLS ONLY,"Flamingo Balance Drill — Single-Leg Stability; Balance Point Drill — Leg Lift & Pause"
barring-arm,Barring front arm / disconnected,Hitting,false,6,6,ok,"Tee Work — Ball Out In Front; Towel Drill — Arm Speed & Release Point; Kneel-Down Throw — Isolating Upper Body and Wrist Snap; One-Hand Tee Drill (Bottom Hand); Shoulder Swings — Stay Short to the Ball; The Swing Rail / Stay Inside the Ball Drill"
base-awareness,Poor base awareness / hesitation,Baserunning,false,5,5,ok,"Simple Base Running Drills for Youth Practice; Swing and Sprint; First Base Decision; Progressive Tag Up; Wild Pitch Advance"
base-stealing,Poor jumps / can't steal bases,Baserunning,true,4,3,ok,"Steal Breaks — Reading the Pitcher & First Move; Secondary Lead & Delayed Steal; Pro Base-Stealing Package — Leads, Reads & Jumps; Wild Pitch Advance"
cant-bunt,Can't get a bunt down,Bunting,false,3,3,ok,"Deaden & Direct — Bunt Placement Drill; Competitive Team Bunting Game; Bunting with Lacrosse Stick"
cant-hit-offspeed,Fooled by off-speed / poor pitch recognition,Hitting,true,3,3,ok,"The Catch Drill — Track & Read Pitches; Stay Back — Beat the Changeup; Bounce Toss / Angled Toss Drill"
cant-slide,Can't slide / slides late or wrong,Baserunning,true,3,3,ok,"Bent-Leg Slide Basics — The Right Way to Slide; Sliding Practice Stations; Pop-Up Slide — Slide and Advance"
casting,Casting / long swing,Hitting,false,11,11,ok,"Shoulder Swings — Stay Short to the Ball; Two-Tee Drill — Contact at Different Heights; One-Hand Tee Drill (Bottom Hand); High Tee Drill — Hitting Up in the Zone; Knee Drill (Rotational Load); High Tee; One-Hand Tee Drill (Top Hand); The Swing Rail / Stay Inside the Ball Drill; Inside-Out Swing Drill (Fence Drill); Drop Ball Drill; Ripken Soft Toss Drill"
catcher-blocking,Won't block balls in the dirt,Catching,false,2,2,FLAG: TWO DRILLS ONLY,"Blocking the Right Way — Technique to Reaction Reps; Game-Speed Reaction Blocking"
catcher-receiving,Stabs / pulls pitches out of the zone (receiving & framing),Catching,false,4,2,ok,"Youth Receiving Foundations — Quiet Glove & Soft Hands; MLB-Style Receiving & Framing Circuit; One-Knee Receiving — Advanced Framing Setup; Catcher's Stance — Set Up to Receive"
cold-arm,Throws without warming up / arm soreness,Arm Care,false,11,5,ok,"Baseball Arm Stretches and Pre-Throwing Warm-Up; Baseball Dynamic Stretches for Youth Players; Long Toss; Dynamic Warm-Up with Arm Stretches; 8 Baseball Warm-Up Exercises You Must Do; Complete Pitching and Throwing Warm-Up Routine; Long Toss Progression — Building Arm Strength Safely; Warm-Up Catch; Foul Line Throw — First Throw Introduction for Beginners; Kneel-Down Throw — Isolating Upper Body and Wrist Snap; The Lawnmower Drill — Arm Action & Wrist Snap"
cutoffs-relays,Misses the cutoff man / poor relays,Team Defense,false,4,4,ok,"Little League Cuts & Relays System; Line Relay Race — Catch, Turn, Throw; Cutoff Responsibilities by Situation; Machine-Fed Relay Sequences at Game Speed"
fear-fly-balls,Fear of fly balls,Fielding (Fly Balls),false,1,1,FLAG: ONE DRILL ONLY,Fly Ball Confidence Ladder
fear-of-ball,Fear of the ball / turns away,Catching,false,3,3,ok,"Foul Line Throw — First Throw Introduction for Beginners; Fun Fielding Drill for Young Players; EASY Baseball Catch Drill — First Catch Fundamentals"
fielding-flat-footed,Fields flat-footed / not in front,Fielding (Infield),false,7,7,ok,"Simple Base Running Drills for Youth Practice; Four Cones Ground Ball Drill; Crow Hop — Arm Strength and Outfield Throwing; Protect the Castle; The Flamingo Drill; Figure Eight Infield Drill; Pick Your Hop — Read It and Move to It"
first-base-footwork,Fumbles footwork around first base,Fielding (Infield),false,4,4,ok,"First Base Fundamentals — Finding the Bag & the Stretch; First Base Footwork & Throw Adjustments; Advanced First Base — Off-Line Throws, Picks & Short Hops; Grounder to First, Pitcher Covers"
flying-open,Flying open / no load,Hitting,false,7,7,ok,"Square Hips / Hip Lock Drill — Hip-Shoulder Separation; Barry Larkin / Walk-Through Power Drill; Stride Pause to Stride Swing Drill; Happy Gilmore / Walking Load Drill; Catch and Crush Drill — Stay Closed; Frisbee Drill — Hip Rotation & Finish; PVC Pipe Hip Rotation Drill"
inaccurate-throws,Inaccurate throws,Throwing,false,10,10,ok,"Foul Line Throw — First Throw Introduction for Beginners; Partner Catch; Bullseye Challenge — Throwing Accuracy Competition; Point-and-Go Glove Drill — Align Your Body to the Target; Clean Up Crew — Fun Fielding-to-Throw Game; The Heel-Toe Drill — Front Foot Landing; The Ankle Eye Drill — Footwork Foundation; Throwing Accuracy Race — Competitive Catch Under Pressure; Protect the Castle + Throw; Fun Baseball Throwing Drill"
inconsistent-contact,Inconsistent / weak contact,Hitting,true,11,11,ok,"Tee Work — Ball Out In Front; Soft Toss; Mini Wiffle Ball & Skinny Bat Drill; Bounce Toss / Angled Toss Drill; The Track and Catch Drill — Head on the Ball; Barry Larkin / Walk-Through Power Drill; Happy Gilmore / Walking Load Drill; Tee Work; Line Drive Pro / Visual Feedback Swing Drill; One Hand Drill; Drop Ball Drill"
inconsistent-release,Inconsistent release / command,Pitching,false,5,5,ok,"Towel Drill — Arm Speed & Release Point; Kneel-Down (Wrist Snap) Drill — Release Point & Backspin; Square Hips / Hip Lock Drill — Hip-Shoulder Separation; Wrist Snap Drill; Funnel Drill — Correct Arm Path Out of the Glove"
inconsistent-stride,Inconsistent stride / lands off-line,Pitching,false,2,2,FLAG: TWO DRILLS ONLY,"Stride Direction Drill — Using a Chalk Line or Tape; Balance Point Drill — Leg Lift & Pause"
late-timing,Late / poor timing,Hitting,false,13,12,ok,"Happy Gilmore / Walking Load Drill; Quick Hands Drill; Soft Toss; Shoulder Swings — Stay Short to the Ball; Front Toss; High Tee; Bounce Toss / Angled Toss Drill; Stride Pause to Stride Swing Drill; Overload/Underload Bat Speed Progression; High Tee Drill — Hitting Up in the Zone; Tee Work — Ball Out In Front; Drop Ball Drill; Two Balls Toss Drill"
loses-posture,Loses posture / stands up in the swing,Hitting,false,3,3,ok,"Bucket Drill — Stay in Your Legs; Stride Box; PVC Posture Drill"
low-arm-slot,Low arm slot / sidearm,Throwing,true,4,3,ok,"The Rocker Drill — Hip Lead & Weight Shift; Throwing Progression for Youth Players — Knee, Hip, Full; The Ankle Eye Drill — Footwork Foundation; High Five Drill — Elbow Up Arm Path Correction"
lunging,Lunging / poor balance,Hitting,false,12,12,ok,"PVC Pipe Hip Rotation Drill; Flamingo Balance Drill — Single-Leg Stability; Hip Lead Drill; The Rocker Drill — Hip Lead & Weight Shift; Catch and Crush Drill — Stay Closed; Stance & Athletic Position Drill; Stride Pause to Stride Swing Drill; Back Knee Down - Stay Centered; Stride Box; Load to Launch Drill; Baby Steps - Hip Load; Ripken Soft Toss Drill"
no-changeup,Doesn't have a changeup / one speed only,Pitching,true,2,2,FLAG: TWO DRILLS ONLY,"Changeup Catch Play; Changeup Off the Mound — Same Arm Speed, Real Sequence"
no-follow-through-throw,No follow-through (throwing),Throwing,false,3,2,ok,"Follow-Through Hold Drill — Finishing Strong; Foul Line Throw — First Throw Introduction for Beginners; Throwing Progression for Youth Players — Knee, Hip, Full"
no-hip-lead,No hip lead / separation,Pitching,false,6,6,ok,"Square Hips / Hip Lock Drill — Hip-Shoulder Separation; Glove-Side Pull Drill — Front Side Control; The Rocker Drill — Hip Lead & Weight Shift; Hip Lead Drill; Frisbee Drill — Hip Rotation & Finish; The Heel-Toe Drill — Front Foot Landing"
no-situational-hitting,No situational hitting / can't move runners,Hitting,false,2,2,FLAG: TWO DRILLS ONLY,"Oppo Tee & Toss — Stay Inside the Ball; The Move-'Em At-Bat — Advancing Runners"
no-wrist-snap,No wrist snap,Throwing,false,4,4,ok,"Kneel-Down (Wrist Snap) Drill — Release Point & Backspin; Kneel-Down Throw — Isolating Upper Body and Wrist Snap; Wrist Snap Drill; The Lawnmower Drill — Arm Action & Wrist Snap"
one-hand-catching,One-handed / stabs at the ball,Catching,true,4,4,ok,"EASY Baseball Catch Drill — First Catch Fundamentals; Fun Fielding Drill for Young Players; Two Hand Catch; Over-Under — Two Ways to Throw and Catch"
outfield-communication,No call / collides on fly balls,Fielding (Fly Balls),false,3,3,ok,"Call It Early — Outfield Communication Basics; Flyball Communication Drill; Infield/Outfield Priority Drill"
plate-confidence,Low confidence / fear at the plate,Hitting,false,1,1,FLAG: ONE DRILL ONLY,Turn and Take It
poor-fielding-footwork,Poor fielding footwork / approach,Fielding (Infield),false,17,16,ok,"Four Cones Ground Ball Drill; The Hands Routine — Infield Fielding Drill; EASY Baseball Catch Drill — First Catch Fundamentals; Stance & Athletic Position Drill; Daily Backhand Series; Three-Ball Slow Roller Drill; Fun Fielding Drill for Young Players; Recovery Drill; Youth Infield Drill (Practice Anywhere); Protect the Castle; Protect the Castle + Throw; Cross-Shuffle Drill; Figure Eight Infield Drill; The Best Youth Infield Drill; The Cone Drill; Pick Your Hop — Read It and Move to It; Routine Outfield Ground Ball — Field It and Come Up Throwing"
pulling-head,Pulling head / eyes off ball,Hitting,false,6,6,ok,"The Track and Catch Drill — Head on the Ball; Bounce Toss / Angled Toss Drill; Fun Fielding Drill for Young Players; Front Toss; Mini Wiffle Ball & Skinny Bat Drill; Sunflower Seed Soft Toss"
rolling-over,Rolling over / weak top hand,Hitting,false,6,6,ok,"Knee Drill (Rotational Load); Tee Work — Ball Out In Front; One-Hand Tee Drill (Top Hand); Inside-Out Swing Drill (Fence Drill); One Hand Drill; Grip Check — Find It Without Looking"
rundowns,Panics in rundowns,Team Defense,false,3,3,ok,"Two-Base Pickle Drill; Calm Rundowns — Push Back, Follow Your Throw; Game-Speed Rundown Execution"
rushing-delivery,Rushing the delivery,Pitching,false,4,3,ok,"Balance Point Drill — Leg Lift & Pause; 4-Part Windup Drill — Breaking Down the Delivery; The Swing Shuffle Drill — Momentum & Rhythm; Throwing Accuracy Race — Competitive Catch Under Pressure"
short-arming,Short-arming,Throwing,false,4,4,ok,"The Lawnmower Drill — Arm Action & Wrist Snap; Towel Drill — Arm Speed & Release Point; Crow Hop — Arm Strength and Outfield Throwing; Follow-Through Hold Drill — Finishing Strong"
slow-first-step,Slow first step / acceleration,Baserunning,false,9,7,ok,"Outfield Drop Step Drill; Simple Base Running Drills for Youth Practice; Base Running Athletic Circuit; Swing and Sprint; Base Running Circuit; Ready and Go — Outfield First Step; Falling Start — Fall, Then Go; Reaction Start — Go On the Signal; Tennis Ball Drop — See It, Go"
slow-transfer,Slow transfer / exchange,Fielding (Infield),false,14,14,ok,"Infield Throwing Drill; Clean Up Crew — Fun Fielding-to-Throw Game; Selfies Solo Rebounder — Build Reps Without a Partner; Quick Hands Quick Feet — Fast Transfer Drill; The Hands Routine — Infield Fielding Drill; Groundball Transfer Catch; Wall Ball; Wall Ball Solo Drill — Partner-Free Mechanics Builder; Quick Hands Drill; Double-Play Feeds & Turns; Catcher Throw-Down Footwork to Second; Recovery Drill; Youth Infield Drill (Practice Anywhere); Second Baseman Flip/Throw Combo"
stepping-in-bucket,Steps in the bucket,Hitting,false,4,4,ok,"The Heel-Toe Drill — Front Foot Landing; Stance & Athletic Position Drill; Stride Pause to Stride Swing Drill; Stride Box"
throwing-mechanics,Poor throwing mechanics,Throwing,false,20,14,ok,"Partner Catch; Complete Pitching and Throwing Warm-Up Routine; Glove-Side Pull Drill — Front Side Control; Kneel-Down (Wrist Snap) Drill — Release Point & Backspin; The Rocker Drill — Hip Lead & Weight Shift; Throwing Progression for Youth Players — Knee, Hip, Full; High Five Drill — Elbow Up Arm Path Correction; Warm-Up Catch; Wall Ball; Dynamic Warm-Up with Arm Stretches; 4-Part Windup Drill — Breaking Down the Delivery; Bullseye Challenge — Throwing Accuracy Competition; Extreme Catch — Progressive Distance Arm Builder; Follow-Through Hold Drill — Finishing Strong; Funnel Drill — Correct Arm Path Out of the Glove; Kneel-Down Throw — Isolating Upper Body and Wrist Snap; The Ankle Eye Drill — Footwork Foundation; The Lawnmower Drill — Arm Action & Wrist Snap; Throwing Accuracy Race — Competitive Catch Under Pressure; Simple Throwing Progressions"
two-strike-approach,Two-strike approach,Hitting,true,2,2,FLAG: TWO DRILLS ONLY,"Two-Tee Drill — Contact at Different Heights; Two-Strike Hitting Adjustment Drill"
uppercutting,Uppercutting / bad swing plane,Hitting,true,5,5,ok,"One-Hand Tee Drill (Top Hand); Tee Work; Low Tee; Line Drive Pro / Visual Feedback Swing Drill; Don't Dump the Barrel"
weak-throws,Weak throws / arm strength,Throwing,false,6,6,ok,"The Swing Shuffle Drill — Momentum & Rhythm; Extreme Catch — Progressive Distance Arm Builder; Crow Hop — Arm Strength and Outfield Throwing; Square Hips / Hip Lock Drill — Hip-Shoulder Separation; Barry Larkin / Walk-Through Power Drill; Long Toss Progression — Building Arm Strength Safely"
