drill_id,current_name,skill_category,disposition,canonical_target_name,canonical_target_id,proposed_family_slug,proposed_variation_type,proposed_resource_kind,schedulable_after,preserve_current_video,source_video_id,source_video_url,confidence,rationale,requires_manual_review
9d95c228-0f42-487d-bfa0-164df2646c50,9-Exercise J-Band Strength Routine,Arm Care,PRACTICE_UNIT,,,,,practice_unit,yes,yes,slqo583qoAg,https://www.youtube.com/watch?v=slqo583qoAg,high,"Nine-exercise J-band routine run as one block, not one drill.",no
977c1fd1-12b0-42c6-8b8b-e3a90303e385,Baseball Arm Stretches and Pre-Throwing Warm-Up,Arm Care,PRACTICE_UNIT,,,,,practice_unit,yes,yes,5GY4nLILbi4,https://www.youtube.com/watch?v=5GY4nLILbi4,high,Stretch plus throwing warm-up sequence run as one block.,no
dfa91c84-6ce8-4d03-9c5d-4252adc5fe3d,Complete Pitching and Throwing Warm-Up Routine,Arm Care,PRACTICE_UNIT,,,,,practice_unit,yes,yes,WQ9ggLQJ96M,https://www.youtube.com/watch?v=WQ9ggLQJ96M,high,"Complete pre-throwing routine; a sequence, not an activity.",no
b67499b8-314b-415f-a789-c0b90f1f9a3f,Post-Throwing Recovery Routine,Arm Care,PRACTICE_UNIT,,,,,practice_unit,yes,yes,EunHAooYktE,https://www.youtube.com/watch?v=EunHAooYktE,high,Eight post-outing recovery exercises run as one block.,no
ce379eeb-fa92-47f0-b41f-dd3831ebc5bc,Youth J-Band Routine — Pre-Throwing Activation,Arm Care,PRACTICE_UNIT,,,,,practice_unit,yes,yes,yrgUzW0UK40,https://www.youtube.com/watch?v=yrgUzW0UK40,high,J-band activation routine. Same concept as 9d95c228 on a different video — family deferred to Phase 2.,no
32d3b75f-3d94-4048-b1e1-26a3d87e9449,Base Running Athletic Circuit,Athletic Development,PRACTICE_UNIT,,,,,practice_unit,yes,yes,5hYYRufn40s,https://www.youtube.com/watch?v=5hYYRufn40s,medium,Baserunning circuit combining several movements; run as a unit.,no
b194ff1d-f857-47d5-911c-0bab06c6e6bc,Baseball Dynamic Stretches for Youth Players,Athletic Development,PRACTICE_UNIT,,,,,practice_unit,yes,yes,MNouzjZQ4wo,https://www.youtube.com/watch?v=MNouzjZQ4wo,high,Dynamic stretching routine run as one block.,no
bca3c9cb-536d-4066-b9d5-5d960f4eb9a7,5-Point Baserunning Checklist Drill,Baserunning,TEACHING_CONTENT,,,,,teaching_content,no,yes,k9ihDpMSAdM,https://www.youtube.com/watch?v=k9ihDpMSAdM,medium,"A five-point mental checklist for the runner, not an arrangement of players.",yes
ecf4c61b-0b8b-49bd-bbe5-697d42991d79,Base Running Circuit,Baserunning,MERGE_INTO,Base Running Athletic Circuit,32d3b75f-3d94-4048-b1e1-26a3d87e9449,,,practice_unit,yes,yes,5hYYRufn40s,https://www.youtube.com/watch?v=5hYYRufn40s,medium,Same circuit and same video as 32d3b75f; thinner row. Non-pilot: recorded only.,yes
b610bf25-fbc7-46e3-9c8a-16e07224bf70,Bent-Leg Slide Basics — The Right Way to Slide,Baserunning,KEEP_CANONICAL,,,sliding,base,activity,yes,yes,h_mEnVPL6Qg,https://www.youtube.com/watch?v=h_mEnVPL6Qg,high,Already the base of the sliding family. Concrete technique with a rep setting.,no
b2de2724-cd95-417e-ad7a-d6df5e55b34d,Fastest Technique Running Out of the Box,Baserunning,TEACHING_CONTENT,,,,,teaching_content,no,yes,tduq0roBxl0,https://www.youtube.com/watch?v=tduq0roBxl0,medium,"Teaches a technique out of the box; no setup, no rep pattern.",yes
92366675-97a6-5d04-b3b6-5a2909ce858f,First Base Decision,Baserunning,KEEP_CANONICAL,,,,,activity,yes,yes,,,high,"Through the bag or around it, decided while moving. No row covered the choice.",no
23a37283-c85e-4564-a48a-eaad8a691f78,How to Add Base Running Into Practice,Baserunning,TEACHING_CONTENT,,,,,teaching_content,no,yes,Hk9-ofX19Ig,https://www.youtube.com/watch?v=Hk9-ofX19Ig,high,"Coach education on structuring practice, not an activity for players.",no
5357926b-8cb2-4ca4-86e7-ee389f6793d5,How to Run the Bases — Pro Tips,Baserunning,TEACHING_CONTENT,,,,,teaching_content,no,yes,bWt9YWZiJps,https://www.youtube.com/watch?v=bWt9YWZiJps,high,Demonstrates technique across several situations; no runnable arrangement.,no
9335a346-33a3-4bd1-b65c-2664f9c7fcfb,Pop-Up Slide — Slide and Advance,Baserunning,KEEP_CANONICAL,,,sliding,progression,activity,yes,yes,wMZkEfiFBxc,https://www.youtube.com/watch?v=wMZkEfiFBxc,high,Already the sliding family progression.,no
4106c25c-beeb-4d11-b1aa-eb9aa85978ae,"Pro Base-Stealing Package — Leads, Reads & Jumps",Baserunning,PRACTICE_UNIT,,,,,practice_unit,yes,yes,iZK-Rtp1bv4,https://www.youtube.com/watch?v=iZK-Rtp1bv4,medium,"Called a package: leads, reads and jumps run together.",yes
3e15ab9d-f443-5a82-87df-8c4cc418c2e6,Progressive Tag Up,Baserunning,KEEP_CANONICAL,,,,,activity,yes,yes,,,high,Tagging up. Nothing in 211 rows mentioned it.,no
b9bb75c7-9ed0-47ee-9d11-2de953510027,Secondary Lead & Delayed Steal,Baserunning,KEEP_CANONICAL,,,,,activity,yes,yes,SXfbP6x3iXI,https://www.youtube.com/watch?v=SXfbP6x3iXI,medium,"Concrete: timing shuffles with the pitch, reading the catcher.",no
35a5e10e-9713-4887-ad07-030b421db06f,Simple Base Running Drills for Youth Practice,Baserunning,KEEP_CANONICAL,,,,,activity,yes,yes,hdyY3AoSkyk,https://www.youtube.com/watch?v=hdyY3AoSkyk,high,"Plural title but one activity — three angled cones, one setup. Name is not evidence.",no
a9b479c8-a255-4886-b35f-02986820de03,Skills and Drills for Baserunning,Baserunning,SOURCE_COLLECTION,,,,,source_collection,no,yes,k7OgmDDosck,https://www.youtube.com/watch?v=k7OgmDDosck,high,"Comprehensive coverage of leads, reading pitchers and sliding — three subjects.",no
282be624-51e9-4a06-ab37-7646b0a3da8b,Sliding Practice Stations,Baserunning,KEEP_CANONICAL,,,,,activity,yes,yes,e_q6AWdgabQ,https://www.youtube.com/watch?v=e_q6AWdgabQ,high,Station-based sliding reps: a concrete arrangement.,no
f9d5d796-ce11-4964-bc70-a3ce5f8a607f,Steal Breaks — Reading the Pitcher & First Move,Baserunning,KEEP_CANONICAL,,,,,activity,yes,yes,JVwDSgbUfBM,https://www.youtube.com/watch?v=JVwDSgbUfBM,high,One concrete skill with a read and a first move.,no
d358d3cd-7da8-5baf-9843-3fe2a81a6773,Swing and Sprint,Baserunning,KEEP_CANONICAL,,,,,activity,yes,yes,,,high,Attaches the sprint to the swing. Baserunning held 13 rows and nothing joining the two.,no
3f65e53c-eebc-511c-89a9-23e519dffba0,Wild Pitch Advance,Baserunning,KEEP_CANONICAL,,,,,activity,yes,yes,,,high,Reading a ball in the dirt. Nothing in 211 rows mentioned it.,no
a648dcab-45b3-4c81-9ed4-f29eaea4323e,Bunting with Lacrosse Stick,Bunting,KEEP_CANONICAL,,,,,activity,yes,yes,YLocEKnieBA,https://www.youtube.com/watch?v=YLocEKnieBA,high,"Named equipment, named target, one activity.",no
2db609fb-e152-400c-8927-038809eb062f,Competitive Team Bunting Game,Bunting,KEEP_CANONICAL,,,,,activity,yes,yes,SR8atnQMvg4,https://www.youtube.com/watch?v=SR8atnQMvg4,high,Scored team game with a stated scoring rule.,no
cf43c787-c5f1-4188-9aff-e574b2b08c0a,Deaden & Direct — Bunt Placement Drill,Bunting,KEEP_CANONICAL,,,,,activity,yes,yes,pIx9tM4NKrU,https://www.youtube.com/watch?v=pIx9tM4NKrU,high,High-rep placement drill with a stated target.,no
6103f317-ff80-4422-a86a-e83d9e15d80b,How to Bunt - Youth Skills,Bunting,TEACHING_CONTENT,,,,,teaching_content,no,yes,jw2edYj5Pk4,https://www.youtube.com/watch?v=jw2edYj5Pk4,medium,Fundamentals instruction; no setup or rep pattern stated.,yes
a50b19b7-e1ef-48fb-81b0-7cff9a96a0a0,How to Bunt Like a PRO,Bunting,TEACHING_CONTENT,,,,,teaching_content,no,yes,jQ155czytTU,https://www.youtube.com/watch?v=jQ155czytTU,medium,"Covers sacrifice and drag technique; instruction, not arrangement.",yes
fe58cb41-277b-4757-bd46-dc78206d4d45,3 Simple Framing Drills for Catchers,Catching,SOURCE_COLLECTION,,,,,source_collection,no,yes,Kwo1k2i-tSE,https://www.youtube.com/watch?v=Kwo1k2i-tSE,high,Three progressive framing drills — three activities in one row.,no
babe5481-655c-4c2e-9985-2465937c1067,Blocking the Right Way — Technique to Reaction Reps,Catching,KEEP_CANONICAL,,,,,activity,yes,yes,eQCF2jZiU5M,https://www.youtube.com/watch?v=eQCF2jZiU5M,high,Technique stated with a rep progression to reaction reps.,no
01316f5d-8ea2-451f-a243-5e5edbd47d74,Catcher Footwork Skills and Drills,Catching,SOURCE_COLLECTION,,,,,source_collection,no,yes,y4Ep5hji9TI,https://www.youtube.com/watch?v=y4Ep5hji9TI,high,"Covers stance, footwork and throw-downs — several activities.",no
367642e8-dfd4-4988-90e5-f2c4d10b3401,Catcher Throw-Down Footwork to Second,Catching,KEEP_CANONICAL,,,,,activity,yes,yes,RmlsQPV4OGs,https://www.youtube.com/watch?v=RmlsQPV4OGs,high,One footwork pattern to one base at game speed.,no
41594e0a-9e09-44f9-96f5-5b4ef955afab,Catching For Beginners (Jingle),Catching,TEACHING_CONTENT,,,,,teaching_content,no,yes,XySDLIYnuyw,https://www.youtube.com/shorts/XySDLIYnuyw,high,A mnemonic jingle. Nothing to schedule.,no
808e703f-d60e-4a0b-8cbd-845bcb4cc1bb,Game-Speed Reaction Blocking,Catching,KEEP_CANONICAL,,,,,activity,yes,yes,n8OCrOmbTBU,https://www.youtube.com/watch?v=n8OCrOmbTBU,high,Unpredictable balls in the dirt; a concrete read-and-react setup.,no
5c529012-7999-489d-90cb-4ccbeab94846,How to Get a T-Baller to Catch a Ball,Catching,TEACHING_CONTENT,,,,,teaching_content,no,yes,5Tq5EwiESHA,https://www.youtube.com/shorts/5Tq5EwiESHA,high,How to teach catching; addressed to the coach.,no
5f398d5c-6377-4119-b5b7-99b81f4b8028,MLB-Style Receiving & Framing Circuit,Catching,PRACTICE_UNIT,,,,,practice_unit,yes,yes,Z1erh6UVR_w,https://www.youtube.com/watch?v=Z1erh6UVR_w,medium,Five receiving drills presented as one circuit. Unit or collection is genuinely unclear.,yes
478cb186-6370-494d-b94a-47136344ccd8,One-Knee Receiving — Advanced Framing Setup,Catching,PRACTICE_UNIT,,,,,practice_unit,yes,yes,yJxiRn88Ms0,https://www.youtube.com/watch?v=yJxiRn88Ms0,high,"Resolved in Phase 2C. Five receiving drills run at one station from one stance — the same shape as MLB-Style Receiving & Framing Circuit, which is already a practice_unit. Classified for consistency with its settled sibling rather than on prose alone. Still schedulable.",no
a1914ed5-c1e1-4123-ad4c-66685131199b,Top 5 Blocking Drills for Catchers,Catching,SOURCE_COLLECTION,,,,,source_collection,no,yes,Tjzv5anKEe0,https://www.youtube.com/watch?v=Tjzv5anKEe0,high,Names five distinct drills. Each is separately extractable — Phase 2 candidate.,no
1be09ab8-a1a3-45ca-945b-b7b26585c379,Top 5 Catching Drills for 8U,Catching,SOURCE_COLLECTION,,,,,source_collection,no,yes,3QfepqKCWFo,https://www.youtube.com/watch?v=3QfepqKCWFo,high,Top-5 compilation.,no
e709ba50-5004-4e9c-a2b6-3abffa809e78,Youth Baseball Catching Drills,Catching,SOURCE_COLLECTION,,,,,source_collection,no,yes,AeJ3RvgTgvM,https://www.youtube.com/watch?v=AeJ3RvgTgvM,high,"Covers receiving, blocking and throwing — three subjects.",no
e7bd95b6-d491-49e2-a383-7fc381e7b0ce,Youth Receiving Foundations — Quiet Glove & Soft Hands,Catching,KEEP_CANONICAL,,,,,activity,yes,yes,JDRg2nvAwqU,https://www.youtube.com/watch?v=JDRg2nvAwqU,high,One receiving progression with stated glove presentation.,no
8f9473e4-ff47-41cd-96b1-756aa76a3379,2 Outfield Drills for Fly Balls,Fielding (Fly Balls),SOURCE_COLLECTION,,,,,source_collection,no,yes,sDhB2fAoQsA,https://www.youtube.com/watch?v=sDhB2fAoQsA,high,"Two drills in one row, by its own description.",no
79c17c8e-3331-4930-a729-a0d18196cf73,3 Great Drills for Teaching Fly Balls,Fielding (Fly Balls),SOURCE_COLLECTION,,,,,source_collection,no,yes,Lnfgd_ld_CM,https://www.youtube.com/watch?v=Lnfgd_ld_CM,medium,Three progressive drills. DEMOTING THIS LEAVES THE outfield-fly-ball-reads FAMILY WITHOUT A BASE — see report.,yes
19e2c8a9-d4a2-48bc-a511-0471f030d2e2,3 Great Outfield Drills for Youth Players,Fielding (Fly Balls),SOURCE_COLLECTION,,,,,source_collection,no,yes,ZMuVnmUY2CI,https://www.youtube.com/watch?v=ZMuVnmUY2CI,high,"Three drills covering drop step, footwork and more.",no
0dba3ce4-0df5-4905-b95b-09705a5595d5,Call It Early — Outfield Communication Basics,Fielding (Fly Balls),KEEP_CANONICAL,,,,,activity,yes,yes,x5oEDLlVpqo,https://www.youtube.com/watch?v=x5oEDLlVpqo,high,One communication activity with a stated drill format.,no
daea5efc-42ce-4a83-9f07-a867dd6fbddd,Do-or-Die Charge & Throw,Fielding (Fly Balls),KEEP_CANONICAL,,,,,activity,yes,yes,iUdI35veg5E,https://www.youtube.com/watch?v=iUdI35veg5E,high,"One play, one footwork rule, one release.",no
97efe128-5367-4ad5-959e-9c32f3b565e3,Essential Outfield Drills — Fly Balls and Ground Balls,Fielding (Fly Balls),SOURCE_COLLECTION,,,,,source_collection,no,yes,WUIM8NqNETg,https://www.youtube.com/watch?v=WUIM8NqNETg,high,Must-do drills across fly balls and ground balls.,no
3013e235-fd0a-5e1a-82a8-94bd2384f9d4,Fly Ball Confidence Ladder,Fielding (Fly Balls),KEEP_CANONICAL,,,,,activity,yes,yes,,,high,"Written for fear-fly-balls, whose only mapped row was a three-drill compilation. Progressive exposure with the distance as the dial.",no
29276b7a-fd04-45ff-825d-1d715d384908,Fly Ball Drill with Cones,Fielding (Fly Balls),KEEP_CANONICAL,,,,,activity,yes,yes,yiG7Lm-Vv28,https://www.youtube.com/watch?v=yiG7Lm-Vv28,high,Named equipment arrangement.,no
0c9a28d6-8fcf-4000-82fa-a1216ed45916,Flyball Communication Drill,Fielding (Fly Balls),KEEP_CANONICAL,,,,,activity,yes,yes,7CbADt5veC0,https://www.youtube.com/watch?v=7CbADt5veC0,high,One team communication drill. Same concept as 0dba3ce4 on a different video — family deferred.,no
6594d761-ce0b-4f2b-b72f-1f19fdb6574c,How to Catch a Fly Ball With Confidence,Fielding (Fly Balls),TEACHING_CONTENT,,,,,teaching_content,no,yes,e_8zNKXz_FQ,https://www.youtube.com/watch?v=e_8zNKXz_FQ,medium,Progressions toward comfort; no arrangement stated.,yes
7ae1f28a-6e16-4163-b481-1b89226397eb,Infield/Outfield Priority Drill,Fielding (Fly Balls),KEEP_CANONICAL,,,,,activity,yes,yes,5q3b9m2ERho,https://www.youtube.com/watch?v=5q3b9m2ERho,high,One priority rule drilled across the two groups.,no
07a59bb9-1b7c-554a-a1f1-98f4af671e21,On the Run,Fielding (Fly Balls),KEEP_CANONICAL,,,,,activity,yes,yes,,,high,Catching a fly ball while already moving. Every existing outfield row starts the player stationary.,no
744a47da-ef0c-42b0-b961-1175aaad42d9,Outfield Drop Step Drill,Fielding (Fly Balls),KEEP_CANONICAL,,,outfield-fly-ball-reads,base,activity,yes,yes,qvwkdxepqTk,https://www.youtube.com/watch?v=qvwkdxepqTk,high,Promoted to family base: the current base 79c17c8e is a collection.,yes
f0c8b459-6bb1-499b-8fae-3969e7917846,3 Simple Fielding Drills for Youth Players,Fielding (Infield),SOURCE_COLLECTION,,,,,source_collection,no,yes,EZtJ9JNPE2k,https://www.youtube.com/watch?v=EZtJ9JNPE2k,high,Three beginner drills in one row. DEMOTING THIS LEAVES ground-ball-fundamentals WITHOUT A BASE — 4c68b693 is promoted below.,yes
64c760e9-fb4d-449a-ba23-81dd057e0b11,4 High-Energy Infield Drills,Fielding (Infield),SOURCE_COLLECTION,,,,,source_collection,no,yes,U9Gr4OnGJQA,https://www.youtube.com/watch?v=U9Gr4OnGJQA,high,"Four drills in one row, by its own description.",no
5afa81e5-ec55-4066-b62f-1b535884060b,"Advanced First Base — Off-Line Throws, Picks & Short Hops",Fielding (Infield),KEEP_CANONICAL,,,,,activity,yes,yes,QR2QWQTHp-s,https://www.youtube.com/watch?v=QR2QWQTHp-s,high,Specific first-base work around the bag.,no
0833de14-902c-408a-a3a9-a8c4df28c4f1,Cross-Shuffle Drill,Fielding (Infield),KEEP_CANONICAL,,,,,activity,yes,yes,Rlfpp7_DBmQ,https://www.youtube.com/shorts/Rlfpp7_DBmQ,high,"Specific, named footwork pattern. Brief: keep.",no
2f5901d2-ed57-4f6b-9dcc-6d1dc6110ef9,Daily Backhand Series,Fielding (Infield),PRACTICE_UNIT,,,,,practice_unit,yes,yes,IEk4QipiFTY,https://www.youtube.com/watch?v=IEk4QipiFTY,medium,Five backhand drills run daily as one series.,yes
971dccd3-bc0f-4043-9e2d-3417fc6f7361,Double-Play Feeds & Turns,Fielding (Infield),KEEP_CANONICAL,,,,,activity,yes,yes,F0MwVYtimb8,https://www.youtube.com/watch?v=F0MwVYtimb8,high,One exchange at one base for two positions.,no
c345c3a1-bda3-43f7-b6f3-16e77432ab83,Figure Eight Infield Drill,Fielding (Infield),KEEP_CANONICAL,,,,,activity,yes,yes,hMdoQ94UxCE,https://www.youtube.com/watch?v=hMdoQ94UxCE,high,Distinct pattern. Brief: do NOT merge with Cone Drill or Four Cones.,no
6c2e8d58-e7f0-4727-b561-cb61bca27e25,First Base Footwork & Throw Adjustments,Fielding (Infield),KEEP_CANONICAL,,,,,activity,yes,yes,R1sbhgRzneQ,https://www.youtube.com/watch?v=R1sbhgRzneQ,high,"Concrete: adjusting feet to the throw. Same concept as d685834e, different video — family deferred.",no
d685834e-1b6a-45ad-b06a-d7cf63447eef,First Base Fundamentals — Finding the Bag & the Stretch,Fielding (Infield),KEEP_CANONICAL,,,,,activity,yes,yes,95B1kSchurQ,https://www.youtube.com/watch?v=95B1kSchurQ,high,Core first-base play with stated mechanics.,no
781605ce-10f5-400c-b7e2-6243915b5da2,Four Cones Ground Ball Drill,Fielding (Infield),KEEP_CANONICAL,,,ground-ball-fundamentals,space_variant,activity,yes,yes,fSTmvPm_77I,https://www.youtube.com/watch?v=fSTmvPm_77I,high,Keeps its existing family role. Brief: distinct from Cone Drill and Figure Eight.,no
267777ed-01d2-4985-a4aa-5a1c41299f11,Fun Fielding Drill for Young Players,Fielding (Infield),KEEP_CANONICAL,,,,,activity,yes,yes,kOz3WRPiXr8,https://www.youtube.com/watch?v=kOz3WRPiXr8,medium,One engaging fielding drill from a named coach.,no
fbbe6484-8b9d-486b-839e-23114e600c77,Groundball Transfer Catch,Fielding (Infield),KEEP_CANONICAL,,,,,activity,yes,yes,,https://www.youtube.com/playlist?list=PLef59HAX75_F3tYMHqkSuUtJ2tjPV9gMH,high,"One partner drill. Its only link is a PLAYLIST, not a video — no start point and no single demonstration. Worth a real video.",yes
b3534518-f0df-4f30-8378-0b7d084e5fb9,Infield Throwing Drill,Fielding (Infield),KEEP_CANONICAL,,,,,activity,yes,yes,98cZlSjRkw8,https://www.youtube.com/shorts/98cZlSjRkw8,high,One combined field-and-throw activity.,no
9fea10f7-efb9-4006-bce8-7a6109bb7fbe,Protect the Castle,Fielding (Infield),KEEP_CANONICAL,,,protect-the-castle,base,activity,yes,yes,,,high,"Already the family base. One of only TWO rows with no media at all, and it works — the written setup carries it.",no
6b13a4df-dc75-417f-89db-578fe99bdf44,Protect the Castle + Throw,Fielding (Infield),KEEP_CANONICAL,,,protect-the-castle,progression,activity,yes,yes,,,high,Already the family progression.,no
2f3326af-9848-534e-9cc2-3d0f628c1162,Recovery Drill,Fielding (Infield),KEEP_CANONICAL,,,,,activity,yes,yes,,,high,Recovery after a misplay. The library drilled clean ground balls almost exclusively.,no
adf1d78d-fbe5-417c-a2d0-5860e555b356,The Best Youth Infield Drill,Fielding (Infield),KEEP_CANONICAL,,,,,activity,yes,yes,acYqNE9jRXI,https://www.youtube.com/shorts/acYqNE9jRXI,medium,"Resolved in Phase 2C. Singular by name and description, and its video backs no other row, so there is no compilation ambiguity to resolve. One team ground-ball circuit. Medium because it is a volume drill and the setup was specified in 2C rather than found.",no
6517d249-a27d-41af-a86e-72bb8187c28b,The Cone Drill,Fielding (Infield),KEEP_CANONICAL,,,,,activity,yes,yes,Uj5lw17XvuI,https://www.youtube.com/watch?v=Uj5lw17XvuI,high,Named approach-angle drill. Brief: do NOT merge with Four Cones or Figure Eight.,no
4c68b693-a617-4827-a732-653c2a64a27d,The Flamingo Drill,Fielding (Infield),KEEP_CANONICAL,,,ground-ball-fundamentals,base,activity,yes,yes,moFsNt7cOig,https://www.youtube.com/shorts/moFsNt7cOig,high,Promoted from regression to family base: the current base f0c8b459 is a collection.,yes
192913af-c080-4361-b20e-f88f29db530f,The Hands Routine — Infield Fielding Drill,Fielding (Infield),KEEP_CANONICAL,,,,,activity,yes,yes,SHA1orN7eHE,https://www.youtube.com/watch?v=SHA1orN7eHE,high,"Named signature routine, one activity. Brief: keep specific.",no
270f1772-259d-4a05-8376-6b993d20137b,Three Drill Progression,Fielding (Infield),SOURCE_COLLECTION,,,,,source_collection,no,yes,Ey7Yr_zDgSI,https://www.youtube.com/watch?v=Ey7Yr_zDgSI,medium,Its own description says three separate drills.,yes
2d15c6de-d4a9-414a-9755-533140dd68b0,Three-Ball Slow Roller Drill,Fielding (Infield),KEEP_CANONICAL,,,,,activity,yes,yes,Elzjz_qhLM4,https://www.youtube.com/watch?v=Elzjz_qhLM4,high,One timed three-ball pattern.,no
6f1ef230-3f1a-4bcd-a969-87be5cdc65ed,Youth Infield Drill (Practice Anywhere),Fielding (Infield),KEEP_CANONICAL,,,,,activity,yes,yes,zp0hdAmWwZw,https://www.youtube.com/shorts/zp0hdAmWwZw,high,One posture-and-footwork activity with a stated space constraint.,no
0d6f53b2-ca7d-45ae-b0d2-eac1d8c13f9a,10 Best Baseball Hitting Drills for Kids,Hitting,SOURCE_COLLECTION,,,,,source_collection,no,yes,gOE484Meo_o,https://www.youtube.com/watch?v=gOE484Meo_o,high,Ten drills in one row. The example in the brief: a coach must never be asked to schedule this.,no
ebd5359b-cccd-4249-b2d9-6e66987535eb,10 Best Baseball Hitting Drills for Kids,Hitting,SOURCE_COLLECTION,,,,,source_collection,no,yes,gOE484Meo_o,https://www.youtube.com/watch?v=gOE484Meo_o,high,"Exact duplicate of 0d6f53b2 — same title, same video. Both demoted; de-duplication is Phase 2.",yes
0339e559-16cd-4912-94f6-a895ab8dc119,5 Essential Hitting Drills for Youth Baseball,Hitting,SOURCE_COLLECTION,,,,,source_collection,no,yes,3NqJh3hfYZc,https://www.youtube.com/watch?v=3NqJh3hfYZc,high,Five drills in one row.,no
abd7b4c8-d0a6-4ae5-ba4d-81b816da87c0,7 Best Youth Baseball Hitting Drills,Hitting,SOURCE_COLLECTION,,,,,source_collection,no,yes,UeJpXF55kvs,https://www.youtube.com/watch?v=UeJpXF55kvs,high,Seven-drill progression in one row.,no
0997fc64-a8e8-44b1-995c-3aa1e0291a99,Baby Steps - Hip Load,Hitting,KEEP_CANONICAL,,,,,activity,yes,yes,Sx-nSeUhACM,https://www.youtube.com/watch?v=Sx-nSeUhACM,high,One progressive load drill.,no
40eebd5c-d2ab-4245-92bc-5cf73e68ba87,Back Knee Down - Stay Centered,Hitting,KEEP_CANONICAL,,,,,activity,yes,yes,m74alEFc8FE,https://www.youtube.com/watch?v=m74alEFc8FE,high,One cue with one body position.,no
7bff401e-095e-447b-83e8-bc6cc750c85d,Barry Larkin / Walk-Through Power Drill,Hitting,KEEP_CANONICAL,,,,,activity,yes,yes,3Xqb7j2BYTU,https://www.youtube.com/watch?v=3Xqb7j2BYTU,medium,"Walk-through momentum drill. Same video and related concept to 5381544c; the brief warns against blind merge, so both stay canonical.",yes
4fa59dec-86b0-46f7-bb31-f59382b1e9f4,Bounce Toss / Angled Toss Drill,Hitting,KEEP_CANONICAL,,,,,activity,yes,yes,3Xqb7j2BYTU,https://www.youtube.com/watch?v=3Xqb7j2BYTU,high,Named feed pattern producing an unpredictable ball path.,no
1c406241-97b4-425d-8f16-89ade2dbbc22,Bucket Drill — Stay in Your Legs,Hitting,KEEP_CANONICAL,,,,,activity,yes,yes,hdyY3AoSkyk,https://www.youtube.com/watch?v=hdyY3AoSkyk,high,"Named equipment, stated body position.",no
26332028-2d32-4f42-817e-c8628f2bdbcd,Catch and Crush Drill — Stay Closed,Hitting,KEEP_CANONICAL,,,,,activity,yes,yes,3Xqb7j2BYTU,https://www.youtube.com/watch?v=3Xqb7j2BYTU,high,One concrete constraint on the top hand.,no
f1bf25fb-0167-4b61-b196-675b2ba14280,Don't Dump the Barrel,Hitting,KEEP_CANONICAL,,,,,activity,yes,yes,CfnTD3DyEM0,https://www.youtube.com/watch?v=CfnTD3DyEM0,medium,Targets a named flaw with a drill framing.,no
9847fa60-e5cd-53af-9831-5c6424dfe80c,Drop Ball Drill,Hitting,KEEP_CANONICAL,,,,,activity,yes,yes,,,high,"The shortest gap between now and swing. Distinct from bounce toss, which still gives the hitter an arc to read.",no
ba7e4b8c-ad36-45bd-9b63-b7b354b9d43d,Freeze at Extension Drill,Hitting,KEEP_CANONICAL,,,,,activity,yes,yes,NEfaNRgWJdU,https://www.youtube.com/watch?v=NEfaNRgWJdU,high,"One freeze point, one position to feel.",no
a50f834a-2912-4b0d-9da2-e6856760b644,Frisbee Drill — Hip Rotation & Finish,Hitting,KEEP_CANONICAL,,,,,activity,yes,yes,3Xqb7j2BYTU,https://www.youtube.com/watch?v=3Xqb7j2BYTU,high,Named equipment with its own feedback loop.,no
eec48dc4-af21-406e-95a2-9db5e22b7596,Front Toss,Hitting,KEEP_CANONICAL,,,hitting-front-toss,base,activity,yes,yes,q7CPS0RYDPM,https://www.youtube.com/watch?v=q7CPS0RYDPM,high,CANONICAL Front Toss. Cleanest name; 54cf8f72 merges in and carries the fuller setup.,no
54cf8f72-be57-478b-8a6d-bb084cadbddf,Front Toss Drill,Hitting,MERGE_INTO,Front Toss,eec48dc4-af21-406e-95a2-9db5e22b7596,hitting-front-toss,base,activity,yes,yes,q7CPS0RYDPM,https://www.youtube.com/watch?v=q7CPS0RYDPM,high,"Front Toss Drill is Front Toss. Same video, same activity. Brief names this pair.",no
f94e3f9c-0bd7-41a4-9479-c1ffcbaf5212,Fundamentals of Hitting — Coach's Clinic,Hitting,SOURCE_COLLECTION,,,,,source_collection,no,yes,5hYYRufn40s,https://www.youtube.com/watch?v=5hYYRufn40s,high,"A full coach's clinic covering all hitting topics. Shares a video with two baserunning circuits — the video is a long compilation, which is why a shared id proves nothing.",no
5381544c-f5e5-4e30-a9e8-fe049a090a07,Happy Gilmore / Walking Load Drill,Hitting,KEEP_CANONICAL,,,,,activity,yes,yes,3Xqb7j2BYTU,https://www.youtube.com/watch?v=3Xqb7j2BYTU,medium,"Step-behind walking load. Related to 7bff401e, not proven identical.",yes
037c8a5a-327f-42cf-a2a1-bd550fed9e68,High Tee,Hitting,KEEP_CANONICAL,,,hitting-high-tee,base,activity,yes,yes,77r6mWAUecA,https://www.youtube.com/watch?v=77r6mWAUecA,high,CANONICAL High Tee.,no
874e0c3a-14d6-4edd-beed-e943c1373d6d,High Tee Drill,Hitting,MERGE_INTO,High Tee,037c8a5a-327f-42cf-a2a1-bd550fed9e68,hitting-high-tee,base,activity,yes,yes,iKX-qxQ1X5g,https://www.youtube.com/watch?v=iKX-qxQ1X5g,high,"High Tee Drill is High Tee on a different video. LEAVES the tee-work family, where it was the progression.",yes
ba88a3cd-b2ae-430b-bd5e-d06c53f58838,High Tee Drill — Hitting Up in the Zone,Hitting,VARIATION_OF,High Tee,037c8a5a-327f-42cf-a2a1-bd550fed9e68,hitting-high-tee,progression,activity,yes,yes,77r6mWAUecA,https://www.youtube.com/watch?v=77r6mWAUecA,high,High Tee with the compact-path constraint added. Brief: variation.,no
32b31e2c-78f6-47a2-a166-7ce9a3053969,Hitting Tips for Tee Ball (4-5 Year Olds),Hitting,TEACHING_CONTENT,,,,,teaching_content,no,yes,k8Lzh6YJLUE,https://www.youtube.com/watch?v=k8Lzh6YJLUE,high,Parent-facing fundamentals for 4-5 year olds; no arrangement.,no
38d1c493-6e09-4708-8cb7-7fab7eda189f,How to Hit a Baseball Step by Step,Hitting,TEACHING_CONTENT,,,,,teaching_content,no,yes,q7CPS0RYDPM,https://www.youtube.com/watch?v=q7CPS0RYDPM,high,Step-by-step mechanics breakdown.,no
fd2b2033-22ec-48f1-96c9-646bb2a1a6f3,In-Swing Off-Speed Adjustment,Hitting,TEACHING_CONTENT,,,,,teaching_content,no,yes,oCq8NblqfQE,https://www.youtube.com/watch?v=oCq8NblqfQE,medium,Describes the correct in-swing adjustment; no setup or reps.,yes
55afb864-a8b0-496c-9b08-3e6805c7902d,Inside-Out Swing Drill (Fence Drill),Hitting,KEEP_CANONICAL,,,,,activity,yes,yes,9XkdpzNrswo,https://www.youtube.com/watch?v=9XkdpzNrswo,high,Named constraint object at a stated distance.,no
8f19ecd6-4892-46be-9f0c-b1aef17a86d6,Knee Drill (Rotational Load),Hitting,KEEP_CANONICAL,,,,,activity,yes,yes,77r6mWAUecA,https://www.youtube.com/watch?v=77r6mWAUecA,high,"Shares the NAME Knee Drill with a pitching row (7d82c674) and is a different activity. Name collision, not duplication.",yes
7a2a344c-b2d7-4bf6-b0a2-e1dec8d835ab,Line Drive Pro / Visual Feedback Swing Drill,Hitting,KEEP_CANONICAL,,,,,activity,yes,yes,UeJpXF55kvs,https://www.youtube.com/watch?v=UeJpXF55kvs,high,Named trainer with an improvised fallback.,no
31af2888-b541-479e-8a0f-78bcb528ea17,Load to Launch Drill,Hitting,KEEP_CANONICAL,,,,,activity,yes,yes,8t_2jHXCdaI,https://www.youtube.com/watch?v=8t_2jHXCdaI,high,One transition drilled.,no
e597ce36-5625-42f2-a378-30052499bb18,Low Tee,Hitting,KEEP_CANONICAL,,,,,activity,yes,yes,q7CPS0RYDPM,https://www.youtube.com/watch?v=q7CPS0RYDPM,high,Mirror of High Tee. Whether Low Tee joins hitting-high-tee as a height family is a Phase 2 call.,yes
ee6aa905-1e2c-4f96-8eff-4dc22fc01d4f,Mini Wiffle Ball & Skinny Bat Drill,Hitting,KEEP_CANONICAL,,,,,activity,yes,yes,UeJpXF55kvs,https://www.youtube.com/watch?v=UeJpXF55kvs,high,"Named equipment, one activity.",no
0e5e88b4-7b3c-4325-b658-179e638a8c24,One Hand Drill,Hitting,KEEP_CANONICAL,,,hitting-one-hand,base,activity,yes,yes,9XkdpzNrswo,https://www.youtube.com/watch?v=9XkdpzNrswo,high,"CANONICAL One-Hand Hitting, per the brief.",no
966c4b46-bc36-4589-9bce-ca0682e24c13,One Hand Hitting Drill,Hitting,MERGE_INTO,One Hand Drill,0e5e88b4-7b3c-4325-b658-179e638a8c24,hitting-one-hand,base,activity,yes,yes,9XkdpzNrswo,https://www.youtube.com/watch?v=9XkdpzNrswo,high,"One Hand Hitting Drill is One Hand Drill. Same video, same activity.",no
09efef50-4077-4e64-80cc-e7d31a8aaa23,One-Hand Tee Drill (Bottom Hand),Hitting,VARIATION_OF,One Hand Drill,0e5e88b4-7b3c-4325-b658-179e638a8c24,hitting-one-hand,regression,activity,yes,yes,9XkdpzNrswo,https://www.youtube.com/watch?v=9XkdpzNrswo,high,"Bottom-hand isolation. Brief: a variation, not a duplicate.",no
0ddcfd4a-2520-4d3a-ae98-b647bf07c49b,One-Hand Tee Drill (Top Hand),Hitting,VARIATION_OF,One Hand Drill,0e5e88b4-7b3c-4325-b658-179e638a8c24,hitting-one-hand,progression,activity,yes,yes,9XkdpzNrswo,https://www.youtube.com/watch?v=9XkdpzNrswo,high,"Top-hand isolation. LEAVES the tee-work family, where it sat as a regression of Tee Work — a different concept.",yes
769ab66e-93c9-41bb-8519-91bd3e0ab186,Oppo Tee & Toss — Stay Inside the Ball,Hitting,KEEP_CANONICAL,,,,,activity,yes,yes,OhWNIpPlcgA,https://www.youtube.com/watch?v=OhWNIpPlcgA,high,One repeatable tee/toss drill with a stated target field.,no
84ce5709-6afa-44ad-8a73-2e7c8320dd99,Opposite-Field Teaching Progression,Hitting,TEACHING_CONTENT,,,,,teaching_content,no,yes,pn3xtpCc8uM,https://www.youtube.com/watch?v=pn3xtpCc8uM,high,Five methods for teaching; addressed to the coach.,no
40b34435-fd5f-4263-ae2f-b53083ce4531,Overload/Underload Bat Speed Progression,Hitting,PRACTICE_UNIT,,,,,practice_unit,yes,yes,Oz1oGdb0n-8,https://www.youtube.com/watch?v=Oz1oGdb0n-8,medium,A sequenced bat-weight protocol run as a unit.,yes
9e9405f3-80fb-4ad6-928c-e7749be5e0f6,PVC Pipe Hip Rotation Drill,Hitting,KEEP_CANONICAL,,,,,activity,yes,yes,UeJpXF55kvs,https://www.youtube.com/watch?v=UeJpXF55kvs,high,"Named equipment, one movement, no bat.",no
5abc9df7-d4ad-40d3-b95e-2eb275e82710,PVC Posture Drill,Hitting,KEEP_CANONICAL,,,,,activity,yes,yes,p7B12g_o4pQ,https://www.youtube.com/watch?v=p7B12g_o4pQ,high,"Same equipment as 9e9405f3, different purpose (posture, not rotation). Not a duplicate.",no
4148cfe0-4a27-4abc-a754-dcd5f2544f0e,Shoulder Swings — Stay Short to the Ball,Hitting,KEEP_CANONICAL,,,,,activity,yes,yes,3Xqb7j2BYTU,https://www.youtube.com/watch?v=3Xqb7j2BYTU,high,One dry-swing constraint.,no
fe94a671-1d24-40fe-9771-4c7f5f708c14,Soft Toss,Hitting,KEEP_CANONICAL,,,soft-toss,base,activity,yes,yes,O7FHkj4EUpY,https://www.youtube.com/watch?v=O7FHkj4EUpY,high,CANONICAL Soft Toss. Takes the family base from the two duplicate rows below.,no
18e0cf1e-7f9b-4e51-9125-db81b04811a3,Soft Toss From the Side,Hitting,MERGE_INTO,Soft Toss,fe94a671-1d24-40fe-9771-4c7f5f708c14,soft-toss,base,activity,yes,yes,O7FHkj4EUpY,https://www.youtube.com/watch?v=O7FHkj4EUpY,high,Soft Toss From the Side is Soft Toss. Same video.,no
d38bd8d0-2293-41ce-a97d-b5cb15f47fbc,Soft Toss From the Side,Hitting,MERGE_INTO,Soft Toss,fe94a671-1d24-40fe-9771-4c7f5f708c14,soft-toss,base,activity,yes,yes,O7FHkj4EUpY,https://www.youtube.com/watch?v=O7FHkj4EUpY,high,"Exact duplicate of 18e0cf1e — same title, same video, both already base of the same family.",yes
252404f0-38c3-481f-a18b-f7ce0262903f,Stance & Athletic Position Drill,Hitting,KEEP_CANONICAL,,,hitting-stance,base,activity,yes,yes,UeJpXF55kvs,https://www.youtube.com/watch?v=UeJpXF55kvs,high,CANONICAL stance work; carries the fuller setup.,no
4483bfeb-19df-401b-97ce-6f97e527a99b,Stance Drill,Hitting,MERGE_INTO,Stance & Athletic Position Drill,252404f0-38c3-481f-a18b-f7ce0262903f,hitting-stance,base,activity,yes,yes,UeJpXF55kvs,https://www.youtube.com/watch?v=UeJpXF55kvs,high,Stance Drill is the same activity on the same video. Brief names this pair.,no
6c655fff-6181-4b7b-b22b-e1401e2e1f27,Stay Back — Beat the Changeup,Hitting,KEEP_CANONICAL,,,,,activity,yes,yes,8_6Ea45fL5s,https://www.youtube.com/watch?v=8_6Ea45fL5s,high,"Resolved in Phase 2C. Its video backs no other row, and the row is one station — varied-speed front toss, three rounds of twelve. The 'concept then drills' ambiguity is gone now the station is specified.",no
2a82682f-f56c-527b-ba67-b57bd5a62e4d,Stride Box,Hitting,KEEP_CANONICAL,,,,,activity,yes,yes,,,high,Stride control as a constraint. The three existing stride rows are all PITCHING stride; nothing constrained a hitter's.,no
f35c8a06-d0e9-4a8b-ac8a-efffb204f026,Stride Pause to Stride Swing Drill,Hitting,KEEP_CANONICAL,,,,,activity,yes,yes,UeJpXF55kvs,https://www.youtube.com/watch?v=UeJpXF55kvs,high,One pause point inserted into the swing.,no
bd106179-ca57-47ef-9e7e-5f8f235405b0,Tee Drill,Hitting,MERGE_INTO,Tee Work,6a2c9dc7-f08c-47fd-9a08-f9e117f466cb,tee-work,base,activity,yes,yes,q7CPS0RYDPM,https://www.youtube.com/watch?v=q7CPS0RYDPM,high,Tee Drill and Tee Work carry WORD-FOR-WORD IDENTICAL descriptions and the same video.,no
6a2c9dc7-f08c-47fd-9a08-f9e117f466cb,Tee Work,Hitting,KEEP_CANONICAL,,,tee-work,base,activity,yes,yes,q7CPS0RYDPM,https://www.youtube.com/watch?v=q7CPS0RYDPM,high,CANONICAL Tee Work; keeps its existing family base.,no
9300e679-69a7-4757-b74d-172103654860,Tee Work — Ball Out In Front,Hitting,VARIATION_OF,Tee Work,6a2c9dc7-f08c-47fd-9a08-f9e117f466cb,tee-work,progression,activity,yes,yes,q7CPS0RYDPM,https://www.youtube.com/watch?v=q7CPS0RYDPM,high,Tee moved in front of the plate — a stated variation of the base setup.,no
feb4908a-bcde-4744-9a56-010c49b01072,The Catch Drill — Track & Read Pitches,Hitting,KEEP_CANONICAL,,,,,activity,yes,yes,0Phvj-iyLcc,https://www.youtube.com/watch?v=0Phvj-iyLcc,high,Hitters catch instead of swinging; one concrete constraint.,no
aeae3e6a-487e-4f74-874d-edfeb83d3446,The Move-'Em At-Bat — Advancing Runners,Hitting,KEEP_CANONICAL,,,,,activity,yes,yes,_yEr3pFHQUA,https://www.youtube.com/watch?v=_yEr3pFHQUA,medium,"A situational at-bat. Runnable as a live situation, but the row reads partly as analysis.",yes
ac27e607-b52e-4865-8240-5a9b7795a410,The Swing Rail / Stay Inside the Ball Drill,Hitting,KEEP_CANONICAL,,,,,activity,yes,yes,UeJpXF55kvs,https://www.youtube.com/watch?v=UeJpXF55kvs,high,Named guide with an improvised fallback.,no
6d491e2a-be0d-4c9a-94c4-6d66f6d6bfb8,The Track and Catch Drill — Head on the Ball,Hitting,KEEP_CANONICAL,,,,,activity,yes,yes,gOE484Meo_o,https://www.youtube.com/watch?v=gOE484Meo_o,high,A real single drill extracted from the 10 Best compilation video — proof a collection video contains genuine activities.,no
e6299ad6-888e-5507-a5a5-57cdf5359996,Turn and Take It,Hitting,KEEP_CANONICAL,,,,,activity,yes,yes,,,high,"Written for plate-confidence, which had a compilation, a parent-facing video, and a CATCHING row mis-mapped to a hitting problem.",no
ca7017e4-6fa1-4440-8d93-e08dd55eeaa8,Two-Strike Hitting Adjustment Drill,Hitting,KEEP_CANONICAL,,,,,activity,yes,yes,gOE484Meo_o,https://www.youtube.com/watch?v=gOE484Meo_o,high,Also extracted from the 10 Best compilation. One concrete adjustment.,no
f5a6bed9-86d9-4578-85f9-8449c0fc1e33,Two-Tee Drill — Contact at Different Heights,Hitting,KEEP_CANONICAL,,,,,activity,yes,yes,q7CPS0RYDPM,https://www.youtube.com/watch?v=q7CPS0RYDPM,high,Two tees at stated heights; one arrangement.,no
253fee8d-d86f-497b-83db-44e622fb0a2d,4-Part Windup Drill — Breaking Down the Delivery,Pitching,PRACTICE_UNIT,,,,,practice_unit,yes,yes,McHb2hXrTrE,https://www.youtube.com/watch?v=McHb2hXrTrE,medium,"The delivery broken into four parts, run in sequence.",yes
1176adaf-60f6-4dc1-a596-f30773a9c5be,5 Youth Pitching Drills From Your Knees,Pitching,SOURCE_COLLECTION,,,,,source_collection,no,yes,Sx15PJz027o,https://www.youtube.com/watch?v=Sx15PJz027o,high,Five drills in one row.,no
7563acaf-50dc-4e28-b332-764a6a31c932,9 Best Pitching Drills for Kids,Pitching,SOURCE_COLLECTION,,,,,source_collection,no,yes,ImeXGqKYP7Y,https://www.youtube.com/watch?v=ImeXGqKYP7Y,high,"Nine drills, several named in the description.",no
868fa15d-bfde-4487-83af-d5b27e8962ba,9 Best Pitching Drills for Kids — Full Progression,Pitching,SOURCE_COLLECTION,,,,,source_collection,no,yes,ImeXGqKYP7Y,https://www.youtube.com/watch?v=ImeXGqKYP7Y,high,"Near-duplicate of 7563acaf: same nine drills, same video, different title.",yes
22aad66e-9d36-4b43-9d87-5b402d6621a0,Balance Drill,Pitching,MERGE_INTO,Balance Point Drill — Leg Lift & Pause,a54d536f-e4f0-4dd5-91d2-d007bd274250,,,activity,yes,yes,ImeXGqKYP7Y,https://www.youtube.com/watch?v=ImeXGqKYP7Y,high,"Balance Drill is the balance point hold. Same video, thinner row.",no
a54d536f-e4f0-4dd5-91d2-d007bd274250,Balance Point Drill — Leg Lift & Pause,Pitching,KEEP_CANONICAL,,,,,activity,yes,yes,ImeXGqKYP7Y,https://www.youtube.com/watch?v=ImeXGqKYP7Y,high,CANONICAL balance point hold; three rows collapse here.,no
fbbf59c6-6024-5692-9db9-6a0257139f65,Changeup Catch Play,Pitching,KEEP_CANONICAL,,,,,activity,yes,yes,,,high,"Written for no-changeup, whose three mapped rows were all grip explanations with no rep structure.",no
023d2682-3b38-4917-9ae2-6346e30c9abf,Changeup Grip Menu — Match the Grip to the Hand,Pitching,TEACHING_CONTENT,,,,,teaching_content,no,yes,Ji0QzOJe3hE,https://www.youtube.com/watch?v=Ji0QzOJe3hE,high,A menu of grips to choose from; nothing to run.,no
a559ea0e-7d73-4920-905f-ccb86e117f4e,Flamingo Balance Drill — Single-Leg Stability,Pitching,KEEP_CANONICAL,,,,,activity,yes,yes,ImeXGqKYP7Y,https://www.youtube.com/watch?v=ImeXGqKYP7Y,high,"Single-leg holds for stated times, no ball. Distinct from the balance point hold.",no
45f3c274-4d4c-473f-bb3a-a74ecd64ef04,Follow Through Drill,Pitching,MERGE_INTO,Follow-Through Hold Drill — Finishing Strong,41ff62cc-fb54-4266-8d0c-083a1c341161,,,activity,yes,yes,McHb2hXrTrE,https://www.youtube.com/watch?v=McHb2hXrTrE,high,"Same hold, same video, thinner row.",no
41ff62cc-fb54-4266-8d0c-083a1c341161,Follow-Through Hold Drill — Finishing Strong,Pitching,KEEP_CANONICAL,,,,,activity,yes,yes,McHb2hXrTrE,https://www.youtube.com/watch?v=McHb2hXrTrE,high,CANONICAL follow-through hold with stated checks.,no
b1c3653c-82a0-446e-a9cb-0dd5ebf09864,Glove-Side Pull Drill — Front Side Control,Pitching,KEEP_CANONICAL,,,,,activity,yes,yes,4NOo7JSK6eA,https://www.youtube.com/watch?v=4NOo7JSK6eA,high,One isolated arm with a stated action.,no
e5d28c39-30b0-48fd-9534-8a43cd8154db,Hip Lead Drill,Pitching,KEEP_CANONICAL,,,,,activity,yes,yes,4NOo7JSK6eA,https://www.youtube.com/watch?v=4NOo7JSK6eA,high,"Resolved in Phase 2C. The only argument for merging into the Rocker was a shared video; that video backs NINETEEN distinct rows including Wall Ball, Long Toss and High Five, so it is a compilation and carries no information about identity. Different setup from the Rocker.",no
6955e8e1-756d-4f11-a1ca-0675527ebc9e,Indoor Team Pitching Drills,Pitching,SOURCE_COLLECTION,,,,,source_collection,no,yes,TPIs68iqZVA,https://www.youtube.com/watch?v=TPIs68iqZVA,high,"Team drills, plural, gathered by venue rather than by activity.",no
7d82c674-bbcf-44da-99cf-4c1a8e1c123f,Knee Drill,Pitching,MERGE_INTO,Kneel-Down (Wrist Snap) Drill — Release Point & Backspin,94124e82-c8f2-411b-9daa-f0a1a176663e,,,activity,yes,yes,McHb2hXrTrE,https://www.youtube.com/watch?v=McHb2hXrTrE,high,"Kneel and throw with forearm and wrist — the kneel-down drill, thinner row, same video.",no
94124e82-c8f2-411b-9daa-f0a1a176663e,Kneel-Down (Wrist Snap) Drill — Release Point & Backspin,Pitching,KEEP_CANONICAL,,,,,activity,yes,yes,McHb2hXrTrE,https://www.youtube.com/watch?v=McHb2hXrTrE,high,CANONICAL kneel-down wrist snap with stated distance.,no
1cf0e1cf-3ea6-4610-85ab-73cad0708d37,Leg Lift Drill,Pitching,MERGE_INTO,Balance Point Drill — Leg Lift & Pause,a54d536f-e4f0-4dd5-91d2-d007bd274250,,,activity,yes,yes,ImeXGqKYP7Y,https://www.youtube.com/watch?v=ImeXGqKYP7Y,high,Leg lift to balance point and hold — the same drill again.,no
8219d6db-fbe4-4ee2-93e5-4b5ecd46b12c,Must-Do Youth Pitching Drills for Beginners,Pitching,SOURCE_COLLECTION,,,,,source_collection,no,yes,McHb2hXrTrE,https://www.youtube.com/watch?v=McHb2hXrTrE,high,A collection of must-do drills.,no
14e902d5-2cfc-47fc-8670-52a5b8942f45,Rocker Drill,Pitching,MERGE_INTO,The Rocker Drill — Hip Lead & Weight Shift,03eab7d0-7e67-4143-91e5-b8e4e783014a,,,activity,yes,yes,4NOo7JSK6eA,https://www.youtube.com/watch?v=4NOo7JSK6eA,high,"Rocker Drill, thinner row, same video.",no
9611311a-34f7-444d-a98c-44b689a181b6,Rotational Efficiency Drills,Pitching,SOURCE_COLLECTION,,,,,source_collection,no,yes,RXvrHLb0OII,https://www.youtube.com/watch?v=RXvrHLb0OII,medium,Two drills in one row.,yes
ffc26e2a-7801-42b7-b610-9a996527e638,Square Hips / Hip Lock Drill — Hip-Shoulder Separation,Pitching,KEEP_CANONICAL,,,,,activity,yes,yes,4NOo7JSK6eA,https://www.youtube.com/watch?v=4NOo7JSK6eA,high,One position held at front foot landing.,no
f47eba7c-bf41-4e1a-8a65-882f6fdcb0b1,Stride Direction Drill — Using a Chalk Line or Tape,Pitching,KEEP_CANONICAL,,,,,activity,yes,yes,McHb2hXrTrE,https://www.youtube.com/watch?v=McHb2hXrTrE,high,CANONICAL stride direction with named equipment.,no
6829d43b-3680-4524-bc97-16cb75d645a0,Stride Drill,Pitching,MERGE_INTO,Stride Direction Drill — Using a Chalk Line or Tape,f47eba7c-bf41-4e1a-8a65-882f6fdcb0b1,,,activity,yes,yes,McHb2hXrTrE,https://www.youtube.com/watch?v=McHb2hXrTrE,high,"Chalk line stride check — the same drill, thinner row, same video.",no
9d2b4035-6c2c-4ae2-891c-c617aee30d22,"Teaching the Changeup — Fastball Arm, Slower Ball",Pitching,TEACHING_CONTENT,,,,,teaching_content,no,yes,9CzbPIQfXmM,https://www.youtube.com/watch?v=9CzbPIQfXmM,high,A method for developing a pitch; instruction to the coach.,no
b22aa9c8-7cd1-4dc0-bba3-c66b03396e21,The Heel-Toe Drill — Front Foot Landing,Pitching,KEEP_CANONICAL,,,,,activity,yes,yes,4NOo7JSK6eA,https://www.youtube.com/watch?v=4NOo7JSK6eA,high,One landing cue drilled.,no
25b42f9f-7769-47ac-ad0e-f9140091660e,The Lawnmower Drill — Arm Action & Wrist Snap,Pitching,KEEP_CANONICAL,,,,,activity,yes,yes,9EAbFFMBBGE,https://www.youtube.com/watch?v=9EAbFFMBBGE,high,One named isolation of arm action.,no
03eab7d0-7e67-4143-91e5-b8e4e783014a,The Rocker Drill — Hip Lead & Weight Shift,Pitching,KEEP_CANONICAL,,,,,activity,yes,yes,4NOo7JSK6eA,https://www.youtube.com/watch?v=4NOo7JSK6eA,high,CANONICAL Rocker Drill; three rows collapse here.,no
29ba52d6-4c87-40be-9c07-e0e760bf4cbc,The Rocker Drill for Pitching,Pitching,MERGE_INTO,The Rocker Drill — Hip Lead & Weight Shift,03eab7d0-7e67-4143-91e5-b8e4e783014a,,,activity,yes,yes,4NOo7JSK6eA,https://www.youtube.com/watch?v=4NOo7JSK6eA,high,"The Rocker Drill for Pitching is the Rocker Drill. Same video, same coach.",no
cf56cda8-d397-4ed7-873b-560b78d6473e,The Swing Shuffle Drill — Momentum & Rhythm,Pitching,KEEP_CANONICAL,,,,,activity,yes,yes,4NOo7JSK6eA,https://www.youtube.com/watch?v=4NOo7JSK6eA,high,One rhythm pattern with a stated step.,no
93cf7e08-9bd0-48c3-a344-26e092c651e7,Towel Drill — Arm Speed & Release Point,Pitching,KEEP_CANONICAL,,,,,activity,yes,yes,ImeXGqKYP7Y,https://www.youtube.com/watch?v=ImeXGqKYP7Y,high,CANONICAL towel drill with stated equipment and partner.,no
efc92935-5d8b-48d1-b56a-ac965f0f3716,Towel Snap Drill,Pitching,MERGE_INTO,Towel Drill — Arm Speed & Release Point,93cf7e08-9bd0-48c3-a344-26e092c651e7,,,activity,yes,yes,ImeXGqKYP7Y,https://www.youtube.com/watch?v=ImeXGqKYP7Y,high,"Towel Snap is the towel drill, thinner row, same video.",no
3ac709ad-ed24-436f-ae50-31c43c4261a7,Traditional Changeup — Grip & First Throws,Pitching,TEACHING_CONTENT,,,,,teaching_content,no,yes,RJRjtqWjNnQ,https://www.youtube.com/watch?v=RJRjtqWjNnQ,high,Grip introduction; nothing arranged.,no
77722605-74bc-44b8-9581-fdd1c7d9a4d3,Wrist Snap Drill,Pitching,MERGE_INTO,Kneel-Down (Wrist Snap) Drill — Release Point & Backspin,94124e82-c8f2-411b-9daa-f0a1a176663e,,,activity,yes,yes,McHb2hXrTrE,https://www.youtube.com/watch?v=McHb2hXrTrE,medium,Isolating wrist snap on the same video as the kneel-down drill; likely the same activity.,yes
73c7c466-4de3-45a1-ad1b-bfc7100bb5a0,Youth Pitching Mechanics — Complete Step-by-Step Breakdown,Pitching,TEACHING_CONTENT,,,,,teaching_content,no,yes,4NOo7JSK6eA,https://www.youtube.com/watch?v=4NOo7JSK6eA,high,Complete mechanics walkthrough with slow motion.,no
731d15d2-5e07-4a45-abb4-96163738905e,How to Soft Toss,Soft Toss,TEACHING_CONTENT,,,,,teaching_content,no,yes,rV3EQ5tHcNE,https://www.youtube.com/watch?v=rV3EQ5tHcNE,medium,Proper technique for the feeder; instruction rather than an activity.,yes
4cd55f36-4ac8-447a-9633-936c9b1f6c22,Ripken Soft Toss Drill,Soft Toss,KEEP_CANONICAL,,,,,activity,yes,yes,TZ9CQUmPjn8,https://www.youtube.com/watch?v=TZ9CQUmPjn8,high,A named constraint (eliminate the lower half) on soft toss.,no
fac499f5-7d4b-49b2-a924-55c97a96eeef,Sunflower Seed Soft Toss,Soft Toss,KEEP_CANONICAL,,,,,activity,yes,yes,I5KNd4H_b4Q,https://www.youtube.com/watch?v=I5KNd4H_b4Q,high,Named substitute object; a distinct activity.,no
1f64a6c2-11bd-40d4-a45d-ae028f83db91,Two Balls Toss Drill,Soft Toss,KEEP_CANONICAL,,,soft-toss,advanced,activity,yes,yes,pOu6Rfnf8og,https://www.youtube.com/watch?v=pOu6Rfnf8og,high,Keeps its existing family role as the advanced variation.,no
2da70c16-18d3-4b63-8eca-12804ac048ea,"Calm Rundowns — Push Back, Follow Your Throw",Team Defense,KEEP_CANONICAL,,,rundowns,progression,activity,yes,yes,cV8Ivq0XcJA,https://www.youtube.com/watch?v=cV8Ivq0XcJA,high,Keeps its existing family role.,no
b1f220a4-fdc3-4750-810f-b431e0c8a16f,Cutoff Responsibilities by Situation,Team Defense,KEEP_CANONICAL,,,cuts-and-relays,advanced,activity,yes,yes,wIU9NdCBBkE,https://www.youtube.com/watch?v=wIU9NdCBBkE,high,Keeps its existing family role.,no
91bc52cf-a234-4ad3-97a6-6df6038c752c,Game-Speed Rundown Execution,Team Defense,KEEP_CANONICAL,,,rundowns,advanced,activity,yes,yes,OAbBekHAk_g,https://www.youtube.com/watch?v=OAbBekHAk_g,high,Game-speed rundown; joins the existing rundowns family above the progression.,no
f3ca0dde-8e0c-56f3-8791-29c0e51045f2,"Grounder to First, Pitcher Covers",Team Defense,KEEP_CANONICAL,,,,,activity,yes,yes,,,high,The 3-1 play. Nothing in the library covered the pitcher covering first.,no
ef98c922-d86a-46ea-913c-903b41c8ba2e,"Line Relay Race — Catch, Turn, Throw",Team Defense,KEEP_CANONICAL,,,cuts-and-relays,base,activity,yes,yes,YipF1W7BDJM,https://www.youtube.com/watch?v=YipF1W7BDJM,high,Keeps its existing family role.,no
37f0c306-4c6c-4fa6-8491-96fa90893be9,Little League Cuts & Relays System,Team Defense,KEEP_CANONICAL,,,cuts-and-relays,progression,activity,yes,yes,Yle6R1-flA8,https://www.youtube.com/watch?v=Yle6R1-flA8,high,Keeps its existing family role.,no
62b2ed36-03da-4e9d-a424-1d94620fde7d,Machine-Fed Relay Sequences at Game Speed,Team Defense,KEEP_CANONICAL,,,,,activity,yes,yes,TJXQiYdueQc,https://www.youtube.com/watch?v=TJXQiYdueQc,high,One machine-fed sequence at game speed.,no
dac833d7-c4f6-42ce-8409-ea83dd77fa65,Two-Base Pickle Drill,Team Defense,KEEP_CANONICAL,,,rundowns,base,activity,yes,yes,OEYEvKRh2eQ,https://www.youtube.com/watch?v=OEYEvKRh2eQ,high,Keeps its existing family role.,no
455f390b-dd25-4389-a65d-9485f7b6fa53,10 Best Baseball Throwing Drills for Kids,Throwing,SOURCE_COLLECTION,,,,,source_collection,no,yes,YRAjMC5F4sg,https://www.youtube.com/watch?v=YRAjMC5F4sg,high,"Ten drills in one row, several named.",no
02521925-f738-4f32-a8e5-cc2951732244,10 Best Baseball Throwing Drills for Kids — Full Progression,Throwing,SOURCE_COLLECTION,,,,,source_collection,no,yes,YRAjMC5F4sg,https://www.youtube.com/watch?v=YRAjMC5F4sg,high,"Near-duplicate of 455f390b: same ten drills, same video, different title.",yes
3269f5db-7541-42a7-b085-0b209f0dd8a6,Bullseye Challenge — Throwing Accuracy Competition,Throwing,KEEP_CANONICAL,,,,,activity,yes,yes,YRAjMC5F4sg,https://www.youtube.com/watch?v=YRAjMC5F4sg,high,A scored competition extracted from the compilation video.,no
f94e6efc-9146-469b-bee2-c46466d882aa,Catch Drill,Throwing,MERGE_INTO,EASY Baseball Catch Drill — First Catch Fundamentals,09b8ebeb-a43d-40db-b1ae-eaa44e48f82c,throwing-first-catch,base,activity,yes,yes,pPx0lH8Kd3Y,https://www.youtube.com/watch?v=pPx0lH8Kd3Y,high,"Fingers up/down catch basics — the same drill as 09b8ebeb, same video, thinner row.",no
d4efaaad-808d-4e4f-8539-9c56c5c1835a,Clean Up Crew — Fun Fielding-to-Throw Game,Throwing,KEEP_CANONICAL,,,,,activity,yes,yes,YRAjMC5F4sg,https://www.youtube.com/watch?v=YRAjMC5F4sg,high,A named game with a stated field setup.,no
73f5fef2-af64-4577-998d-da854cebb0cf,Crow Hop — Arm Strength and Outfield Throwing,Throwing,KEEP_CANONICAL,,,throwing-crow-hop,base,activity,yes,yes,ZMuVnmUY2CI,https://www.youtube.com/watch?v=ZMuVnmUY2CI,high,"CANONICAL Crow Hop, per the brief.",no
ad6b8ea5-77db-4779-a08a-d59ae44bcdfc,Crow Hop Drill,Throwing,MERGE_INTO,Crow Hop — Arm Strength and Outfield Throwing,73f5fef2-af64-4577-998d-da854cebb0cf,throwing-crow-hop,base,activity,yes,yes,ZMuVnmUY2CI,https://www.youtube.com/watch?v=ZMuVnmUY2CI,high,Crow Hop Drill is Crow Hop. Same video. Brief names this pair.,no
09b8ebeb-a43d-40db-b1ae-eaa44e48f82c,EASY Baseball Catch Drill — First Catch Fundamentals,Throwing,KEEP_CANONICAL,,,throwing-first-catch,base,activity,yes,yes,pPx0lH8Kd3Y,https://www.youtube.com/watch?v=pPx0lH8Kd3Y,high,CANONICAL first-catch fundamentals; carries the fuller description.,no
012241e0-c2ce-4a32-b037-39f90bd35437,Extreme Catch — Progressive Distance Arm Builder,Throwing,KEEP_CANONICAL,,,,,activity,yes,yes,YRAjMC5F4sg,https://www.youtube.com/watch?v=YRAjMC5F4sg,high,Stated rule: one step back on a clean catch. A real drill from a compilation video.,no
a663b235-d115-4a52-a9d4-b33ba37e0e2a,Foul Line Throw — First Throw Introduction for Beginners,Throwing,KEEP_CANONICAL,,,,,activity,yes,yes,YRAjMC5F4sg,https://www.youtube.com/watch?v=YRAjMC5F4sg,high,One stated first-day arrangement.,no
663dc298-e5f2-4ea8-9d6d-6812e652cf28,Fun Baseball Throwing Drill,Throwing,KEEP_CANONICAL,,,,,activity,yes,yes,cltDRzlLm44,https://www.youtube.com/watch?v=cltDRzlLm44,medium,One competitive throwing drill from a named coach.,no
64b38072-cd1c-4f0f-a3e1-9958c8cb0736,Funnel Drill,Throwing,MERGE_INTO,Funnel Drill — Correct Arm Path Out of the Glove,ce798b52-883f-4cf3-a6b8-311ef084a1be,throwing-funnel,base,activity,yes,yes,4NOo7JSK6eA,https://www.youtube.com/watch?v=4NOo7JSK6eA,high,"Funnel Drill, thinner row, same video. Brief names this pair.",no
ce798b52-883f-4cf3-a6b8-311ef084a1be,Funnel Drill — Correct Arm Path Out of the Glove,Throwing,KEEP_CANONICAL,,,throwing-funnel,base,activity,yes,yes,4NOo7JSK6eA,https://www.youtube.com/watch?v=4NOo7JSK6eA,high,CANONICAL Funnel Drill; carries the fuller arm-path description.,no
e4309ffb-fa02-4c6d-ac87-a6580e8c5bff,High Five Drill — Elbow Up Arm Path Correction,Throwing,KEEP_CANONICAL,,,,,activity,yes,yes,4NOo7JSK6eA,https://www.youtube.com/watch?v=4NOo7JSK6eA,high,One cue with one physical prompt.,no
e9b7c3c8-ce7b-44d9-9311-cacf9354400d,How to Throw a Baseball — Complete Beginner Mechanics,Throwing,TEACHING_CONTENT,,,,,teaching_content,no,yes,4NOo7JSK6eA,https://www.youtube.com/watch?v=4NOo7JSK6eA,high,Grip to follow-through with slow motion; mechanics instruction.,no
1a1767cc-35ca-47f3-ad7d-5a920add6597,How to Throw the RIGHT WAY,Throwing,TEACHING_CONTENT,,,,,teaching_content,no,yes,Hk9-ofX19Ig,https://www.youtube.com/watch?v=Hk9-ofX19Ig,high,Breaks down proper mechanics; no arrangement.,no
6759598d-9bfc-47b2-91f1-31c77fc97cb5,Kneel-Down Throw — Isolating Upper Body and Wrist Snap,Throwing,KEEP_CANONICAL,,,,,activity,yes,yes,77r6mWAUecA,https://www.youtube.com/watch?v=77r6mWAUecA,high,"Phase one of a throwing progression, stated as its own setup and distance.",no
3f2af696-fe22-4fb6-936f-fefe7d86681a,Long Toss,Throwing,KEEP_CANONICAL,,,throwing-long-toss,base,activity,yes,yes,4NOo7JSK6eA,https://www.youtube.com/watch?v=4NOo7JSK6eA,high,"CANONICAL Long Toss, per the brief.",no
2b5adf22-f8b1-4cfe-87e9-fe7ec1a1957e,Long Toss Progression — Building Arm Strength Safely,Throwing,PROGRESSION_OF,Long Toss,3f2af696-fe22-4fb6-936f-fefe7d86681a,throwing-long-toss,progression,activity,yes,yes,4NOo7JSK6eA,https://www.youtube.com/watch?v=4NOo7JSK6eA,high,"A stated distance protocol built on Long Toss. Brief: canonical plus progression, NOT a merge.",no
726384a7-dacf-440b-8b42-381843a01722,Over-Under — Two Ways to Throw and Catch,Throwing,KEEP_CANONICAL,,,,,activity,yes,yes,YRAjMC5F4sg,https://www.youtube.com/watch?v=YRAjMC5F4sg,high,Two throw types in a stated sequence.,no
5b5b59e9-4906-4ba5-ad8b-1e9608041ef5,Partner Catch,Throwing,KEEP_CANONICAL,,,,,activity,yes,yes,77r6mWAUecA,https://www.youtube.com/watch?v=77r6mWAUecA,medium,Basic partner catch. Distinct from the warm-up routine in d6a3170b.,no
50087451-2665-4c78-b968-ca56e9ceec3b,Point-and-Go Glove Drill — Align Your Body to the Target,Throwing,KEEP_CANONICAL,,,,,activity,yes,yes,YRAjMC5F4sg,https://www.youtube.com/watch?v=YRAjMC5F4sg,high,One alignment cue drilled.,no
e40632d7-5ffb-42e9-9652-bd9a49e68ff5,Quick Hands Drill,Throwing,KEEP_CANONICAL,,,,,activity,yes,yes,4NOo7JSK6eA,https://www.youtube.com/watch?v=4NOo7JSK6eA,high,"Brief: Quick Hands and Quick Hands Quick Feet are RELATED, NOT duplicates. Deliberately not merged despite the shared video.",yes
84930859-7689-4f1f-a9ba-5e71b4991af9,Quick Hands Quick Feet — Fast Transfer Drill,Throwing,KEEP_CANONICAL,,,,,activity,yes,yes,4NOo7JSK6eA,https://www.youtube.com/watch?v=4NOo7JSK6eA,high,Adds feet to the transfer. Deliberately kept separate from e40632d7.,yes
2ac95ee1-db4f-4ab1-b2ec-569a5419b6ef,Second Baseman Flip/Throw Combo,Throwing,KEEP_CANONICAL,,,,,activity,yes,yes,6QIt-cYXL4s,https://www.youtube.com/watch?v=6QIt-cYXL4s,high,One named combination for one position group.,no
f1e620a8-1016-4097-b104-502ddcab967a,Selfies Solo Rebounder — Build Reps Without a Partner,Throwing,KEEP_CANONICAL,,,solo-throwing-reps,progression,activity,yes,yes,YRAjMC5F4sg,https://www.youtube.com/watch?v=YRAjMC5F4sg,high,"Keeps the family but moves off base: the family held TWO base rows, which is a pre-existing data fault.",yes
4e1975e2-eb6b-49a8-9d29-0b9d0afd2f68,Simple Throwing Progressions,Throwing,PRACTICE_UNIT,,,,,practice_unit,yes,yes,LtzwCrthlTY,https://www.youtube.com/watch?v=LtzwCrthlTY,medium,Step-by-step progressions run as a sequence.,yes
0200c065-9f6f-4a76-bd9a-22e46141a6ce,The Ankle Eye Drill — Footwork Foundation,Throwing,KEEP_CANONICAL,,,,,activity,yes,yes,YRAjMC5F4sg,https://www.youtube.com/watch?v=YRAjMC5F4sg,high,One named concept with one physical check.,no
3a2f690d-095d-46ea-98e8-088a7a7ea7db,Throwing Accuracy Race — Competitive Catch Under Pressure,Throwing,KEEP_CANONICAL,,,,,activity,yes,yes,77r6mWAUecA,https://www.youtube.com/watch?v=77r6mWAUecA,high,Scored race with a stated reset rule.,no
530bc412-32f9-4d31-b892-f95ebced2514,Throwing Progression,Throwing,MERGE_INTO,"Throwing Progression for Youth Players — Knee, Hip, Full",69d859e5-5214-4b2d-b42f-07fcc56ff519,throwing-knee-hip-full,base,practice_unit,yes,yes,77r6mWAUecA,https://www.youtube.com/watch?v=77r6mWAUecA,high,"The same three-phase progression, thinner row, same video.",no
28d76619-82c7-4b4f-aaa8-16464ba10b1b,Throwing Progression for Youth Players,Throwing,MERGE_INTO,"Throwing Progression for Youth Players — Knee, Hip, Full",69d859e5-5214-4b2d-b42f-07fcc56ff519,throwing-knee-hip-full,base,practice_unit,yes,yes,77r6mWAUecA,https://www.youtube.com/watch?v=77r6mWAUecA,high,The same progression again under a generic title. Brief: normalize generic Throwing Progression titles carefully.,no
69d859e5-5214-4b2d-b42f-07fcc56ff519,"Throwing Progression for Youth Players — Knee, Hip, Full",Throwing,PRACTICE_UNIT,,,throwing-knee-hip-full,base,practice_unit,yes,yes,77r6mWAUecA,https://www.youtube.com/watch?v=77r6mWAUecA,high,"CANONICAL knee/hip/full progression. A sequence run as one block, so practice_unit rather than activity.",no
9a6f58a3-0172-47e6-b159-8eb98306f5ca,Two Hand Catch,Throwing,KEEP_CANONICAL,,,,,activity,yes,yes,pPx0lH8Kd3Y,https://www.youtube.com/watch?v=pPx0lH8Kd3Y,high,One stated catching rule.,no
3cc99259-c968-4977-bd66-c168250a27b8,Wall Ball,Throwing,KEEP_CANONICAL,,,solo-throwing-reps,base,activity,yes,yes,4NOo7JSK6eA,https://www.youtube.com/watch?v=4NOo7JSK6eA,high,"CANONICAL Wall Ball and the family base, per the brief.",no
d873c9db-09cd-406c-b53b-fbd6d5033185,Wall Ball Solo Drill — Partner-Free Mechanics Builder,Throwing,VARIATION_OF,Wall Ball,3cc99259-c968-4977-bd66-c168250a27b8,solo-throwing-reps,progression,activity,yes,yes,4NOo7JSK6eA,https://www.youtube.com/watch?v=4NOo7JSK6eA,high,"Full mechanics against the wall. Brief: canonical plus variation, NOT a merge.",no
d6a3170b-ec74-4e4f-96df-64fba2aed225,Warm-Up Catch,Throwing,PRACTICE_UNIT,,,,,practice_unit,yes,yes,77r6mWAUecA,https://www.youtube.com/watch?v=77r6mWAUecA,high,Resolved in Phase 2C. A staged pre-practice routine — distances built in rounds — not a single station. The Partner Catch concern rested on a shared video that backs TEN distinct rows including High Tee. Practice units stay schedulable.,no
3df6814c-4d77-4592-8693-9fd419ded05c,8 Baseball Warm-Up Exercises You Must Do,Warmup,PRACTICE_UNIT,,,,,practice_unit,yes,yes,yaPtL61nSzU,https://www.youtube.com/watch?v=yaPtL61nSzU,high,Eight named exercises run as one warm-up block.,no
ab8f57ca-ebf4-49b7-8f08-e62e5dd54a3f,Dynamic Warm-Up with Arm Stretches,Warmup,PRACTICE_UNIT,,,,,practice_unit,yes,yes,JBGAGVgHLq0,https://www.youtube.com/watch?v=JBGAGVgHLq0,high,A dynamic warm-up routine run as one block.,no
