drill_id,drill_name,skill_category,resource_kind,variation_type,activity_family_id,description_length,has_description,has_coaching_notes,has_success_markers,has_equipment,has_duration,has_age_fit,has_difficulty,has_practice_role,has_regression,has_progression,has_safety_notes,instruction_minimum_pass,instruction_quality_tier,editorial_action,confidence,notes
1f64a6c2-11bd-40d4-a45d-ae028f83db91,Two Balls Toss Drill,Soft Toss,activity,advanced,eee043a9-527a-4e94-b7b2-4ba1df12b7be,90,no,no,no,yes,yes,yes,yes,yes,no,no,no,no,THIN,REPLACE_BOILERPLATE_CUES,high,description does not describe an activity; coaching cues are copied across the category; fewer than two success markers; no progression or regression
fac499f5-7d4b-49b2-a924-55c97a96eeef,Sunflower Seed Soft Toss,Soft Toss,activity,,,92,no,no,no,yes,yes,yes,yes,no,no,no,no,no,THIN,REPLACE_BOILERPLATE_CUES,high,description does not describe an activity; coaching cues are copied across the category; fewer than two success markers; no progression or regression; no practice role
4cd55f36-4ac8-447a-9633-936c9b1f6c22,Ripken Soft Toss Drill,Soft Toss,activity,,,101,yes,no,no,yes,yes,yes,yes,no,no,no,no,no,THIN,REPLACE_BOILERPLATE_CUES,high,description is thin on setup or execution; coaching cues are copied across the category; fewer than two success markers; no progression or regression; no practice role
6517d249-a27d-41af-a86e-72bb8187c28b,The Cone Drill,Fielding (Infield),activity,,,77,no,no,no,yes,yes,yes,yes,no,no,no,no,no,THIN,REPLACE_BOILERPLATE_CUES,high,description does not describe an activity; coaching cues are copied across the category; fewer than two success markers; no progression or regression; no practice role
adf1d78d-fbe5-417c-a2d0-5860e555b356,The Best Youth Infield Drill,Fielding (Infield),,,,78,no,no,no,yes,yes,yes,yes,no,no,no,no,no,THIN,REPLACE_BOILERPLATE_CUES,high,description does not describe an activity; coaching cues are copied across the category; fewer than two success markers; no progression or regression; no practice role
0833de14-902c-408a-a3a9-a8c4df28c4f1,Cross-Shuffle Drill,Fielding (Infield),activity,,,86,yes,no,no,yes,yes,yes,yes,no,no,no,no,no,THIN,REPLACE_BOILERPLATE_CUES,high,description is thin on setup or execution; coaching cues are copied across the category; fewer than two success markers; no progression or regression; no practice role
6f1ef230-3f1a-4bcd-a969-87be5cdc65ed,Youth Infield Drill (Practice Anywhere),Fielding (Infield),activity,,,86,no,no,no,yes,yes,yes,yes,no,no,no,no,no,THIN,REPLACE_BOILERPLATE_CUES,high,description does not describe an activity; coaching cues are copied across the category; fewer than two success markers; no progression or regression; no practice role
c345c3a1-bda3-43f7-b6f3-16e77432ab83,Figure Eight Infield Drill,Fielding (Infield),activity,,,88,no,no,no,yes,yes,yes,yes,yes,no,no,no,no,THIN,REWRITE_VIDEO_FRAMING,high,"description is about the video, not the drill; coaching cues are copied across the category; fewer than two success markers; no progression or regression"
fbbe6484-8b9d-486b-839e-23114e600c77,Groundball Transfer Catch,Fielding (Infield),activity,,,88,yes,no,no,yes,yes,yes,yes,no,no,no,no,no,THIN,REPLACE_BOILERPLATE_CUES,high,description is thin on setup or execution; coaching cues are copied across the category; fewer than two success markers; no progression or regression; no practice role
b3534518-f0df-4f30-8378-0b7d084e5fb9,Infield Throwing Drill,Fielding (Infield),activity,,,94,no,no,no,yes,yes,yes,yes,no,no,no,no,no,THIN,REPLACE_BOILERPLATE_CUES,high,description does not describe an activity; coaching cues are copied across the category; fewer than two success markers; no progression or regression; no practice role
4c68b693-a617-4827-a732-653c2a64a27d,The Flamingo Drill,Fielding (Infield),activity,base,c0facd55-0073-4488-8bd6-74bc884a1afe,112,yes,no,no,yes,yes,yes,yes,yes,no,no,no,no,THIN,REPLACE_BOILERPLATE_CUES,high,description is thin on setup or execution; coaching cues are copied across the category; fewer than two success markers; no progression or regression
267777ed-01d2-4985-a4aa-5a1c41299f11,Fun Fielding Drill for Young Players,Fielding (Infield),activity,,,261,no,yes,no,yes,yes,yes,yes,yes,no,no,no,no,THIN,REWRITE_VIDEO_FRAMING,high,"description is about the video, not the drill; fewer than two success markers; no progression or regression"
781605ce-10f5-400c-b7e2-6243915b5da2,Four Cones Ground Ball Drill,Fielding (Infield),activity,space_variant,c0facd55-0073-4488-8bd6-74bc884a1afe,214,no,yes,yes,yes,yes,yes,yes,yes,no,no,no,no,THIN,REWRITE_VIDEO_FRAMING,high,"description is about the video, not the drill; fewer than two success markers; no progression or regression"
192913af-c080-4361-b20e-f88f29db530f,The Hands Routine — Infield Fielding Drill,Fielding (Infield),activity,,,264,no,yes,no,yes,yes,yes,yes,yes,no,no,no,no,THIN,REWRITE_VIDEO_FRAMING,high,"description is about the video, not the drill; fewer than two success markers; no progression or regression"
d685834e-1b6a-45ad-b06a-d7cf63447eef,First Base Fundamentals — Finding the Bag & the Stretch,Fielding (Infield),activity,,,159,yes,yes,yes,yes,yes,yes,yes,no,no,no,no,yes,USABLE,COMPLETE_MISSING,medium,description is thin on setup or execution; no progression or regression; no practice role
6c2e8d58-e7f0-4727-b561-cb61bca27e25,First Base Footwork & Throw Adjustments,Fielding (Infield),activity,,,166,no,yes,yes,yes,yes,yes,yes,no,no,no,no,no,THIN,REWRITE_VIDEO_FRAMING,high,"description is about the video, not the drill; no progression or regression; no practice role"
2f5901d2-ed57-4f6b-9dcc-6d1dc6110ef9,Daily Backhand Series,Fielding (Infield),practice_unit,,,180,yes,yes,yes,yes,yes,yes,yes,yes,no,no,no,yes,USABLE,COMPLETE_MISSING,medium,no progression or regression
2d15c6de-d4a9-414a-9755-533140dd68b0,Three-Ball Slow Roller Drill,Fielding (Infield),activity,,,151,yes,yes,yes,yes,yes,yes,yes,yes,no,no,yes,yes,USABLE,COMPLETE_MISSING,medium,description is thin on setup or execution; no progression or regression
5afa81e5-ec55-4066-b62f-1b535884060b,"Advanced First Base — Off-Line Throws, Picks & Short Hops",Fielding (Infield),activity,,,168,yes,yes,yes,yes,yes,yes,yes,no,no,no,yes,yes,USABLE,COMPLETE_MISSING,medium,description is thin on setup or execution; no progression or regression; no practice role
971dccd3-bc0f-4043-9e2d-3417fc6f7361,Double-Play Feeds & Turns,Fielding (Infield),activity,,,159,no,yes,yes,yes,yes,yes,yes,no,no,no,yes,no,THIN,WRITE_FULL,high,description does not describe an activity; no progression or regression; no practice role
6b13a4df-dc75-417f-89db-578fe99bdf44,Protect the Castle + Throw,Fielding (Infield),activity,progression,f2a7e03a-e60b-40ce-9b0f-50a4a52ea593,331,yes,no,no,yes,yes,yes,yes,yes,yes,yes,no,no,THIN,WRITE_FULL,high,no coaching cues; fewer than two success markers
9fea10f7-efb9-4006-bce8-7a6109bb7fbe,Protect the Castle,Fielding (Infield),activity,base,f2a7e03a-e60b-40ce-9b0f-50a4a52ea593,388,yes,no,no,yes,yes,yes,yes,yes,yes,yes,no,no,THIN,WRITE_FULL,high,no coaching cues; fewer than two success markers
2f3326af-9848-534e-9cc2-3d0f628c1162,Recovery Drill,Fielding (Infield),activity,,,467,yes,yes,yes,yes,yes,yes,yes,yes,yes,yes,no,yes,READY,NONE,high,
e40632d7-5ffb-42e9-9652-bd9a49e68ff5,Quick Hands Drill,Throwing,activity,,,38,no,yes,no,yes,yes,yes,yes,no,no,no,no,no,THIN,WRITE_FULL,high,description does not describe an activity; fewer than two success markers; no progression or regression; no practice role
9a6f58a3-0172-47e6-b159-8eb98306f5ca,Two Hand Catch,Throwing,activity,,,41,no,yes,no,yes,yes,yes,yes,no,no,no,no,no,THIN,WRITE_FULL,high,description does not describe an activity; fewer than two success markers; no progression or regression; no practice role
5b5b59e9-4906-4ba5-ad8b-1e9608041ef5,Partner Catch,Throwing,activity,,,42,no,yes,no,yes,yes,yes,yes,yes,no,no,no,no,THIN,WRITE_FULL,high,description does not describe an activity; fewer than two success markers; no progression or regression
d6a3170b-ec74-4e4f-96df-64fba2aed225,Warm-Up Catch,Throwing,,,,38,no,yes,no,yes,yes,yes,yes,no,no,no,no,no,THIN,WRITE_FULL,high,description does not describe an activity; fewer than two success markers; no progression or regression; no practice role
3cc99259-c968-4977-bd66-c168250a27b8,Wall Ball,Throwing,activity,base,4cae3cc9-c6db-4e13-a03a-5f8238aad2c4,38,no,yes,no,yes,yes,yes,yes,yes,no,no,no,no,THIN,WRITE_FULL,high,description does not describe an activity; fewer than two success markers; no progression or regression
3f2af696-fe22-4fb6-936f-fefe7d86681a,Long Toss,Throwing,activity,base,770a5e11-bc25-4641-b73d-8155afdb48fc,47,no,yes,no,yes,yes,yes,yes,no,no,no,no,no,THIN,WRITE_FULL,high,description does not describe an activity; fewer than two success markers; no progression or regression; no practice role
2ac95ee1-db4f-4ab1-b2ec-569a5419b6ef,Second Baseman Flip/Throw Combo,Throwing,activity,,,78,no,no,no,yes,yes,yes,yes,no,no,no,yes,no,THIN,REPLACE_BOILERPLATE_CUES,high,description does not describe an activity; coaching cues are copied across the category; fewer than two success markers; no progression or regression; no practice role
4e1975e2-eb6b-49a8-9d29-0b9d0afd2f68,Simple Throwing Progressions,Throwing,practice_unit,,,96,yes,no,no,yes,yes,yes,yes,no,no,no,yes,no,THIN,REPLACE_BOILERPLATE_CUES,high,description is thin on setup or execution; coaching cues are copied across the category; fewer than two success markers; no progression or regression; no practice role
663dc298-e5f2-4ea8-9d6d-6812e652cf28,Fun Baseball Throwing Drill,Throwing,activity,,,106,no,no,no,yes,yes,yes,yes,no,no,no,yes,no,THIN,REWRITE_VIDEO_FRAMING,high,"description is about the video, not the drill; coaching cues are copied across the category; fewer than two success markers; no progression or regression; no practice role"
726384a7-dacf-440b-8b42-381843a01722,Over-Under — Two Ways to Throw and Catch,Throwing,activity,,,219,yes,yes,no,yes,yes,yes,yes,no,no,no,no,yes,USABLE,COMPLETE_MISSING,medium,fewer than two success markers; no progression or regression; no practice role
3269f5db-7541-42a7-b085-0b209f0dd8a6,Bullseye Challenge — Throwing Accuracy Competition,Throwing,activity,,,219,yes,yes,no,yes,yes,yes,yes,yes,no,no,no,yes,USABLE,COMPLETE_MISSING,medium,fewer than two success markers; no progression or regression
3a2f690d-095d-46ea-98e8-088a7a7ea7db,Throwing Accuracy Race — Competitive Catch Under Pressure,Throwing,activity,,,232,yes,yes,no,yes,yes,yes,yes,yes,no,no,no,yes,USABLE,COMPLETE_MISSING,medium,fewer than two success markers; no progression or regression
f1e620a8-1016-4097-b104-502ddcab967a,Selfies Solo Rebounder — Build Reps Without a Partner,Throwing,activity,progression,4cae3cc9-c6db-4e13-a03a-5f8238aad2c4,235,yes,yes,no,yes,yes,yes,yes,yes,no,no,no,yes,USABLE,COMPLETE_MISSING,medium,fewer than two success markers; no progression or regression
d4efaaad-808d-4e4f-8539-9c56c5c1835a,Clean Up Crew — Fun Fielding-to-Throw Game,Throwing,activity,,,245,yes,yes,no,yes,yes,yes,yes,yes,no,no,no,yes,USABLE,COMPLETE_MISSING,medium,fewer than two success markers; no progression or regression
69d859e5-5214-4b2d-b42f-07fcc56ff519,"Throwing Progression for Youth Players — Knee, Hip, Full",Throwing,practice_unit,base,c01ac61d-ac35-4280-afc2-82d51fc95f8d,268,no,yes,no,yes,yes,yes,yes,no,no,no,no,no,THIN,REWRITE_VIDEO_FRAMING,high,"description is about the video, not the drill; fewer than two success markers; no progression or regression; no practice role"
a663b235-d115-4a52-a9d4-b33ba37e0e2a,Foul Line Throw — First Throw Introduction for Beginners,Throwing,activity,,,294,yes,yes,no,yes,yes,yes,yes,no,no,no,no,yes,USABLE,COMPLETE_MISSING,medium,fewer than two success markers; no progression or regression; no practice role
d873c9db-09cd-406c-b53b-fbd6d5033185,Wall Ball Solo Drill — Partner-Free Mechanics Builder,Throwing,activity,progression,4cae3cc9-c6db-4e13-a03a-5f8238aad2c4,252,yes,yes,no,yes,yes,yes,yes,no,no,no,no,yes,USABLE,COMPLETE_MISSING,medium,fewer than two success markers; no progression or regression; no practice role
84930859-7689-4f1f-a9ba-5e71b4991af9,Quick Hands Quick Feet — Fast Transfer Drill,Throwing,activity,,,276,yes,yes,no,yes,yes,yes,yes,yes,no,no,no,yes,USABLE,COMPLETE_MISSING,medium,fewer than two success markers; no progression or regression
ce798b52-883f-4cf3-a6b8-311ef084a1be,Funnel Drill — Correct Arm Path Out of the Glove,Throwing,activity,base,e95cc34c-6eb5-417c-974e-e0ecbb779980,269,yes,yes,no,yes,yes,yes,yes,no,no,no,no,yes,USABLE,COMPLETE_MISSING,medium,fewer than two success markers; no progression or regression; no practice role
6759598d-9bfc-47b2-91f1-31c77fc97cb5,Kneel-Down Throw — Isolating Upper Body and Wrist Snap,Throwing,activity,,,313,yes,yes,no,yes,yes,yes,yes,no,no,no,no,yes,USABLE,COMPLETE_MISSING,medium,fewer than two success markers; no progression or regression; no practice role
50087451-2665-4c78-b968-ca56e9ceec3b,Point-and-Go Glove Drill — Align Your Body to the Target,Throwing,activity,,,254,yes,yes,no,yes,yes,yes,yes,no,no,no,no,yes,USABLE,COMPLETE_MISSING,medium,fewer than two success markers; no progression or regression; no practice role
012241e0-c2ce-4a32-b037-39f90bd35437,Extreme Catch — Progressive Distance Arm Builder,Throwing,activity,,,288,yes,yes,no,yes,yes,yes,yes,no,no,no,no,yes,USABLE,COMPLETE_MISSING,medium,fewer than two success markers; no progression or regression; no practice role
73f5fef2-af64-4577-998d-da854cebb0cf,Crow Hop — Arm Strength and Outfield Throwing,Throwing,activity,base,97ceebaf-7b4e-40c7-b681-ebb623b31349,272,yes,yes,no,yes,yes,yes,yes,no,no,no,no,yes,USABLE,COMPLETE_MISSING,medium,fewer than two success markers; no progression or regression; no practice role
2b5adf22-f8b1-4cfe-87e9-fe7ec1a1957e,Long Toss Progression — Building Arm Strength Safely,Throwing,activity,progression,770a5e11-bc25-4641-b73d-8155afdb48fc,283,yes,yes,no,yes,yes,yes,yes,no,no,no,no,yes,USABLE,COMPLETE_MISSING,medium,fewer than two success markers; no progression or regression; no practice role
e4309ffb-fa02-4c6d-ac87-a6580e8c5bff,High Five Drill — Elbow Up Arm Path Correction,Throwing,activity,,,289,yes,yes,no,yes,yes,yes,yes,no,no,no,no,yes,USABLE,COMPLETE_MISSING,medium,fewer than two success markers; no progression or regression; no practice role
09b8ebeb-a43d-40db-b1ae-eaa44e48f82c,EASY Baseball Catch Drill — First Catch Fundamentals,Throwing,activity,base,f4986ac3-a7c2-4753-b42d-5051845f5bd9,265,no,yes,yes,yes,yes,yes,yes,no,no,no,no,no,THIN,REWRITE_VIDEO_FRAMING,high,"description is about the video, not the drill; fewer than two success markers; no progression or regression; no practice role"
0200c065-9f6f-4a76-bd9a-22e46141a6ce,The Ankle Eye Drill — Footwork Foundation,Throwing,activity,,,313,yes,yes,yes,yes,yes,yes,yes,no,no,no,no,yes,USABLE,COMPLETE_MISSING,medium,fewer than two success markers; no progression or regression; no practice role
037c8a5a-327f-42cf-a2a1-bd550fed9e68,High Tee,Hitting,activity,base,f247a2ff-0dda-41ea-afec-cbe7e1f3ac19,43,no,yes,no,yes,yes,yes,yes,no,no,no,no,no,THIN,RECOVER_FROM_DUPLICATE,high,"duplicate 874e0c3a-14d6-4edd-beed-e943c1373d6d (""High Tee Drill"") carries 204 chars vs 90 here — description does not describe an activity; fewer than two success markers; no progression or regression; no practice role"
eec48dc4-af21-406e-95a2-9db5e22b7596,Front Toss,Hitting,activity,base,16bf2b33-90d7-4fdd-8dab-178def87d01c,51,no,yes,no,yes,yes,yes,yes,yes,no,no,no,no,THIN,RECOVER_FROM_DUPLICATE,high,"duplicate 54cf8f72-be57-478b-8a6d-bb084cadbddf (""Front Toss Drill"") carries 553 chars vs 101 here — description does not describe an activity; fewer than two success markers; no progression or regression"
0e5e88b4-7b3c-4325-b658-179e638a8c24,One Hand Drill,Hitting,activity,base,0ca15713-64e1-4c3c-96ba-1ea78374e63f,45,no,yes,no,yes,yes,yes,yes,no,no,no,no,no,THIN,RECOVER_FROM_DUPLICATE,high,"duplicate 966c4b46-bc36-4589-9bce-ca0682e24c13 (""One Hand Hitting Drill"") carries 479 chars vs 106 here — description does not describe an activity; fewer than two success markers; no progression or regression; no practice role"
fe94a671-1d24-40fe-9771-4c7f5f708c14,Soft Toss,Hitting,activity,base,eee043a9-527a-4e94-b7b2-4ba1df12b7be,56,no,yes,no,yes,yes,yes,yes,no,no,no,no,no,THIN,RECOVER_FROM_DUPLICATE,high,"duplicate 18e0cf1e-7f9b-4e51-9125-db81b04811a3 (""Soft Toss From the Side"") carries 492 chars vs 127 here — description does not describe an activity; fewer than two success markers; no progression or regression; no practice role"
e597ce36-5625-42f2-a378-30052499bb18,Low Tee,Hitting,activity,,,41,no,yes,yes,yes,yes,yes,yes,no,no,no,no,no,THIN,WRITE_FULL,high,description does not describe an activity; fewer than two success markers; no progression or regression; no practice role
0997fc64-a8e8-44b1-995c-3aa1e0291a99,Baby Steps - Hip Load,Hitting,activity,,,77,no,no,no,yes,yes,yes,yes,no,no,no,no,no,THIN,REPLACE_BOILERPLATE_CUES,high,description does not describe an activity; coaching cues are copied across the category; fewer than two success markers; no progression or regression; no practice role
ba7e4b8c-ad36-45bd-9b63-b7b354b9d43d,Freeze at Extension Drill,Hitting,activity,,,81,no,no,no,yes,yes,yes,yes,no,no,no,no,no,THIN,REPLACE_BOILERPLATE_CUES,high,description does not describe an activity; coaching cues are copied across the category; fewer than two success markers; no progression or regression; no practice role
f1bf25fb-0167-4b61-b196-675b2ba14280,Don't Dump the Barrel,Hitting,activity,,,91,no,no,no,yes,yes,yes,yes,no,no,no,no,no,THIN,REPLACE_BOILERPLATE_CUES,high,description does not describe an activity; coaching cues are copied across the category; fewer than two success markers; no progression or regression; no practice role
6a2c9dc7-f08c-47fd-9a08-f9e117f466cb,Tee Work,Hitting,activity,base,7b34a1ef-5e57-4212-9ef2-e13763feaa00,48,no,yes,yes,yes,yes,yes,yes,yes,no,no,no,no,THIN,WRITE_FULL,high,description does not describe an activity; fewer than two success markers; no progression or regression
5abc9df7-d4ad-40d3-b95e-2eb275e82710,PVC Posture Drill,Hitting,activity,,,96,no,no,no,yes,yes,yes,yes,no,no,no,no,no,THIN,REPLACE_BOILERPLATE_CUES,high,description does not describe an activity; coaching cues are copied across the category; fewer than two success markers; no progression or regression; no practice role
31af2888-b541-479e-8a0f-78bcb528ea17,Load to Launch Drill,Hitting,activity,,,104,no,no,no,yes,yes,yes,yes,no,no,no,no,no,THIN,REPLACE_BOILERPLATE_CUES,high,description does not describe an activity; coaching cues are copied across the category; fewer than two success markers; no progression or regression; no practice role
40eebd5c-d2ab-4245-92bc-5cf73e68ba87,Back Knee Down - Stay Centered,Hitting,activity,,,89,yes,no,yes,yes,yes,yes,yes,no,no,no,no,yes,USABLE,REPLACE_BOILERPLATE_CUES,high,description is thin on setup or execution; coaching cues are copied across the category; fewer than two success markers; no progression or regression; no practice role
09efef50-4077-4e64-80cc-e7d31a8aaa23,One-Hand Tee Drill (Bottom Hand),Hitting,activity,regression,0ca15713-64e1-4c3c-96ba-1ea78374e63f,199,yes,yes,no,yes,yes,yes,yes,no,no,no,no,yes,USABLE,COMPLETE_MISSING,medium,fewer than two success markers; no progression or regression; no practice role
8f19ecd6-4892-46be-9f0c-b1aef17a86d6,Knee Drill (Rotational Load),Hitting,activity,,,234,yes,yes,no,yes,yes,yes,yes,no,no,no,no,yes,USABLE,COMPLETE_MISSING,medium,fewer than two success markers; no progression or regression; no practice role
6c655fff-6181-4b7b-b22b-e1401e2e1f27,Stay Back — Beat the Changeup,Hitting,,,,136,yes,yes,yes,yes,yes,yes,yes,no,no,no,no,yes,USABLE,COMPLETE_MISSING,medium,description is thin on setup or execution; no progression or regression; no practice role
ba88a3cd-b2ae-430b-bd5e-d06c53f58838,High Tee Drill — Hitting Up in the Zone,Hitting,activity,progression,f247a2ff-0dda-41ea-afec-cbe7e1f3ac19,232,yes,yes,no,yes,yes,yes,yes,no,no,no,no,yes,USABLE,COMPLETE_MISSING,medium,fewer than two success markers; no progression or regression; no practice role
4fa59dec-86b0-46f7-bb31-f59382b1e9f4,Bounce Toss / Angled Toss Drill,Hitting,activity,,,239,yes,yes,no,yes,yes,yes,yes,no,no,no,no,yes,USABLE,COMPLETE_MISSING,medium,fewer than two success markers; no progression or regression; no practice role
4148cfe0-4a27-4abc-a754-dcd5f2544f0e,Shoulder Swings — Stay Short to the Ball,Hitting,activity,,,247,yes,yes,no,yes,yes,yes,yes,no,no,no,no,yes,USABLE,COMPLETE_MISSING,medium,fewer than two success markers; no progression or regression; no practice role
769ab66e-93c9-41bb-8519-91bd3e0ab186,Oppo Tee & Toss — Stay Inside the Ball,Hitting,activity,,,142,yes,yes,yes,yes,yes,yes,yes,no,no,no,no,yes,USABLE,COMPLETE_MISSING,medium,description is thin on setup or execution; no progression or regression; no practice role
f5a6bed9-86d9-4578-85f9-8449c0fc1e33,Two-Tee Drill — Contact at Different Heights,Hitting,activity,,,243,yes,yes,no,yes,yes,yes,yes,no,no,no,no,yes,USABLE,COMPLETE_MISSING,medium,fewer than two success markers; no progression or regression; no practice role
1c406241-97b4-425d-8f16-89ade2dbbc22,Bucket Drill — Stay in Your Legs,Hitting,activity,,,247,yes,yes,no,yes,yes,yes,yes,no,no,no,no,yes,USABLE,COMPLETE_MISSING,medium,fewer than two success markers; no progression or regression; no practice role
9e9405f3-80fb-4ad6-928c-e7749be5e0f6,PVC Pipe Hip Rotation Drill,Hitting,activity,,,241,yes,yes,no,yes,yes,yes,yes,no,no,no,no,yes,USABLE,COMPLETE_MISSING,medium,fewer than two success markers; no progression or regression; no practice role
26332028-2d32-4f42-817e-c8628f2bdbcd,Catch and Crush Drill — Stay Closed,Hitting,activity,,,272,yes,yes,no,yes,yes,yes,yes,no,no,no,no,yes,USABLE,COMPLETE_MISSING,medium,fewer than two success markers; no progression or regression; no practice role
0ddcfd4a-2520-4d3a-ae98-b647bf07c49b,One-Hand Tee Drill (Top Hand),Hitting,activity,progression,0ca15713-64e1-4c3c-96ba-1ea78374e63f,221,yes,yes,yes,yes,yes,yes,yes,yes,no,no,no,yes,USABLE,COMPLETE_MISSING,medium,fewer than two success markers; no progression or regression
7bff401e-095e-447b-83e8-bc6cc750c85d,Barry Larkin / Walk-Through Power Drill,Hitting,activity,,,263,yes,yes,no,yes,yes,yes,yes,no,no,no,no,yes,USABLE,COMPLETE_MISSING,medium,fewer than two success markers; no progression or regression; no practice role
a50f834a-2912-4b0d-9da2-e6856760b644,Frisbee Drill — Hip Rotation & Finish,Hitting,activity,,,271,yes,yes,no,yes,yes,yes,yes,no,no,no,no,yes,USABLE,COMPLETE_MISSING,medium,fewer than two success markers; no progression or regression; no practice role
ca7017e4-6fa1-4440-8d93-e08dd55eeaa8,Two-Strike Hitting Adjustment Drill,Hitting,activity,,,256,yes,yes,no,yes,yes,yes,yes,no,no,no,no,yes,USABLE,COMPLETE_MISSING,medium,fewer than two success markers; no progression or regression; no practice role
f35c8a06-d0e9-4a8b-ac8a-efffb204f026,Stride Pause to Stride Swing Drill,Hitting,activity,,,215,no,yes,yes,yes,yes,yes,yes,no,no,no,no,no,THIN,WRITE_FULL,high,description does not describe an activity; fewer than two success markers; no progression or regression; no practice role
252404f0-38c3-481f-a18b-f7ce0262903f,Stance & Athletic Position Drill,Hitting,activity,base,fad239e7-08cb-41f6-a429-87e26d9ffe27,244,yes,yes,yes,yes,yes,yes,yes,no,no,no,no,yes,USABLE,COMPLETE_MISSING,medium,fewer than two success markers; no progression or regression; no practice role
6d491e2a-be0d-4c9a-94c4-6d66f6d6bfb8,The Track and Catch Drill — Head on the Ball,Hitting,activity,,,279,yes,yes,no,yes,yes,yes,yes,no,no,no,no,yes,USABLE,COMPLETE_MISSING,medium,fewer than two success markers; no progression or regression; no practice role
aeae3e6a-487e-4f74-874d-edfeb83d3446,The Move-'Em At-Bat — Advancing Runners,Hitting,activity,,,173,yes,yes,yes,yes,yes,yes,yes,no,no,no,no,yes,USABLE,COMPLETE_MISSING,medium,description is thin on setup or execution; no progression or regression; no practice role
9300e679-69a7-4757-b74d-172103654860,Tee Work — Ball Out In Front,Hitting,activity,progression,7b34a1ef-5e57-4212-9ef2-e13763feaa00,227,no,yes,yes,yes,yes,yes,yes,no,no,no,no,no,THIN,REWRITE_VIDEO_FRAMING,high,"description is about the video, not the drill; fewer than two success markers; no progression or regression; no practice role"
5381544c-f5e5-4e30-a9e8-fe049a090a07,Happy Gilmore / Walking Load Drill,Hitting,activity,,,276,yes,yes,no,yes,yes,yes,yes,no,no,no,no,yes,USABLE,COMPLETE_MISSING,medium,fewer than two success markers; no progression or regression; no practice role
7a2a344c-b2d7-4bf6-b0a2-e1dec8d835ab,Line Drive Pro / Visual Feedback Swing Drill,Hitting,activity,,,246,yes,yes,yes,yes,yes,yes,yes,no,no,no,no,yes,USABLE,COMPLETE_MISSING,medium,fewer than two success markers; no progression or regression; no practice role
ac27e607-b52e-4865-8240-5a9b7795a410,The Swing Rail / Stay Inside the Ball Drill,Hitting,activity,,,263,yes,yes,yes,yes,yes,yes,yes,no,no,no,no,yes,USABLE,COMPLETE_MISSING,medium,fewer than two success markers; no progression or regression; no practice role
55afb864-a8b0-496c-9b08-3e6805c7902d,Inside-Out Swing Drill (Fence Drill),Hitting,activity,,,265,yes,yes,yes,yes,yes,yes,yes,yes,no,no,no,yes,USABLE,COMPLETE_MISSING,medium,fewer than two success markers; no progression or regression
ee6aa905-1e2c-4f96-8eff-4dc22fc01d4f,Mini Wiffle Ball & Skinny Bat Drill,Hitting,activity,,,254,yes,yes,yes,yes,yes,yes,yes,no,no,no,no,yes,USABLE,COMPLETE_MISSING,medium,fewer than two success markers; no progression or regression; no practice role
40b34435-fd5f-4263-ae2f-b53083ce4531,Overload/Underload Bat Speed Progression,Hitting,practice_unit,,,160,yes,yes,yes,yes,yes,yes,yes,no,no,no,yes,yes,USABLE,COMPLETE_MISSING,medium,description is thin on setup or execution; no progression or regression; no practice role
feb4908a-bcde-4744-9a56-010c49b01072,The Catch Drill — Track & Read Pitches,Hitting,activity,,,161,yes,yes,yes,yes,yes,yes,yes,no,no,no,yes,yes,USABLE,COMPLETE_MISSING,medium,description is thin on setup or execution; no progression or regression; no practice role
2a82682f-f56c-527b-ba67-b57bd5a62e4d,Stride Box,Hitting,activity,,,412,yes,yes,yes,yes,yes,yes,yes,yes,yes,yes,no,yes,READY,NONE,high,
9847fa60-e5cd-53af-9831-5c6424dfe80c,Drop Ball Drill,Hitting,activity,,,368,yes,yes,yes,yes,yes,yes,yes,yes,yes,yes,yes,yes,READY,NONE,high,
e6299ad6-888e-5507-a5a5-57cdf5359996,Turn and Take It,Hitting,activity,,,571,yes,yes,yes,yes,yes,yes,yes,yes,yes,yes,yes,yes,READY,NONE,high,
29276b7a-fd04-45ff-825d-1d715d384908,Fly Ball Drill with Cones,Fielding (Fly Balls),activity,,,73,no,no,no,yes,yes,yes,yes,no,no,no,yes,no,THIN,REPLACE_BOILERPLATE_CUES,high,description does not describe an activity; coaching cues are copied across the category; fewer than two success markers; no progression or regression; no practice role
0c9a28d6-8fcf-4000-82fa-a1216ed45916,Flyball Communication Drill,Fielding (Fly Balls),activity,,,74,no,no,yes,yes,yes,yes,yes,no,no,no,yes,no,THIN,REPLACE_BOILERPLATE_CUES,high,description does not describe an activity; coaching cues are copied across the category; fewer than two success markers; no progression or regression; no practice role
744a47da-ef0c-42b0-b961-1175aaad42d9,Outfield Drop Step Drill,Fielding (Fly Balls),activity,base,5b21bbb3-d6f5-4301-8753-b52e252e764b,233,yes,yes,no,yes,yes,yes,yes,yes,no,no,no,yes,USABLE,COMPLETE_MISSING,medium,fewer than two success markers; no progression or regression
0dba3ce4-0df5-4905-b95b-09705a5595d5,Call It Early — Outfield Communication Basics,Fielding (Fly Balls),activity,,,156,no,yes,yes,yes,yes,yes,yes,yes,no,no,no,no,THIN,WRITE_FULL,high,description does not describe an activity; no progression or regression
7ae1f28a-6e16-4163-b481-1b89226397eb,Infield/Outfield Priority Drill,Fielding (Fly Balls),activity,,,167,no,yes,yes,yes,yes,yes,yes,no,no,no,no,no,THIN,WRITE_FULL,high,description does not describe an activity; no progression or regression; no practice role
daea5efc-42ce-4a83-9f07-a867dd6fbddd,Do-or-Die Charge & Throw,Fielding (Fly Balls),activity,,,148,yes,yes,yes,yes,yes,yes,yes,yes,no,no,yes,yes,USABLE,COMPLETE_MISSING,medium,description is thin on setup or execution; no progression or regression
07a59bb9-1b7c-554a-a1f1-98f4af671e21,On the Run,Fielding (Fly Balls),activity,,,357,yes,yes,yes,yes,yes,yes,yes,yes,yes,yes,no,yes,READY,NONE,high,
3013e235-fd0a-5e1a-82a8-94bd2384f9d4,Fly Ball Confidence Ladder,Fielding (Fly Balls),activity,,,569,yes,yes,yes,yes,yes,yes,yes,yes,yes,yes,yes,yes,READY,NONE,high,
a648dcab-45b3-4c81-9ed4-f29eaea4323e,Bunting with Lacrosse Stick,Bunting,activity,,,79,no,yes,no,yes,yes,yes,yes,no,no,no,no,no,THIN,WRITE_FULL,high,description does not describe an activity; fewer than two success markers; no progression or regression; no practice role
cf43c787-c5f1-4188-9aff-e574b2b08c0a,Deaden & Direct — Bunt Placement Drill,Bunting,activity,,,149,no,yes,yes,yes,yes,yes,yes,no,no,no,no,no,THIN,WRITE_FULL,high,description does not describe an activity; no progression or regression; no practice role
2db609fb-e152-400c-8927-038809eb062f,Competitive Team Bunting Game,Bunting,activity,,,165,no,yes,yes,yes,yes,yes,yes,yes,no,no,no,no,THIN,WRITE_FULL,high,description does not describe an activity; no progression or regression
dfa91c84-6ce8-4d03-9c5d-4252adc5fe3d,Complete Pitching and Throwing Warm-Up Routine,Arm Care,practice_unit,,,221,no,yes,no,yes,yes,yes,yes,no,no,no,no,no,THIN,WRITE_FULL,high,description does not describe an activity; fewer than two success markers; no progression or regression; no practice role
977c1fd1-12b0-42c6-8b8b-e3a90303e385,Baseball Arm Stretches and Pre-Throwing Warm-Up,Arm Care,practice_unit,,,233,no,yes,no,yes,yes,yes,yes,no,no,no,no,no,THIN,REWRITE_VIDEO_FRAMING,high,"description is about the video, not the drill; fewer than two success markers; no progression or regression; no practice role"
ce379eeb-fa92-47f0-b41f-dd3831ebc5bc,Youth J-Band Routine — Pre-Throwing Activation,Arm Care,practice_unit,,,149,no,yes,yes,yes,yes,yes,yes,no,no,no,yes,no,THIN,WRITE_FULL,high,description does not describe an activity; no progression or regression; no practice role
9d95c228-0f42-487d-bfa0-164df2646c50,9-Exercise J-Band Strength Routine,Arm Care,practice_unit,,,175,no,yes,yes,yes,yes,yes,yes,no,no,no,yes,no,THIN,WRITE_FULL,high,description does not describe an activity; no progression or regression; no practice role
b67499b8-314b-415f-a789-c0b90f1f9a3f,Post-Throwing Recovery Routine,Arm Care,practice_unit,,,158,no,yes,yes,yes,yes,yes,yes,no,no,no,yes,no,THIN,WRITE_FULL,high,description does not describe an activity; no progression or regression; no practice role
b194ff1d-f857-47d5-911c-0bab06c6e6bc,Baseball Dynamic Stretches for Youth Players,Athletic Development,practice_unit,,,242,no,yes,no,yes,yes,yes,yes,no,no,no,no,no,THIN,WRITE_FULL,high,description does not describe an activity; fewer than two success markers; no progression or regression; no practice role
32d3b75f-3d94-4048-b1e1-26a3d87e9449,Base Running Athletic Circuit,Athletic Development,practice_unit,,,264,yes,yes,no,yes,yes,yes,yes,no,no,no,no,yes,USABLE,COMPLETE_MISSING,medium,fewer than two success markers; no progression or regression; no practice role
ecf4c61b-0b8b-49bd-bbe5-697d42991d79,Base Running Circuit,Baserunning,practice_unit,,,59,no,yes,no,yes,yes,yes,yes,no,no,no,no,no,THIN,WRITE_FULL,high,description does not describe an activity; fewer than two success markers; no progression or regression; no practice role
b9bb75c7-9ed0-47ee-9d11-2de953510027,Secondary Lead & Delayed Steal,Baserunning,activity,,,134,yes,yes,yes,yes,yes,yes,yes,no,no,no,no,yes,USABLE,COMPLETE_MISSING,medium,description is thin on setup or execution; no progression or regression; no practice role
35a5e10e-9713-4887-ad07-030b421db06f,Simple Base Running Drills for Youth Practice,Baserunning,activity,,,272,yes,yes,no,yes,yes,yes,yes,no,no,no,no,yes,USABLE,COMPLETE_MISSING,medium,fewer than two success markers; no progression or regression; no practice role
f9d5d796-ce11-4964-bc70-a3ce5f8a607f,Steal Breaks — Reading the Pitcher & First Move,Baserunning,activity,,,174,yes,yes,yes,yes,yes,yes,yes,yes,no,no,no,yes,USABLE,COMPLETE_MISSING,medium,description is thin on setup or execution; no progression or regression
4106c25c-beeb-4d11-b1aa-eb9aa85978ae,"Pro Base-Stealing Package — Leads, Reads & Jumps",Baserunning,practice_unit,,,139,yes,yes,yes,yes,yes,yes,yes,no,no,no,no,yes,USABLE,COMPLETE_MISSING,medium,description is thin on setup or execution; no progression or regression; no practice role
9335a346-33a3-4bd1-b65c-2664f9c7fcfb,Pop-Up Slide — Slide and Advance,Baserunning,activity,progression,57ebfb11-f1b0-4877-b171-4d090df0a020,124,no,yes,yes,yes,yes,yes,yes,yes,no,no,yes,no,THIN,WRITE_FULL,high,description does not describe an activity; no progression or regression
282be624-51e9-4a06-ab37-7646b0a3da8b,Sliding Practice Stations,Baserunning,activity,,,160,yes,yes,yes,yes,yes,yes,yes,no,no,no,yes,yes,USABLE,COMPLETE_MISSING,medium,description is thin on setup or execution; no progression or regression; no practice role
b610bf25-fbc7-46e3-9c8a-16e07224bf70,Bent-Leg Slide Basics — The Right Way to Slide,Baserunning,activity,base,57ebfb11-f1b0-4877-b171-4d090df0a020,157,yes,yes,yes,yes,yes,yes,yes,yes,no,no,yes,yes,USABLE,COMPLETE_MISSING,medium,description is thin on setup or execution; no progression or regression
3f65e53c-eebc-511c-89a9-23e519dffba0,Wild Pitch Advance,Baserunning,activity,,,394,yes,yes,yes,yes,yes,yes,yes,yes,yes,yes,no,yes,READY,NONE,high,
92366675-97a6-5d04-b3b6-5a2909ce858f,First Base Decision,Baserunning,activity,,,431,yes,yes,yes,yes,yes,yes,yes,yes,yes,yes,no,yes,READY,NONE,high,
3e15ab9d-f443-5a82-87df-8c4cc418c2e6,Progressive Tag Up,Baserunning,activity,,,420,yes,yes,yes,yes,yes,yes,yes,yes,yes,yes,no,yes,READY,NONE,high,
d358d3cd-7da8-5baf-9843-3fe2a81a6773,Swing and Sprint,Baserunning,activity,,,398,yes,yes,yes,yes,yes,yes,yes,yes,yes,yes,yes,yes,READY,NONE,high,
478cb186-6370-494d-b94a-47136344ccd8,One-Knee Receiving — Advanced Framing Setup,Catching,,,,179,no,yes,yes,yes,yes,yes,yes,no,no,no,no,no,THIN,WRITE_FULL,high,description does not describe an activity; no progression or regression; no practice role
5f398d5c-6377-4119-b5b7-99b81f4b8028,MLB-Style Receiving & Framing Circuit,Catching,practice_unit,,,187,yes,yes,yes,yes,yes,yes,yes,no,no,no,no,yes,USABLE,COMPLETE_MISSING,medium,no progression or regression; no practice role
367642e8-dfd4-4988-90e5-f2c4d10b3401,Catcher Throw-Down Footwork to Second,Catching,activity,,,158,yes,yes,yes,yes,yes,yes,yes,no,no,no,yes,yes,USABLE,COMPLETE_MISSING,medium,description is thin on setup or execution; no progression or regression; no practice role
808e703f-d60e-4a0b-8cbd-845bcb4cc1bb,Game-Speed Reaction Blocking,Catching,activity,,,174,yes,yes,yes,yes,yes,yes,yes,no,no,no,yes,yes,USABLE,COMPLETE_MISSING,medium,description is thin on setup or execution; no progression or regression; no practice role
e7bd95b6-d491-49e2-a383-7fc381e7b0ce,Youth Receiving Foundations — Quiet Glove & Soft Hands,Catching,activity,,,194,yes,yes,yes,yes,yes,yes,yes,yes,no,no,yes,yes,USABLE,COMPLETE_MISSING,medium,no progression or regression
babe5481-655c-4c2e-9985-2465937c1067,Blocking the Right Way — Technique to Reaction Reps,Catching,activity,,,174,yes,yes,yes,yes,yes,yes,yes,yes,no,no,yes,yes,USABLE,COMPLETE_MISSING,medium,description is thin on setup or execution; no progression or regression
e5d28c39-30b0-48fd-9534-8a43cd8154db,Hip Lead Drill,Pitching,,,,44,no,no,no,yes,yes,yes,yes,no,no,no,no,no,THIN,WRITE_FULL,high,description does not describe an activity; no coaching cues; fewer than two success markers; no progression or regression; no practice role
77722605-74bc-44b8-9581-fdd1c7d9a4d3,Wrist Snap Drill,Pitching,activity,,,44,no,yes,no,yes,yes,yes,yes,no,no,no,no,no,THIN,WRITE_FULL,high,description does not describe an activity; fewer than two success markers; no progression or regression; no practice role
25b42f9f-7769-47ac-ad0e-f9140091660e,The Lawnmower Drill — Arm Action & Wrist Snap,Pitching,activity,,,298,no,yes,no,yes,yes,yes,yes,no,no,no,no,no,THIN,WRITE_FULL,high,description does not describe an activity; fewer than two success markers; no progression or regression; no practice role
a559ea0e-7d73-4920-905f-ccb86e117f4e,Flamingo Balance Drill — Single-Leg Stability,Pitching,activity,,,283,yes,yes,no,yes,yes,yes,yes,no,no,no,no,yes,USABLE,COMPLETE_MISSING,medium,fewer than two success markers; no progression or regression; no practice role
41ff62cc-fb54-4266-8d0c-083a1c341161,Follow-Through Hold Drill — Finishing Strong,Pitching,activity,,,289,yes,yes,no,yes,yes,yes,yes,no,no,no,no,yes,USABLE,COMPLETE_MISSING,medium,fewer than two success markers; no progression or regression; no practice role
b22aa9c8-7cd1-4dc0-bba3-c66b03396e21,The Heel-Toe Drill — Front Foot Landing,Pitching,activity,,,272,yes,yes,no,yes,yes,yes,yes,no,no,no,no,yes,USABLE,COMPLETE_MISSING,medium,fewer than two success markers; no progression or regression; no practice role
b1c3653c-82a0-446e-a9cb-0dd5ebf09864,Glove-Side Pull Drill — Front Side Control,Pitching,activity,,,284,yes,yes,no,yes,yes,yes,yes,no,no,no,no,yes,USABLE,COMPLETE_MISSING,medium,fewer than two success markers; no progression or regression; no practice role
f47eba7c-bf41-4e1a-8a65-882f6fdcb0b1,Stride Direction Drill — Using a Chalk Line or Tape,Pitching,activity,,,289,yes,yes,no,yes,yes,yes,yes,no,no,no,no,yes,USABLE,COMPLETE_MISSING,medium,fewer than two success markers; no progression or regression; no practice role
94124e82-c8f2-411b-9daa-f0a1a176663e,Kneel-Down (Wrist Snap) Drill — Release Point & Backspin,Pitching,activity,,,292,yes,yes,no,yes,yes,yes,yes,no,no,no,no,yes,USABLE,COMPLETE_MISSING,medium,fewer than two success markers; no progression or regression; no practice role
03eab7d0-7e67-4143-91e5-b8e4e783014a,The Rocker Drill — Hip Lead & Weight Shift,Pitching,activity,,,335,no,yes,no,yes,yes,yes,yes,no,no,no,no,no,THIN,WRITE_FULL,high,description does not describe an activity; fewer than two success markers; no progression or regression; no practice role
ffc26e2a-7801-42b7-b610-9a996527e638,Square Hips / Hip Lock Drill — Hip-Shoulder Separation,Pitching,activity,,,322,yes,yes,no,yes,yes,yes,yes,no,no,no,no,yes,USABLE,COMPLETE_MISSING,medium,fewer than two success markers; no progression or regression; no practice role
253fee8d-d86f-497b-83db-44e622fb0a2d,4-Part Windup Drill — Breaking Down the Delivery,Pitching,practice_unit,,,277,no,yes,yes,yes,yes,yes,yes,no,no,no,no,no,THIN,WRITE_FULL,high,description does not describe an activity; fewer than two success markers; no progression or regression; no practice role
93cf7e08-9bd0-48c3-a344-26e092c651e7,Towel Drill — Arm Speed & Release Point,Pitching,activity,,,339,yes,yes,no,yes,yes,yes,yes,yes,no,no,no,yes,USABLE,COMPLETE_MISSING,medium,fewer than two success markers; no progression or regression
a54d536f-e4f0-4dd5-91d2-d007bd274250,Balance Point Drill — Leg Lift & Pause,Pitching,activity,,,297,yes,yes,yes,yes,yes,yes,yes,yes,no,no,no,yes,USABLE,COMPLETE_MISSING,medium,fewer than two success markers; no progression or regression
cf56cda8-d397-4ed7-873b-560b78d6473e,The Swing Shuffle Drill — Momentum & Rhythm,Pitching,activity,,,322,yes,yes,yes,yes,yes,yes,yes,no,no,no,no,yes,USABLE,COMPLETE_MISSING,medium,fewer than two success markers; no progression or regression; no practice role
fbbf59c6-6024-5692-9db9-6a0257139f65,Changeup Catch Play,Pitching,activity,,,463,yes,yes,yes,yes,yes,yes,yes,yes,yes,yes,yes,yes,READY,NONE,high,
2da70c16-18d3-4b63-8eca-12804ac048ea,"Calm Rundowns — Push Back, Follow Your Throw",Team Defense,activity,progression,ced192f0-32a9-4137-b521-f22b4822d782,160,yes,yes,yes,yes,yes,yes,yes,yes,no,no,yes,yes,USABLE,COMPLETE_MISSING,medium,description is thin on setup or execution; no progression or regression
dac833d7-c4f6-42ce-8409-ea83dd77fa65,Two-Base Pickle Drill,Team Defense,activity,base,ced192f0-32a9-4137-b521-f22b4822d782,158,yes,yes,yes,yes,yes,yes,yes,yes,no,no,yes,yes,USABLE,COMPLETE_MISSING,medium,description is thin on setup or execution; no progression or regression
b1f220a4-fdc3-4750-810f-b431e0c8a16f,Cutoff Responsibilities by Situation,Team Defense,activity,advanced,b38a7a6a-495e-43f5-a77d-d791c84ce300,173,yes,yes,yes,yes,yes,yes,yes,yes,no,no,yes,yes,USABLE,COMPLETE_MISSING,medium,description is thin on setup or execution; no progression or regression
ef98c922-d86a-46ea-913c-903b41c8ba2e,"Line Relay Race — Catch, Turn, Throw",Team Defense,activity,base,b38a7a6a-495e-43f5-a77d-d791c84ce300,187,yes,yes,yes,yes,yes,yes,yes,yes,no,no,yes,yes,USABLE,COMPLETE_MISSING,medium,no progression or regression
62b2ed36-03da-4e9d-a424-1d94620fde7d,Machine-Fed Relay Sequences at Game Speed,Team Defense,activity,,,154,yes,yes,yes,yes,yes,yes,yes,no,no,no,yes,yes,USABLE,COMPLETE_MISSING,medium,description is thin on setup or execution; no progression or regression; no practice role
91bc52cf-a234-4ad3-97a6-6df6038c752c,Game-Speed Rundown Execution,Team Defense,activity,advanced,ced192f0-32a9-4137-b521-f22b4822d782,154,yes,yes,yes,yes,yes,yes,yes,no,no,no,yes,yes,USABLE,COMPLETE_MISSING,medium,description is thin on setup or execution; no progression or regression; no practice role
37f0c306-4c6c-4fa6-8491-96fa90893be9,Little League Cuts & Relays System,Team Defense,activity,progression,b38a7a6a-495e-43f5-a77d-d791c84ce300,173,yes,yes,yes,yes,yes,yes,yes,yes,no,no,yes,yes,USABLE,COMPLETE_MISSING,medium,description is thin on setup or execution; no progression or regression
f3ca0dde-8e0c-56f3-8791-29c0e51045f2,"Grounder to First, Pitcher Covers",Team Defense,activity,,,400,yes,yes,yes,yes,yes,yes,yes,yes,yes,yes,yes,yes,READY,NONE,high,
ab8f57ca-ebf4-49b7-8f08-e62e5dd54a3f,Dynamic Warm-Up with Arm Stretches,Warmup,practice_unit,,,214,yes,yes,no,yes,yes,yes,yes,no,no,no,no,yes,USABLE,COMPLETE_MISSING,medium,fewer than two success markers; no progression or regression; no practice role
3df6814c-4d77-4592-8693-9fd419ded05c,8 Baseball Warm-Up Exercises You Must Do,Warmup,practice_unit,,,243,yes,yes,no,yes,yes,yes,yes,no,no,no,no,yes,USABLE,COMPLETE_MISSING,medium,fewer than two success markers; no progression or regression; no practice role
