drill_id,name,in_migration_074_sql,created_at,resource_kind,skill_category,taxonomy_mappings,pathway_memberships,schedulable,added_by_migration,added_by_commit,reason_added,intended_gap,provenance_evidence,duplicate_check_documented
19035b7f-94e5-5d4a-b261-8b3da555904f,A-March — Posture and Ground Contact,yes,2026-09-20T17:31:22.919183+00:00,activity,Athletic Development,,"speed-and-agility-development#1(primary); speed-and-agility-development#2(regression)",yes,074_speed_agility_pathway.sql,"c8dbd14 Apply 074 to production, in chunks that could be checked","The library held almost no movement content - two rows under Athletic Development, one of them a stretching routine - so Speed & Agility stages 1-7 could not be built from existing drills (migration 074 header).","Speed & Agility pathway stages 1-7; stages 8-10 were built entirely from 14 pre-existing drills.",GENERATED by scripts/emit-speed-pathway.ts from scripts/fixtures/speed-agility.ts (stated in the 074 file header).,"YES - the emitter refuses to produce the file if a drill name does not resolve, resolves to more than one row, resolves to something unschedulable, or names a drill it is also creating (a duplicate). Migration 074 header, lines 7-12."
c951c358-4b6b-5bcd-8839-4983212ae9ea,A-Skip — Rhythm and Quick Contact,yes,2026-09-20T17:31:22.919183+00:00,activity,Athletic Development,,speed-and-agility-development#1(progression),yes,074_speed_agility_pathway.sql,"c8dbd14 Apply 074 to production, in chunks that could be checked","The library held almost no movement content - two rows under Athletic Development, one of them a stretching routine - so Speed & Agility stages 1-7 could not be built from existing drills (migration 074 header).","Speed & Agility pathway stages 1-7; stages 8-10 were built entirely from 14 pre-existing drills.",GENERATED by scripts/emit-speed-pathway.ts from scripts/fixtures/speed-agility.ts (stated in the 074 file header).,"YES - the emitter refuses to produce the file if a drill name does not resolve, resolves to more than one row, resolves to something unschedulable, or names a drill it is also creating (a duplicate). Migration 074 header, lines 7-12."
a8689b3e-5257-50a3-8b5b-2c83e323ff8a,Arm Action Check — Hip to Chin,yes,2026-09-20T17:31:22.919183+00:00,activity,Athletic Development,,speed-and-agility-development#1(reinforcement),yes,074_speed_agility_pathway.sql,"c8dbd14 Apply 074 to production, in chunks that could be checked","The library held almost no movement content - two rows under Athletic Development, one of them a stretching routine - so Speed & Agility stages 1-7 could not be built from existing drills (migration 074 header).","Speed & Agility pathway stages 1-7; stages 8-10 were built entirely from 14 pre-existing drills.",GENERATED by scripts/emit-speed-pathway.ts from scripts/fixtures/speed-agility.ts (stated in the 074 file header).,"YES - the emitter refuses to produce the file if a drill name does not resolve, resolves to more than one row, resolves to something unschedulable, or names a drill it is also creating (a duplicate). Migration 074 header, lines 7-12."
7bb8dfc7-3fa5-532e-9935-fcb5cc4ea212,Broad Jump — Jump and Stick It,yes,2026-09-20T17:34:08.956129+00:00,activity,Athletic Development,,"speed-and-agility-development#4(reinforcement); speed-and-agility-development#5(reinforcement); speed-and-agility-development#10(assessment)",yes,074_speed_agility_pathway.sql,"c8dbd14 Apply 074 to production, in chunks that could be checked","The library held almost no movement content - two rows under Athletic Development, one of them a stretching routine - so Speed & Agility stages 1-7 could not be built from existing drills (migration 074 header).","Speed & Agility pathway stages 1-7; stages 8-10 were built entirely from 14 pre-existing drills.",GENERATED by scripts/emit-speed-pathway.ts from scripts/fixtures/speed-agility.ts (stated in the 074 file header).,"YES - the emitter refuses to produce the file if a drill name does not resolve, resolves to more than one row, resolves to something unschedulable, or names a drill it is also creating (a duplicate). Migration 074 header, lines 7-12."
279b8b7c-cbc5-5bce-b962-d8b6d11474bc,Build-Up Runs — Find Top Speed Under Control,yes,2026-09-20T17:31:22.919183+00:00,activity,Athletic Development,,speed-and-agility-development#1(reinforcement),yes,074_speed_agility_pathway.sql,"c8dbd14 Apply 074 to production, in chunks that could be checked","The library held almost no movement content - two rows under Athletic Development, one of them a stretching routine - so Speed & Agility stages 1-7 could not be built from existing drills (migration 074 header).","Speed & Agility pathway stages 1-7; stages 8-10 were built entirely from 14 pre-existing drills.",GENERATED by scripts/emit-speed-pathway.ts from scripts/fixtures/speed-agility.ts (stated in the 074 file header).,"YES - the emitter refuses to produce the file if a drill name does not resolve, resolves to more than one row, resolves to something unschedulable, or names a drill it is also creating (a duplicate). Migration 074 header, lines 7-12."
5a535d84-6462-5b2a-b594-01158ca26978,Chase Start — Five-Yard Race,yes,2026-09-20T17:33:35.345141+00:00,activity,Athletic Development,,"speed-and-agility-development#3(reinforcement); speed-and-agility-development#10(assessment)",yes,074_speed_agility_pathway.sql,"c8dbd14 Apply 074 to production, in chunks that could be checked","The library held almost no movement content - two rows under Athletic Development, one of them a stretching routine - so Speed & Agility stages 1-7 could not be built from existing drills (migration 074 header).","Speed & Agility pathway stages 1-7; stages 8-10 were built entirely from 14 pre-existing drills.",GENERATED by scripts/emit-speed-pathway.ts from scripts/fixtures/speed-agility.ts (stated in the 074 file header).,"YES - the emitter refuses to produce the file if a drill name does not resolve, resolves to more than one row, resolves to something unschedulable, or names a drill it is also creating (a duplicate). Migration 074 header, lines 7-12."
1616e0e3-7b22-574b-b8d0-0e1e482ea3cd,"Falling Start — Fall, Then Go",yes,2026-09-20T17:32:31.666244+00:00,activity,Athletic Development,slow-first-step,"speed-and-agility-development#2(primary); speed-and-agility-development#3(regression)",yes,074_speed_agility_pathway.sql,"c8dbd14 Apply 074 to production, in chunks that could be checked","The library held almost no movement content - two rows under Athletic Development, one of them a stretching routine - so Speed & Agility stages 1-7 could not be built from existing drills (migration 074 header).","Speed & Agility pathway stages 1-7; stages 8-10 were built entirely from 14 pre-existing drills.",GENERATED by scripts/emit-speed-pathway.ts from scripts/fixtures/speed-agility.ts (stated in the 074 file header).,"YES - the emitter refuses to produce the file if a drill name does not resolve, resolves to more than one row, resolves to something unschedulable, or names a drill it is also creating (a duplicate). Migration 074 header, lines 7-12."
5529fc55-1feb-5464-8f29-dc4397f0cb46,Jump Rope Rhythm — Sixty Seconds of Springs,yes,2026-09-20T17:33:35.345141+00:00,activity,Athletic Development,,speed-and-agility-development#4(reinforcement),yes,074_speed_agility_pathway.sql,"c8dbd14 Apply 074 to production, in chunks that could be checked","The library held almost no movement content - two rows under Athletic Development, one of them a stretching routine - so Speed & Agility stages 1-7 could not be built from existing drills (migration 074 header).","Speed & Agility pathway stages 1-7; stages 8-10 were built entirely from 14 pre-existing drills.",GENERATED by scripts/emit-speed-pathway.ts from scripts/fixtures/speed-agility.ts (stated in the 074 file header).,"YES - the emitter refuses to produce the file if a drill name does not resolve, resolves to more than one row, resolves to something unschedulable, or names a drill it is also creating (a duplicate). Migration 074 header, lines 7-12."
f2607eaa-5913-5f14-83af-216928542e22,Mirror Drill — Match the Leader,yes,2026-09-20T17:38:06.18236+00:00,activity,Athletic Development,,"speed-and-agility-development#7(primary); speed-and-agility-development#10(game_application)",yes,074_speed_agility_pathway.sql,"c8dbd14 Apply 074 to production, in chunks that could be checked","The library held almost no movement content - two rows under Athletic Development, one of them a stretching routine - so Speed & Agility stages 1-7 could not be built from existing drills (migration 074 header).","Speed & Agility pathway stages 1-7; stages 8-10 were built entirely from 14 pre-existing drills.",GENERATED by scripts/emit-speed-pathway.ts from scripts/fixtures/speed-agility.ts (stated in the 074 file header).,"YES - the emitter refuses to produce the file if a drill name does not resolve, resolves to more than one row, resolves to something unschedulable, or names a drill it is also creating (a duplicate). Migration 074 header, lines 7-12."
659297d9-4463-5451-8263-93aaba0862ff,Plant and Go — The 45-Degree Cut,yes,2026-09-20T17:38:06.18236+00:00,activity,Athletic Development,,speed-and-agility-development#6(primary),yes,074_speed_agility_pathway.sql,"c8dbd14 Apply 074 to production, in chunks that could be checked","The library held almost no movement content - two rows under Athletic Development, one of them a stretching routine - so Speed & Agility stages 1-7 could not be built from existing drills (migration 074 header).","Speed & Agility pathway stages 1-7; stages 8-10 were built entirely from 14 pre-existing drills.",GENERATED by scripts/emit-speed-pathway.ts from scripts/fixtures/speed-agility.ts (stated in the 074 file header).,"YES - the emitter refuses to produce the file if a drill name does not resolve, resolves to more than one row, resolves to something unschedulable, or names a drill it is also creating (a duplicate). Migration 074 header, lines 7-12."
5f9863fe-a96a-5052-b4a7-d68e26e03d8b,"Pogo Jumps — Quick, Quiet Contacts",yes,2026-09-20T17:33:35.345141+00:00,activity,Athletic Development,,speed-and-agility-development#4(primary),yes,074_speed_agility_pathway.sql,"c8dbd14 Apply 074 to production, in chunks that could be checked","The library held almost no movement content - two rows under Athletic Development, one of them a stretching routine - so Speed & Agility stages 1-7 could not be built from existing drills (migration 074 header).","Speed & Agility pathway stages 1-7; stages 8-10 were built entirely from 14 pre-existing drills.",GENERATED by scripts/emit-speed-pathway.ts from scripts/fixtures/speed-agility.ts (stated in the 074 file header).,"YES - the emitter refuses to produce the file if a drill name does not resolve, resolves to more than one row, resolves to something unschedulable, or names a drill it is also creating (a duplicate). Migration 074 header, lines 7-12."
cbca594c-d568-506d-86b7-7fa21fa29493,Reaction Start — Go On the Signal,yes,2026-09-20T17:33:35.345141+00:00,activity,Athletic Development,slow-first-step,"speed-and-agility-development#3(primary); speed-and-agility-development#7(regression)",yes,074_speed_agility_pathway.sql,"c8dbd14 Apply 074 to production, in chunks that could be checked","The library held almost no movement content - two rows under Athletic Development, one of them a stretching routine - so Speed & Agility stages 1-7 could not be built from existing drills (migration 074 header).","Speed & Agility pathway stages 1-7; stages 8-10 were built entirely from 14 pre-existing drills.",GENERATED by scripts/emit-speed-pathway.ts from scripts/fixtures/speed-agility.ts (stated in the 074 file header).,"YES - the emitter refuses to produce the file if a drill name does not resolve, resolves to more than one row, resolves to something unschedulable, or names a drill it is also creating (a duplicate). Migration 074 header, lines 7-12."
84055cae-fcec-55bd-85dd-6945f1489017,Shuffle to Sprint — Open the Hips and Go,yes,2026-09-20T17:34:08.956129+00:00,activity,Athletic Development,,speed-and-agility-development#6(primary),yes,074_speed_agility_pathway.sql,"c8dbd14 Apply 074 to production, in chunks that could be checked","The library held almost no movement content - two rows under Athletic Development, one of them a stretching routine - so Speed & Agility stages 1-7 could not be built from existing drills (migration 074 header).","Speed & Agility pathway stages 1-7; stages 8-10 were built entirely from 14 pre-existing drills.",GENERATED by scripts/emit-speed-pathway.ts from scripts/fixtures/speed-agility.ts (stated in the 074 file header).,"YES - the emitter refuses to produce the file if a drill name does not resolve, resolves to more than one row, resolves to something unschedulable, or names a drill it is also creating (a duplicate). Migration 074 header, lines 7-12."
621275ab-fc74-5f55-84eb-6e3e539220a7,Snap Down — Get Under Control Fast,yes,2026-09-20T17:34:08.956129+00:00,activity,Athletic Development,,"speed-and-agility-development#4(regression); speed-and-agility-development#5(reinforcement)",yes,074_speed_agility_pathway.sql,"c8dbd14 Apply 074 to production, in chunks that could be checked","The library held almost no movement content - two rows under Athletic Development, one of them a stretching routine - so Speed & Agility stages 1-7 could not be built from existing drills (migration 074 header).","Speed & Agility pathway stages 1-7; stages 8-10 were built entirely from 14 pre-existing drills.",GENERATED by scripts/emit-speed-pathway.ts from scripts/fixtures/speed-agility.ts (stated in the 074 file header).,"YES - the emitter refuses to produce the file if a drill name does not resolve, resolves to more than one row, resolves to something unschedulable, or names a drill it is also creating (a duplicate). Migration 074 header, lines 7-12."
ecb2252e-14e6-52da-9717-2c2cbf824b39,Speed Benchmark Test — Time It and Write It Down,yes,2026-09-20T17:32:31.666244+00:00,activity,Athletic Development,,"speed-and-agility-development#1(assessment); speed-and-agility-development#10(assessment)",yes,074_speed_agility_pathway.sql,"c8dbd14 Apply 074 to production, in chunks that could be checked","The library held almost no movement content - two rows under Athletic Development, one of them a stretching routine - so Speed & Agility stages 1-7 could not be built from existing drills (migration 074 header).","Speed & Agility pathway stages 1-7; stages 8-10 were built entirely from 14 pre-existing drills.",GENERATED by scripts/emit-speed-pathway.ts from scripts/fixtures/speed-agility.ts (stated in the 074 file header).,"YES - the emitter refuses to produce the file if a drill name does not resolve, resolves to more than one row, resolves to something unschedulable, or names a drill it is also creating (a duplicate). Migration 074 header, lines 7-12."
e2b7261b-25a3-54fe-947e-9e8d7cd3f76f,Sprint and Stick — Stop Where the Cone Is,yes,2026-09-20T17:34:08.956129+00:00,activity,Athletic Development,,"speed-and-agility-development#5(primary); speed-and-agility-development#6(regression)",yes,074_speed_agility_pathway.sql,"c8dbd14 Apply 074 to production, in chunks that could be checked","The library held almost no movement content - two rows under Athletic Development, one of them a stretching routine - so Speed & Agility stages 1-7 could not be built from existing drills (migration 074 header).","Speed & Agility pathway stages 1-7; stages 8-10 were built entirely from 14 pre-existing drills.",GENERATED by scripts/emit-speed-pathway.ts from scripts/fixtures/speed-agility.ts (stated in the 074 file header).,"YES - the emitter refuses to produce the file if a drill name does not resolve, resolves to more than one row, resolves to something unschedulable, or names a drill it is also creating (a duplicate). Migration 074 header, lines 7-12."
bce56658-d12a-5b36-beb3-8bea67bb5eee,"Ten-Yard Acceleration — Push, Push, Push",yes,2026-09-20T17:32:31.666244+00:00,activity,Athletic Development,,speed-and-agility-development#2(reinforcement),yes,074_speed_agility_pathway.sql,"c8dbd14 Apply 074 to production, in chunks that could be checked","The library held almost no movement content - two rows under Athletic Development, one of them a stretching routine - so Speed & Agility stages 1-7 could not be built from existing drills (migration 074 header).","Speed & Agility pathway stages 1-7; stages 8-10 were built entirely from 14 pre-existing drills.",GENERATED by scripts/emit-speed-pathway.ts from scripts/fixtures/speed-agility.ts (stated in the 074 file header).,"YES - the emitter refuses to produce the file if a drill name does not resolve, resolves to more than one row, resolves to something unschedulable, or names a drill it is also creating (a duplicate). Migration 074 header, lines 7-12."
fc3e0647-265f-5935-9df5-e74f5a5b3f9e,"Tennis Ball Drop — See It, Go",yes,2026-09-20T17:38:06.18236+00:00,activity,Athletic Development,slow-first-step,speed-and-agility-development#7(primary),yes,074_speed_agility_pathway.sql,"c8dbd14 Apply 074 to production, in chunks that could be checked","The library held almost no movement content - two rows under Athletic Development, one of them a stretching routine - so Speed & Agility stages 1-7 could not be built from existing drills (migration 074 header).","Speed & Agility pathway stages 1-7; stages 8-10 were built entirely from 14 pre-existing drills.",GENERATED by scripts/emit-speed-pathway.ts from scripts/fixtures/speed-agility.ts (stated in the 074 file header).,"YES - the emitter refuses to produce the file if a drill name does not resolve, resolves to more than one row, resolves to something unschedulable, or names a drill it is also creating (a duplicate). Migration 074 header, lines 7-12."
fba85bac-8599-539b-b1a5-9d2a0a1fa97e,"Wall Drive — Straight Body, Punch the Knee",yes,2026-09-20T17:32:31.666244+00:00,activity,Athletic Development,,speed-and-agility-development#2(primary),yes,074_speed_agility_pathway.sql,"c8dbd14 Apply 074 to production, in chunks that could be checked","The library held almost no movement content - two rows under Athletic Development, one of them a stretching routine - so Speed & Agility stages 1-7 could not be built from existing drills (migration 074 header).","Speed & Agility pathway stages 1-7; stages 8-10 were built entirely from 14 pre-existing drills.",GENERATED by scripts/emit-speed-pathway.ts from scripts/fixtures/speed-agility.ts (stated in the 074 file header).,"YES - the emitter refuses to produce the file if a drill name does not resolve, resolves to more than one row, resolves to something unschedulable, or names a drill it is also creating (a duplicate). Migration 074 header, lines 7-12."
