drill_name,category,difficulty,progression,minutes,confidence,basis,evidence
"High Tee Drill","Hitting","Intermediate",3,10,LOW,"category model","no reps_guidance; Hitting assumed 27 reps @ 12s x1 pace, setup 3m base +1m equipment"
"PVC Posture Drill","Hitting","Intermediate",3,8,LOW,"category model","no reps_guidance; Hitting assumed 27 reps @ 12s x1 pace, setup 3m base"
"Load to Launch Drill","Hitting","Intermediate",3,8,LOW,"category model","no reps_guidance; Hitting assumed 27 reps @ 12s x1 pace, setup 3m base"
"Don't Dump the Barrel","Hitting","Intermediate",3,8,LOW,"category model","no reps_guidance; Hitting assumed 27 reps @ 12s x1 pace, setup 3m base"
"Baby Steps - Hip Load","Hitting","Beginner",2,8,LOW,"category model","no reps_guidance; Hitting assumed 27 reps @ 12s x0.9 pace, setup 3m base"
"Freeze at Extension Drill","Hitting","Intermediate",3,8,LOW,"category model","no reps_guidance; Hitting assumed 27 reps @ 12s x1 pace, setup 3m base"
"How to Soft Toss","Soft Toss","Intermediate",3,8,LOW,"category model","no reps_guidance; Soft Toss assumed 24 reps @ 10s x1 pace, setup 3m base"
"Ripken Soft Toss Drill","Soft Toss","Intermediate",3,8,LOW,"category model","no reps_guidance; Soft Toss assumed 24 reps @ 10s x1 pace, setup 3m base"
"Sunflower Seed Soft Toss","Soft Toss","Beginner",2,8,LOW,"category model","no reps_guidance; Soft Toss assumed 24 reps @ 10s x0.9 pace, setup 3m base +1m equipment"
"Two Balls Toss Drill","Soft Toss","Advanced",4,10,LOW,"category model","no reps_guidance; Soft Toss assumed 24 reps @ 10s x1.25 pace, setup 3m base +2m game speed"
"How to Bunt Like a PRO","Bunting","Intermediate",3,8,LOW,"category model","no reps_guidance; Bunting assumed 24 reps @ 10s x1 pace, setup 3m base"
"Bunting with Lacrosse Stick","Bunting","Intermediate",3,8,LOW,"category model","no reps_guidance; Bunting assumed 24 reps @ 10s x1 pace, setup 3m base"
"5 Youth Pitching Drills From Your Knees","Pitching","Beginner",2,8,LOW,"category model","no reps_guidance; Pitching assumed 11 reps @ 20s x0.9 pace, setup 4m base +1m Medium"
"Indoor Team Pitching Drills","Pitching","Intermediate",3,10,LOW,"category model","no reps_guidance; Pitching assumed 11 reps @ 20s x1 pace, setup 4m base +2m Medium-large"
"Rotational Efficiency Drills","Pitching","Advanced",4,12,LOW,"category model","no reps_guidance; Pitching assumed 11 reps @ 20s x1.25 pace, setup 4m base +1m Medium +2m game speed"
"Fun Baseball Throwing Drill","Throwing","Beginner",2,8,LOW,"category model","no reps_guidance; Throwing assumed 20 reps @ 10s x0.9 pace, setup 3m base +1m Medium"
"Simple Throwing Progressions","Throwing","Beginner",2,8,LOW,"category model","no reps_guidance; Throwing assumed 20 reps @ 10s x0.9 pace, setup 3m base +1m Medium"
"Second Baseman Flip/Throw Combo","Throwing","Intermediate",3,8,LOW,"category model","no reps_guidance; Throwing assumed 20 reps @ 10s x1 pace, setup 3m base +1m Medium"
"The Flamingo Drill","Fielding (Infield)","Beginner",2,10,LOW,"category model","no reps_guidance; Fielding (Infield) assumed 24 reps @ 15s x0.9 pace, setup 3m base +1m Medium"
"Youth Infield Drill (Practice Anywhere)","Fielding (Infield)","Beginner",2,10,LOW,"category model","no reps_guidance; Fielding (Infield) assumed 24 reps @ 15s x0.9 pace, setup 3m base +1m Medium"
"How to Bunt - Youth Skills","Bunting","Beginner",2,8,MED,"reps","reps_guidance ""3 sets of 8 bunts (sacrifice + for a hit)"" -> 24 reps @ 10s x0.9 pace, setup 3m base"
"Infield Throwing Drill","Fielding (Infield)","Intermediate",3,10,LOW,"category model","no reps_guidance; Fielding (Infield) assumed 24 reps @ 15s x1 pace, setup 3m base +1m Medium"
"The Best Youth Infield Drill","Fielding (Infield)","Intermediate",3,10,LOW,"category model","no reps_guidance; Fielding (Infield) assumed 24 reps @ 15s x1 pace, setup 3m base +2m Medium-large"
"Cross-Shuffle Drill","Fielding (Infield)","Intermediate",3,10,LOW,"category model","no reps_guidance; Fielding (Infield) assumed 24 reps @ 15s x1 pace, setup 3m base +1m Medium"
"Figure Eight Infield Drill","Fielding (Infield)","Intermediate",3,10,LOW,"category model","no reps_guidance; Fielding (Infield) assumed 24 reps @ 15s x1 pace, setup 3m base +1m Medium"
"Three Drill Progression","Fielding (Infield)","Intermediate",3,10,LOW,"category model","no reps_guidance; Fielding (Infield) assumed 24 reps @ 15s x1 pace, setup 3m base +1m Medium"
"Groundball Transfer Catch","Fielding (Infield)","Intermediate",3,10,LOW,"category model","no reps_guidance; Fielding (Infield) assumed 24 reps @ 15s x1 pace, setup 3m base +1m Medium"
"The Cone Drill","Fielding (Infield)","Intermediate",3,10,LOW,"category model","no reps_guidance; Fielding (Infield) assumed 24 reps @ 15s x1 pace, setup 3m base +1m Medium +1m equipment"
"3 Great Drills for Teaching Fly Balls","Fielding (Fly Balls)","Beginner",2,10,LOW,"category model","no reps_guidance; Fielding (Fly Balls) assumed 11 reps @ 25s x0.9 pace, setup 3m base +2m Outfield/large"
"How to Catch a Fly Ball With Confidence","Fielding (Fly Balls)","Intermediate",3,10,LOW,"category model","no reps_guidance; Fielding (Fly Balls) assumed 11 reps @ 25s x1 pace, setup 3m base +2m Outfield/large"
"2 Outfield Drills for Fly Balls","Fielding (Fly Balls)","Intermediate",3,10,LOW,"category model","no reps_guidance; Fielding (Fly Balls) assumed 11 reps @ 25s x1 pace, setup 3m base +2m Outfield/large"
"Soft Toss","Hitting","Beginner",,10,LOW,"category model","no reps_guidance; Hitting assumed 27 reps @ 12s x0.9 pace, setup 3m base +1m Medium +1m equipment"
"Fly Ball Drill with Cones","Fielding (Fly Balls)","Intermediate",3,10,LOW,"category model","no reps_guidance; Fielding (Fly Balls) assumed 11 reps @ 25s x1 pace, setup 3m base +2m Outfield/large +1m equipment"
"Blocking the Right Way — Technique to Reaction Reps","Catching","Intermediate",3,10,MED,"reps","reps_guidance ""3 sets of 8 blocks (middle, glove-side, arm-side)"" -> 24 reps @ 12s x1 pace, setup 4m base +1m equipment"
"Catching For Beginners (Jingle)","Catching","Beginner",2,10,LOW,"category model","no reps_guidance; Catching assumed 30 reps @ 12s x0.9 pace, setup 4m base"
"Top 5 Catching Drills for 8U","Catching","Beginner",2,10,LOW,"category model","no reps_guidance; Catching assumed 30 reps @ 12s x0.9 pace, setup 4m base"
"Youth Baseball Catching Drills","Catching","Intermediate",3,10,LOW,"category model","no reps_guidance; Catching assumed 30 reps @ 12s x1 pace, setup 4m base"
"How to Add Base Running Into Practice","Baserunning","Intermediate",3,12,LOW,"category model","no reps_guidance; Baserunning assumed 12.5 reps @ 30s x1 pace, setup 3m base +2m Full field"
"Base Running Circuit","Baserunning","Intermediate",3,12,LOW,"category model","no reps_guidance; Baserunning assumed 12.5 reps @ 30s x1 pace, setup 3m base +2m Full field"
"Fastest Technique Running Out of the Box","Baserunning","Intermediate",3,12,LOW,"category model","no reps_guidance; Baserunning assumed 12.5 reps @ 30s x1 pace, setup 3m base +2m Full field"
"Skills and Drills for Baserunning","Baserunning","Intermediate",3,12,LOW,"category model","no reps_guidance; Baserunning assumed 12.5 reps @ 30s x1 pace, setup 3m base +2m Full field"
"7 Best Youth Baseball Hitting Drills","Hitting","Beginner",,10,LOW,"category model","no reps_guidance; Hitting assumed 27 reps @ 12s x0.9 pace, setup 3m base +1m Medium +2m equipment"
"One Hand Hitting Drill","Hitting","Intermediate",,10,LOW,"category model","no reps_guidance; Hitting assumed 27 reps @ 12s x1 pace, setup 3m base +1m equipment"
"10 Best Baseball Hitting Drills for Kids","Hitting","Beginner",,10,LOW,"category model","no reps_guidance; Hitting assumed 27 reps @ 12s x0.9 pace, setup 3m base +1m Medium +2m equipment"
"How to Hit a Baseball Step by Step","Hitting","Beginner",,10,LOW,"category model","no reps_guidance; Hitting assumed 27 reps @ 12s x0.9 pace, setup 3m base +1m Medium +1m equipment"
"Must-Do Youth Pitching Drills for Beginners","Pitching","Beginner",,10,LOW,"category model","no reps_guidance; Pitching assumed 11 reps @ 20s x0.9 pace, setup 4m base +1m Medium +1m equipment"
"9 Best Pitching Drills for Kids","Pitching","Beginner",,10,LOW,"category model","no reps_guidance; Pitching assumed 11 reps @ 20s x0.9 pace, setup 4m base +1m Medium +1m equipment"
"The Rocker Drill for Pitching","Pitching","Intermediate",,10,LOW,"category model","no reps_guidance; Pitching assumed 11 reps @ 20s x1 pace, setup 4m base +1m Medium +1m equipment"
"Game-Speed Reaction Blocking","Catching","Advanced",4,15,MED,"reps","reps_guidance ""3 rounds of 10 random blocks, scored"" -> 30 reps @ 12s x1.25 pace, setup 4m base +1m equipment +2m game speed"
"Catcher Throw-Down Footwork to Second","Catching","Advanced",4,12,MED,"reps","reps_guidance ""3 sets of 6 throw-downs, timed"" -> 18 reps @ 12s x1.25 pace, setup 4m base +2m Full field +1m equipment +2m game speed"
"Bent-Leg Slide Basics — The Right Way to Slide","Baserunning","Beginner",1,8,MED,"reps","reps_guidance ""10-15 slides per session, building speed gradually"" -> 12.5 reps @ 30s x0.9 pace, setup 3m base"
"Sliding Practice Stations","Baserunning","Intermediate",3,10,MED,"reps","reps_guidance ""2 rounds of 6-8 slides per station"" -> 14 reps @ 30s x1 pace, setup 3m base +1m Medium"
"Pop-Up Slide — Slide and Advance","Baserunning","Advanced",4,12,MED,"reps","reps_guidance ""8-10 pop-up slides, last 4 with an overthrow read"" -> 9 reps @ 30s x1.25 pace, setup 3m base +1m Medium +2m game speed"
"Tee Drill","Hitting","Beginner",,10,LOW,"category model","no reps_guidance; Hitting assumed 27 reps @ 12s x0.9 pace, setup 3m base +1m equipment"
"10 Best Baseball Throwing Drills for Kids","Throwing","Beginner",3,10,MED,"reps","reps_guidance ""Pick 2 drills, 10 throws each"" -> 20 reps @ 10s x0.9 pace, setup 3m base +1m Medium +1m equipment"
"Steal Breaks — Reading the Pitcher & First Move","Baserunning","Intermediate",3,12,MED,"reps","reps_guidance ""3 rounds of 6 breaks (react to leg lift, first move, pickoff mix)"" -> 18 reps @ 30s x1 pace, setup 3m base +1m Medium"
"Secondary Lead & Delayed Steal","Baserunning","Intermediate",3,8,MED,"reps","reps_guidance ""10 secondary leads + 6 delayed-steal reps"" -> 10 reps @ 30s x1 pace, setup 3m base +1m Medium"
"Catcher Footwork Skills and Drills","Catching","Intermediate",,12,LOW,"category model","no reps_guidance; Catching assumed 30 reps @ 12s x1 pace, setup 4m base +1m Medium +1m equipment"
"Simple Base Running Drills for Youth Practice","Baserunning","Beginner",,10,LOW,"category model","no reps_guidance; Baserunning assumed 12.5 reps @ 30s x0.9 pace, setup 3m base +2m Full Field"
"5-Point Baserunning Checklist Drill","Baserunning","Beginner",,10,LOW,"category model","no reps_guidance; Baserunning assumed 12.5 reps @ 30s x0.9 pace, setup 3m base +2m Full Field"
"Top 5 Blocking Drills for Catchers","Catching","Beginner",,8,MED,"reps","reps_guidance ""2 sets of 8 blocks (straight, left, right)"" -> 16 reps @ 12s x0.9 pace, setup 4m base"
"How to Run the Bases — Pro Tips","Baserunning","Beginner",,10,LOW,"category model","no reps_guidance; Baserunning assumed 12.5 reps @ 30s x0.9 pace, setup 3m base +2m Full Field"
"Baseball Arm Stretches and Pre-Throwing Warm-Up","Arm Care","Beginner",,5,LOW,"category model","no reps_guidance; Arm Care assumed 9 reps @ 20s x0.9 pace, setup 2m base"
"Complete Pitching and Throwing Warm-Up Routine","Arm Care","Beginner",,10,LOW,"category model","no reps_guidance; Arm Care assumed 9 reps @ 20s x0.9 pace, setup 2m base +1m equipment"
"8 Baseball Warm-Up Exercises You Must Do","Warmup","Beginner",,5,LOW,"category model","no reps_guidance; Warmup assumed 10 reps @ 20s x0.9 pace, setup 2m base +1m Medium"
"Dynamic Warm-Up with Arm Stretches","Warmup","Beginner",,5,LOW,"category model","no reps_guidance; Warmup assumed 10 reps @ 20s x0.9 pace, setup 2m base"
"Base Running Athletic Circuit","Athletic Development","Beginner",,10,LOW,"category model","no reps_guidance; Athletic Development assumed 10 reps @ 30s x0.9 pace, setup 3m base +2m Full Field"
"Baseball Dynamic Stretches for Youth Players","Athletic Development","Beginner",,8,LOW,"category model","no reps_guidance; Athletic Development assumed 10 reps @ 30s x0.9 pace, setup 3m base"
"One Hand Drill","Hitting","Intermediate",,8,LOW,"category model","no reps_guidance; Hitting assumed 27 reps @ 12s x1 pace, setup 3m base"
"Pro Base-Stealing Package — Leads, Reads & Jumps","Baserunning","Advanced",4,15,MED,"reps","reps_guidance ""8-10 live steal reps, charted"" -> 9 reps @ 30s x1.25 pace, setup 3m base +2m Full field +1m equipment +2m game speed"
"Calm Rundowns — Push Back, Follow Your Throw","Team Defense","Intermediate",3,12,MED,"reps","reps_guidance ""6-8 rundown reps with full rotation"" -> 7 reps @ 45s x1 pace, setup 6m base +1m Medium"
"PVC Pipe Hip Rotation Drill","Hitting","Beginner",,8,LOW,"category model","no reps_guidance; Hitting assumed 27 reps @ 12s x0.9 pace, setup 3m base"
"Little League Cuts & Relays System","Team Defense","Beginner",2,15,MED,"reps","reps_guidance ""Walk-through of 4 scenarios, then 2 live reps each"" -> 8 reps @ 45s x0.9 pace, setup 6m base +2m Full field +1m equipment"
"Soft Toss From the Side","Hitting","Beginner",,10,LOW,"category model","no reps_guidance; Hitting assumed 27 reps @ 12s x0.9 pace, setup 3m base +1m Medium +1m equipment"
"Front Toss","Hitting","Beginner",,10,LOW,"category model","no reps_guidance; Hitting assumed 27 reps @ 12s x0.9 pace, setup 3m base +1m Medium +1m equipment"
"One-Hand Tee Drill (Bottom Hand)","Hitting","Intermediate",,10,LOW,"category model","no reps_guidance; Hitting assumed 27 reps @ 12s x1 pace, setup 3m base +1m equipment"
"High Tee Drill — Hitting Up in the Zone","Hitting","Intermediate",,10,LOW,"category model","no reps_guidance; Hitting assumed 27 reps @ 12s x1 pace, setup 3m base +1m equipment"
"Knee Drill (Rotational Load)","Hitting","Intermediate",,10,LOW,"category model","no reps_guidance; Hitting assumed 27 reps @ 12s x1 pace, setup 3m base +1m equipment"
"Fundamentals of Hitting — Coach's Clinic","Hitting","Beginner",,10,LOW,"category model","no reps_guidance; Hitting assumed 27 reps @ 12s x0.9 pace, setup 3m base +1m Medium +1m equipment"
"5 Essential Hitting Drills for Youth Baseball","Hitting","Beginner",,10,LOW,"category model","no reps_guidance; Hitting assumed 27 reps @ 12s x0.9 pace, setup 3m base +2m equipment"
"10 Best Baseball Hitting Drills for Kids","Hitting","Beginner",,10,LOW,"category model","no reps_guidance; Hitting assumed 27 reps @ 12s x0.9 pace, setup 3m base +1m Medium +2m equipment"
"High Tee","Hitting","Intermediate",,10,LOW,"category model","no reps_guidance; Hitting assumed 27 reps @ 12s x1 pace, setup 3m base +1m equipment"
"Line Relay Race — Catch, Turn, Throw","Team Defense","Beginner",2,10,MED,"reps","reps_guidance ""4-6 races per session"" -> 5 reps @ 45s x0.9 pace, setup 6m base +1m Medium"
"Hitting Tips for Tee Ball (4-5 Year Olds)","Hitting","Beginner",,10,LOW,"category model","no reps_guidance; Hitting assumed 27 reps @ 12s x0.9 pace, setup 3m base +1m Medium +1m equipment"
"Catch and Crush Drill — Stay Closed","Hitting","Intermediate",,10,LOW,"category model","no reps_guidance; Hitting assumed 27 reps @ 12s x1 pace, setup 3m base +1m equipment"
"Shoulder Swings — Stay Short to the Ball","Hitting","Beginner",,8,LOW,"category model","no reps_guidance; Hitting assumed 27 reps @ 12s x0.9 pace, setup 3m base"
"Frisbee Drill — Hip Rotation & Finish","Hitting","Beginner",,8,LOW,"category model","no reps_guidance; Hitting assumed 27 reps @ 12s x0.9 pace, setup 3m base +1m Medium"
"Barry Larkin / Walk-Through Power Drill","Hitting","Intermediate",,10,LOW,"category model","no reps_guidance; Hitting assumed 27 reps @ 12s x1 pace, setup 3m base +1m Medium +1m equipment"
"Bucket Drill — Stay in Your Legs","Hitting","Beginner",,8,LOW,"category model","no reps_guidance; Hitting assumed 27 reps @ 12s x0.9 pace, setup 3m base +1m equipment"
"Two-Tee Drill — Contact at Different Heights","Hitting","Intermediate",,10,LOW,"category model","no reps_guidance; Hitting assumed 27 reps @ 12s x1 pace, setup 3m base +1m equipment"
"Cutoff Responsibilities by Situation","Team Defense","Intermediate",3,12,MED,"reps","reps_guidance ""6-8 situational reps with runners"" -> 7 reps @ 45s x1 pace, setup 6m base +2m Full field"
"Bounce Toss / Angled Toss Drill","Hitting","Intermediate",,10,LOW,"category model","no reps_guidance; Hitting assumed 27 reps @ 12s x1 pace, setup 3m base +1m Medium +1m equipment"
"Happy Gilmore / Walking Load Drill","Hitting","Intermediate",,10,LOW,"category model","no reps_guidance; Hitting assumed 27 reps @ 12s x1 pace, setup 3m base +1m Medium +1m equipment"
"Two-Strike Hitting Adjustment Drill","Hitting","Intermediate",,10,LOW,"category model","no reps_guidance; Hitting assumed 27 reps @ 12s x1 pace, setup 3m base +1m Medium +1m equipment"
"The Track and Catch Drill — Head on the Ball","Hitting","Beginner",,8,LOW,"category model","no reps_guidance; Hitting assumed 27 reps @ 12s x0.9 pace, setup 3m base +1m equipment"
"Machine-Fed Relay Sequences at Game Speed","Team Defense","Advanced",4,20,MED,"reps","reps_guidance ""3 rounds of 5 relay sequences at full speed"" -> 15 reps @ 45s x1.25 pace, setup 6m base +2m Full field +1m equipment +2m game speed"
"Stance Drill","Hitting","Beginner",,8,LOW,"category model","no reps_guidance; Hitting assumed 27 reps @ 12s x0.9 pace, setup 3m base"
"Youth Pitching Mechanics — Complete Step-by-Step Breakdown","Pitching","Beginner",,10,LOW,"category model","no reps_guidance; Pitching assumed 11 reps @ 20s x0.9 pace, setup 4m base +2m Full Field +1m equipment"
"The Rocker Drill — Hip Lead & Weight Shift","Pitching","Intermediate",,10,LOW,"category model","no reps_guidance; Pitching assumed 11 reps @ 20s x1 pace, setup 4m base +1m Medium +1m equipment"
"The Heel-Toe Drill — Front Foot Landing","Pitching","Beginner",,10,LOW,"category model","no reps_guidance; Pitching assumed 11 reps @ 20s x0.9 pace, setup 4m base +1m Medium +1m equipment"
"The Lawnmower Drill — Arm Action & Wrist Snap","Pitching","Beginner",,8,LOW,"category model","no reps_guidance; Pitching assumed 11 reps @ 20s x0.9 pace, setup 4m base +1m equipment"
"Stride Drill","Pitching","Beginner",,10,LOW,"category model","no reps_guidance; Pitching assumed 11 reps @ 20s x0.9 pace, setup 4m base +1m Medium +1m equipment"
"Two-Base Pickle Drill","Team Defense","Beginner",2,10,MED,"reps","reps_guidance ""Each player: 4-6 reps per role"" -> 5 reps @ 45s x0.9 pace, setup 6m base +1m Medium"
"Flamingo Balance Drill — Single-Leg Stability","Pitching","Beginner",,8,LOW,"category model","no reps_guidance; Pitching assumed 11 reps @ 20s x0.9 pace, setup 4m base"
"Towel Drill — Arm Speed & Release Point","Pitching","Beginner",,8,LOW,"category model","no reps_guidance; Pitching assumed 11 reps @ 20s x0.9 pace, setup 4m base +1m Medium"
"Kneel-Down (Wrist Snap) Drill — Release Point & Backspin","Pitching","Beginner",,8,LOW,"category model","no reps_guidance; Pitching assumed 11 reps @ 20s x0.9 pace, setup 4m base +1m equipment"
"Square Hips / Hip Lock Drill — Hip-Shoulder Separation","Pitching","Intermediate",,10,LOW,"category model","no reps_guidance; Pitching assumed 11 reps @ 20s x1 pace, setup 4m base +1m Medium +1m equipment"
"Stride Direction Drill — Using a Chalk Line or Tape","Pitching","Beginner",,10,LOW,"category model","no reps_guidance; Pitching assumed 11 reps @ 20s x0.9 pace, setup 4m base +1m Medium +1m equipment"
"Wrist Snap Drill","Pitching","Beginner",,8,LOW,"category model","no reps_guidance; Pitching assumed 11 reps @ 20s x0.9 pace, setup 4m base"
"In-Swing Off-Speed Adjustment","Hitting","Advanced",4,15,MED,"reps","reps_guidance ""4 rounds of 10 mixed pitches"" -> 40 reps @ 12s x1.25 pace, setup 3m base +1m Medium +1m equipment +2m game speed"
"Glove-Side Pull Drill — Front Side Control","Pitching","Intermediate",,10,LOW,"category model","no reps_guidance; Pitching assumed 11 reps @ 20s x1 pace, setup 4m base +1m Medium +1m equipment"
"9 Best Pitching Drills for Kids — Full Progression","Pitching","Beginner",,10,LOW,"category model","no reps_guidance; Pitching assumed 11 reps @ 20s x0.9 pace, setup 4m base +1m Medium +2m equipment"
"Follow-Through Hold Drill — Finishing Strong","Pitching","Beginner",,10,LOW,"category model","no reps_guidance; Pitching assumed 11 reps @ 20s x0.9 pace, setup 4m base +1m Medium +1m equipment"
"Rocker Drill","Pitching","Intermediate",,10,LOW,"category model","no reps_guidance; Pitching assumed 11 reps @ 20s x1 pace, setup 4m base +1m Medium"
"Balance Drill","Pitching","Beginner",,8,LOW,"category model","no reps_guidance; Pitching assumed 11 reps @ 20s x0.9 pace, setup 4m base"
"Towel Snap Drill","Pitching","Beginner",,8,LOW,"category model","no reps_guidance; Pitching assumed 11 reps @ 20s x0.9 pace, setup 4m base +1m Medium"
"Knee Drill","Pitching","Beginner",,8,LOW,"category model","no reps_guidance; Pitching assumed 11 reps @ 20s x0.9 pace, setup 4m base"
"Leg Lift Drill","Pitching","Beginner",,8,LOW,"category model","no reps_guidance; Pitching assumed 11 reps @ 20s x0.9 pace, setup 4m base"
"Hip Lead Drill","Pitching","Intermediate",,8,LOW,"category model","no reps_guidance; Pitching assumed 11 reps @ 20s x1 pace, setup 4m base +1m Medium"
"Follow Through Drill","Pitching","Beginner",,8,LOW,"category model","no reps_guidance; Pitching assumed 11 reps @ 20s x0.9 pace, setup 4m base +1m Medium"
"10 Best Baseball Throwing Drills for Kids — Full Progression","Throwing","Beginner",,10,LOW,"category model","no reps_guidance; Throwing assumed 20 reps @ 10s x0.9 pace, setup 3m base +1m Medium +1m equipment"
"Throwing Progression for Youth Players — Knee, Hip, Full","Throwing","Beginner",,10,LOW,"category model","no reps_guidance; Throwing assumed 20 reps @ 10s x0.9 pace, setup 3m base +1m Medium"
"Game-Speed Rundown Execution","Team Defense","Advanced",4,20,MED,"reps","reps_guidance ""8-10 competitive reps, scored"" -> 9 reps @ 45s x1.25 pace, setup 6m base +1m Medium +1m equipment +2m game speed"
"First Base Fundamentals — Finding the Bag & the Stretch","Fielding (Infield)","Beginner",2,10,MED,"reps","reps_guidance ""3 rounds of 8 reps (footwork only, then with throws)"" -> 24 reps @ 15s x0.9 pace, setup 3m base +1m Medium +1m equipment"
"Foul Line Throw — First Throw Introduction for Beginners","Throwing","Beginner",,8,LOW,"category model","no reps_guidance; Throwing assumed 20 reps @ 10s x0.9 pace, setup 3m base +2m Full Field +1m equipment"
"Wall Ball Solo Drill — Partner-Free Mechanics Builder","Throwing","Beginner",,5,LOW,"category model","no reps_guidance; Throwing assumed 20 reps @ 10s x0.9 pace, setup 3m base"
"Crow Hop — Arm Strength and Outfield Throwing","Throwing","Intermediate",,10,LOW,"category model","no reps_guidance; Throwing assumed 20 reps @ 10s x1 pace, setup 3m base +2m Full Field +1m equipment"
"Extreme Catch — Progressive Distance Arm Builder","Throwing","Beginner",,8,LOW,"category model","no reps_guidance; Throwing assumed 20 reps @ 10s x0.9 pace, setup 3m base +2m Full Field +1m equipment"
"Bullseye Challenge — Throwing Accuracy Competition","Throwing","Beginner",,8,LOW,"category model","no reps_guidance; Throwing assumed 20 reps @ 10s x0.9 pace, setup 3m base +1m Medium +1m equipment"
"Over-Under — Two Ways to Throw and Catch","Throwing","Beginner",,5,LOW,"category model","no reps_guidance; Throwing assumed 20 reps @ 10s x0.9 pace, setup 3m base"
"High Five Drill — Elbow Up Arm Path Correction","Throwing","Beginner",,5,LOW,"category model","no reps_guidance; Throwing assumed 20 reps @ 10s x0.9 pace, setup 3m base"
"Point-and-Go Glove Drill — Align Your Body to the Target","Throwing","Beginner",,5,LOW,"category model","no reps_guidance; Throwing assumed 20 reps @ 10s x0.9 pace, setup 3m base"
"Kneel-Down Throw — Isolating Upper Body and Wrist Snap","Throwing","Beginner",,8,LOW,"category model","no reps_guidance; Throwing assumed 20 reps @ 10s x0.9 pace, setup 3m base +1m equipment"
"Long Toss Progression — Building Arm Strength Safely","Throwing","Intermediate",,10,LOW,"category model","no reps_guidance; Throwing assumed 20 reps @ 10s x1 pace, setup 3m base +2m Full Field +1m equipment"
"Quick Hands Quick Feet — Fast Transfer Drill","Throwing","Intermediate",,5,LOW,"category model","no reps_guidance; Throwing assumed 20 reps @ 10s x1 pace, setup 3m base"
"Funnel Drill — Correct Arm Path Out of the Glove","Throwing","Beginner",,8,LOW,"category model","no reps_guidance; Throwing assumed 20 reps @ 10s x0.9 pace, setup 3m base +1m Medium"
"Clean Up Crew — Fun Fielding-to-Throw Game","Throwing","Beginner",,8,LOW,"category model","no reps_guidance; Throwing assumed 20 reps @ 10s x0.9 pace, setup 3m base +1m Medium"
"Selfies Solo Rebounder — Build Reps Without a Partner","Throwing","Beginner",,8,LOW,"category model","no reps_guidance; Throwing assumed 20 reps @ 10s x0.9 pace, setup 3m base +1m equipment"
"Fun Fielding Drill for Young Players","Fielding (Infield)","Beginner",,10,LOW,"category model","no reps_guidance; Fielding (Infield) assumed 24 reps @ 15s x0.9 pace, setup 3m base +1m equipment"
"Throwing Accuracy Race — Competitive Catch Under Pressure","Throwing","Beginner",,8,LOW,"category model","no reps_guidance; Throwing assumed 20 reps @ 10s x0.9 pace, setup 3m base +1m Medium"
"Throwing Progression","Throwing","Beginner",,10,LOW,"category model","no reps_guidance; Throwing assumed 20 reps @ 10s x0.9 pace, setup 3m base +1m Medium"
"Catch Drill","Throwing","Beginner",,8,LOW,"category model","no reps_guidance; Throwing assumed 20 reps @ 10s x0.9 pace, setup 3m base"
"Wall Ball","Throwing","Beginner",,5,LOW,"category model","no reps_guidance; Throwing assumed 20 reps @ 10s x0.9 pace, setup 3m base"
"Crow Hop Drill","Throwing","Intermediate",,8,LOW,"category model","no reps_guidance; Throwing assumed 20 reps @ 10s x1 pace, setup 3m base +2m Full Field"
"Long Toss","Throwing","Intermediate",,10,LOW,"category model","no reps_guidance; Throwing assumed 20 reps @ 10s x1 pace, setup 3m base +2m Full Field"
"Quick Hands Drill","Throwing","Intermediate",,5,LOW,"category model","no reps_guidance; Throwing assumed 20 reps @ 10s x1 pace, setup 3m base"
"Funnel Drill","Throwing","Beginner",,8,LOW,"category model","no reps_guidance; Throwing assumed 20 reps @ 10s x0.9 pace, setup 3m base +1m Medium"
"Two Hand Catch","Throwing","Beginner",,5,LOW,"category model","no reps_guidance; Throwing assumed 20 reps @ 10s x0.9 pace, setup 3m base"
"Partner Catch","Throwing","Beginner",,8,LOW,"category model","no reps_guidance; Throwing assumed 20 reps @ 10s x0.9 pace, setup 3m base +1m Medium"
"Warm-Up Catch","Throwing","Beginner",,8,LOW,"category model","no reps_guidance; Throwing assumed 20 reps @ 10s x0.9 pace, setup 3m base +1m Medium"
"First Base Footwork & Throw Adjustments","Fielding (Infield)","Intermediate",3,10,MED,"reps","reps_guidance ""4 rounds of 6 throws (one round per quadrant)"" -> 24 reps @ 15s x1 pace, setup 3m base +1m Medium"
"4 High-Energy Infield Drills","Fielding (Infield)","Intermediate",,12,LOW,"category model","no reps_guidance; Fielding (Infield) assumed 24 reps @ 15s x1 pace, setup 3m base +2m Full Field +1m equipment"
"The Hands Routine — Infield Fielding Drill","Fielding (Infield)","Intermediate",,10,LOW,"category model","no reps_guidance; Fielding (Infield) assumed 24 reps @ 15s x1 pace, setup 3m base +1m equipment"
"3 Great Outfield Drills for Youth Players","Fielding (Fly Balls)","Beginner",,10,LOW,"category model","no reps_guidance; Fielding (Fly Balls) assumed 11 reps @ 25s x0.9 pace, setup 3m base +2m Full Field +1m equipment"
"Outfield Drop Step Drill","Fielding (Fly Balls)","Intermediate",,8,LOW,"category model","no reps_guidance; Fielding (Fly Balls) assumed 11 reps @ 25s x1 pace, setup 3m base +1m Medium"
"Essential Outfield Drills — Fly Balls and Ground Balls","Fielding (Fly Balls)","Intermediate",,10,LOW,"category model","no reps_guidance; Fielding (Fly Balls) assumed 11 reps @ 25s x1 pace, setup 3m base +2m Full Field +1m equipment"
"Stride Pause to Stride Swing Drill","Hitting","Beginner",1,5,HIGH,"stated","frequency_guidance: ""5 min"""
"Soft Toss From the Side","Hitting","Beginner",2,10,MED,"reps","reps_guidance ""3 rounds of 10"" -> 30 reps @ 12s x0.9 pace, setup 3m base +1m Medium +1m equipment"
"Front Toss Drill","Hitting","Beginner",3,10,MED,"reps","reps_guidance ""3 rounds of 8-10"" -> 27 reps @ 12s x0.9 pace, setup 3m base +1m Medium +1m equipment"
"One-Hand Tee Drill (Top Hand)","Hitting","Intermediate",2,8,MED,"reps","reps_guidance ""2 sets of 8 with a light bat"" -> 16 reps @ 12s x1 pace, setup 3m base +1m equipment"
"The Swing Rail / Stay Inside the Ball Drill","Hitting","Intermediate",3,8,MED,"reps","reps_guidance ""3 sets of 8"" -> 24 reps @ 12s x1 pace, setup 3m base +1m equipment"
"Inside-Out Swing Drill (Fence Drill)","Hitting","Intermediate",3,8,MED,"reps","reps_guidance ""3 sets of 8"" -> 24 reps @ 12s x1 pace, setup 3m base"
"Stance & Athletic Position Drill","Hitting","Beginner",1,5,HIGH,"stated","frequency_guidance: ""3 min"""
"Mini Wiffle Ball & Skinny Bat Drill","Hitting","Intermediate",3,8,MED,"reps","reps_guidance ""3 rounds of 10"" -> 30 reps @ 12s x1 pace, setup 3m base"
"Tee Work — Ball Out In Front","Hitting","Beginner",2,10,MED,"reps","reps_guidance ""3 sets of 10"" -> 30 reps @ 12s x0.9 pace, setup 3m base +1m equipment"
"Back Knee Down - Stay Centered","Hitting","Intermediate",3,8,MED,"reps","reps_guidance ""3 sets of 8"" -> 24 reps @ 12s x1 pace, setup 3m base"
"Tee Work","Hitting","Beginner",1,10,MED,"reps","reps_guidance ""3 sets of 10"" -> 30 reps @ 12s x0.9 pace, setup 3m base +1m equipment"
"Low Tee","Hitting","Intermediate",3,8,MED,"reps","reps_guidance ""3 sets of 8"" -> 24 reps @ 12s x1 pace, setup 3m base +1m equipment"
"Line Drive Pro / Visual Feedback Swing Drill","Hitting","Intermediate",3,8,MED,"reps","reps_guidance ""3 sets of 8"" -> 24 reps @ 12s x1 pace, setup 3m base +1m equipment"
"Throwing Progression for Youth Players","Throwing","Beginner",1,10,MED,"reps","reps_guidance ""2 sets of 10 throws through the progression"" -> 20 reps @ 10s x0.9 pace, setup 3m base +1m Medium"
"How to Throw a Baseball — Complete Beginner Mechanics","Throwing","Beginner",2,8,MED,"reps","reps_guidance ""2 sets of 10 throws"" -> 20 reps @ 10s x0.9 pace, setup 3m base +1m Medium"
"How to Throw the RIGHT WAY","Throwing","Intermediate",3,8,MED,"reps","reps_guidance ""2 sets of 12 throws"" -> 24 reps @ 10s x1 pace, setup 3m base +1m Medium"
"The Ankle Eye Drill — Footwork Foundation","Throwing","Beginner",2,5,MED,"reps","reps_guidance ""2 sets of 10 throws"" -> 20 reps @ 10s x0.9 pace, setup 3m base"
"3 Simple Fielding Drills for Youth Players","Fielding (Infield)","Beginner",1,8,MED,"reps","reps_guidance ""15 ground balls"" -> 15 reps @ 15s x0.9 pace, setup 3m base +1m equipment"
"Four Cones Ground Ball Drill","Fielding (Infield)","Beginner",2,8,MED,"reps","reps_guidance ""2 sets of 10 ground balls"" -> 20 reps @ 15s x0.9 pace, setup 3m base +1m equipment"
"How to Get a T-Baller to Catch a Ball","Catching","Beginner",1,5,HIGH,"stated","frequency_guidance: ""5 min"""
"EASY Baseball Catch Drill — First Catch Fundamentals","Throwing","Beginner",2,8,MED,"reps","reps_guidance ""2 sets of 10 catches"" -> 20 reps @ 10s x0.9 pace, setup 3m base +1m equipment"
"Balance Point Drill — Leg Lift & Pause","Pitching","Beginner",1,10,MED,"reps","reps_guidance ""5-8 reps, hold 2-3 sec each"" -> 20 reps @ 20s x0.9 pace, setup 4m base +1m equipment"
"4-Part Windup Drill — Breaking Down the Delivery","Pitching","Beginner",2,8,MED,"reps","reps_guidance ""8-10 reps, stop at each checkpoint"" -> 9 reps @ 20s x0.9 pace, setup 4m base +1m equipment"
"The Swing Shuffle Drill — Momentum & Rhythm","Pitching","Intermediate",3,8,MED,"reps","reps_guidance ""8-10 reps"" -> 9 reps @ 20s x1 pace, setup 4m base +1m Medium +1m equipment"
"Advanced First Base — Off-Line Throws, Picks & Short Hops","Fielding (Infield)","Advanced",4,15,MED,"reps","reps_guidance ""3 sets of 8 picks (announced, random, with runner)"" -> 24 reps @ 15s x1.25 pace, setup 3m base +1m Medium +1m equipment +2m game speed"
"Daily Backhand Series","Fielding (Infield)","Advanced",4,10,HIGH,"stated","ai_coaching_notes: ""10-minute"""
"Opposite-Field Teaching Progression","Hitting","Beginner",2,10,MED,"reps","reps_guidance ""3 rounds of 10 swings, all must go opposite field"" -> 30 reps @ 12s x0.9 pace, setup 3m base +1m Medium +1m equipment"
"Three-Ball Slow Roller Drill","Fielding (Infield)","Advanced",4,8,MED,"reps","reps_guidance ""3 circuits of 3 balls per session"" -> 9 reps @ 15s x1.25 pace, setup 3m base +1m Medium +2m game speed"
"Double-Play Feeds & Turns","Fielding (Infield)","Advanced",4,15,MED,"reps","reps_guidance ""4 rounds of 6 turns per pairing"" -> 24 reps @ 15s x1.25 pace, setup 3m base +1m Medium +1m equipment +2m game speed"
"Call It Early — Outfield Communication Basics","Fielding (Fly Balls)","Beginner",1,8,MED,"reps","reps_guidance ""10-12 fly balls per pair"" -> 11 reps @ 25s x0.9 pace, setup 3m base +1m Medium"
"Infield/Outfield Priority Drill","Fielding (Fly Balls)","Intermediate",3,8,MED,"reps","reps_guidance ""8-10 tweeners per group"" -> 9 reps @ 25s x1 pace, setup 3m base +2m Full field"
"Competitive Team Bunting Game","Bunting","Advanced",4,10,MED,"reps","reps_guidance ""Each player: 4-6 competitive bunt attempts"" -> 5 reps @ 10s x1.25 pace, setup 3m base +2m Full field +1m equipment +2m game speed"
"Do-or-Die Charge & Throw","Fielding (Fly Balls)","Advanced",4,12,MED,"reps","reps_guidance ""6-8 charged balls per session"" -> 7 reps @ 25s x1.25 pace, setup 3m base +2m Full field +1m equipment +2m game speed"
"Oppo Tee & Toss — Stay Inside the Ball","Hitting","Intermediate",3,10,MED,"reps","reps_guidance ""4 sets of 8 swings on the outer-third tee"" -> 32 reps @ 12s x1 pace, setup 3m base +1m equipment"
"Traditional Changeup — Grip & First Throws","Pitching","Beginner",2,10,MED,"reps","reps_guidance ""15-20 changeup throws within a normal catch session"" -> 17.5 reps @ 20s x0.9 pace, setup 4m base"
"Teaching the Changeup — Fastball Arm, Slower Ball","Pitching","Intermediate",3,10,MED,"reps","reps_guidance ""10-12 changeups per bullpen, mixed with fastballs"" -> 11 reps @ 20s x1 pace, setup 4m base +1m Medium +1m equipment"
"Changeup Grip Menu — Match the Grip to the Hand","Pitching","Intermediate",3,8,MED,"reps","reps_guidance ""10 throws per grip during catch play"" -> 10 reps @ 20s x1 pace, setup 4m base"
"The Catch Drill — Track & Read Pitches","Hitting","Intermediate",3,8,MED,"reps","reps_guidance ""2 rounds of 10 pitches, calls scored"" -> 20 reps @ 12s x1 pace, setup 3m base +1m Medium +1m equipment"
"Stay Back — Beat the Changeup","Hitting","Intermediate",3,12,MED,"reps","reps_guidance ""3 rounds of 12 mixed-speed swings"" -> 36 reps @ 12s x1 pace, setup 3m base +1m Medium +1m equipment"
"The Move-'Em At-Bat — Advancing Runners","Hitting","Advanced",4,10,MED,"reps","reps_guidance ""2 situational rounds of 6 at-bat scenarios per session"" -> 12 reps @ 12s x1.25 pace, setup 3m base +2m Full field +1m equipment +2m game speed"
"Overload/Underload Bat Speed Progression","Hitting","Advanced",4,20,MED,"reps","reps_guidance ""3 rounds: 5 heavy + 5 light + 5 game-bat swings"" -> 45 reps @ 12s x1.25 pace, setup 3m base +2m equipment +2m game speed"
"Deaden & Direct — Bunt Placement Drill","Bunting","Intermediate",3,8,MED,"reps","reps_guidance ""3 rounds of 10 bunts, alternating target lanes"" -> 30 reps @ 10s x1 pace, setup 3m base +1m equipment"
"Post-Throwing Recovery Routine","Arm Care","Intermediate",3,15,HIGH,"stated","ai_coaching_notes: ""15 minute"""
"Youth Receiving Foundations — Quiet Glove & Soft Hands","Catching","Beginner",2,10,MED,"reps","reps_guidance ""3 rounds of 10 catches (glove-side, middle, arm-side)"" -> 30 reps @ 12s x0.9 pace, setup 4m base +1m equipment"
"MLB-Style Receiving & Framing Circuit","Catching","Intermediate",3,15,MED,"reps","reps_guidance ""5 drills x 8-10 receives each"" -> 45 reps @ 12s x1 pace, setup 4m base +1m equipment"
"3 Simple Framing Drills for Catchers","Catching","Intermediate",,10,MED,"reps","reps_guidance ""3 sets of 10 receptions"" -> 30 reps @ 12s x1 pace, setup 4m base +1m equipment"
"Flyball Communication Drill","Fielding (Fly Balls)","Intermediate",3,12,MED,"reps","reps_guidance ""2 sets of 8 fly balls between two outfielders"" -> 16 reps @ 25s x1 pace, setup 3m base +2m Outfield/large"
"One-Knee Receiving — Advanced Framing Setup","Catching","Advanced",4,15,MED,"reps","reps_guidance ""4 sets of 10 receives per setup (RH low, LH low, edges)"" -> 40 reps @ 12s x1.25 pace, setup 4m base +1m equipment +2m game speed"
"Youth J-Band Routine — Pre-Throwing Activation","Arm Care","Beginner",1,10,MED,"reps","reps_guidance ""1 round of 8-10 reps per exercise, before every throwing session"" -> 9 reps @ 20s x0.9 pace, setup 2m base"
"9-Exercise J-Band Strength Routine","Arm Care","Intermediate",3,10,MED,"reps","reps_guidance ""2 sets of 10 reps per exercise"" -> 20 reps @ 20s x1 pace, setup 2m base"
