media_resource_id,drill_id,canonical_drill_name,skill_category,drills_on_this_video,is_compilation,drill_schedulable,source_video_id,source_url,title,channel_or_source,duration_seconds,chapter_data_available,transcript_available,description_timestamps_available,current_start_seconds,proposed_start_seconds,proposed_end_seconds,evidence_type,evidence_note,confidence,verification_status,needs_manual_review
4d4a7dd8-64de-4197-a937-0a6ddfb113d8,ce798b52-883f-4cf3-a6b8-311ef084a1be,Funnel Drill — Correct Arm Path Out of the Glove,Throwing,19,yes,yes,4NOo7JSK6eA,https://www.youtube.com/watch?v=4NOo7JSK6eA,,Dan Blewett,,no,no,no,,,,none,youtube.com unreachable — connect_rejected: gateway answered 403 to CONNECT (policy denial or upstream failure),none,unverified,yes
00de5abe-d37c-4288-ba6d-9b8d2ea5faad,b1c3653c-82a0-446e-a9cb-0dd5ebf09864,Glove-Side Pull Drill — Front Side Control,Pitching,19,yes,yes,4NOo7JSK6eA,https://www.youtube.com/watch?v=4NOo7JSK6eA,,Dan Blewett,,no,no,no,,,,none,youtube.com unreachable — connect_rejected: gateway answered 403 to CONNECT (policy denial or upstream failure),none,unverified,yes
56a8b710-cd78-4a6b-a10d-af651cc5e08a,e4309ffb-fa02-4c6d-ac87-a6580e8c5bff,High Five Drill — Elbow Up Arm Path Correction,Throwing,19,yes,yes,4NOo7JSK6eA,https://www.youtube.com/watch?v=4NOo7JSK6eA,,Dan Blewett,,no,no,no,,,,none,youtube.com unreachable — connect_rejected: gateway answered 403 to CONNECT (policy denial or upstream failure),none,unverified,yes
1f6a9ffe-b88b-4934-ace6-55d55f940cfb,e5d28c39-30b0-48fd-9534-8a43cd8154db,Hip Lead Drill,Pitching,19,yes,yes,4NOo7JSK6eA,https://www.youtube.com/watch?v=4NOo7JSK6eA,,Dan Blewett,,no,no,no,,,,none,youtube.com unreachable — connect_rejected: gateway answered 403 to CONNECT (policy denial or upstream failure),none,unverified,yes
200bfdc2-9361-45a8-b101-77f0dc86b59e,3f2af696-fe22-4fb6-936f-fefe7d86681a,Long Toss,Throwing,19,yes,yes,4NOo7JSK6eA,https://www.youtube.com/watch?v=4NOo7JSK6eA,,Dan Blewett,,no,no,no,,,,none,youtube.com unreachable — connect_rejected: gateway answered 403 to CONNECT (policy denial or upstream failure),none,unverified,yes
a8a1ead4-c7e1-49fb-901f-1edfc439660c,2b5adf22-f8b1-4cfe-87e9-fe7ec1a1957e,Long Toss Progression — Building Arm Strength Safely,Throwing,19,yes,yes,4NOo7JSK6eA,https://www.youtube.com/watch?v=4NOo7JSK6eA,,Dan Blewett,,no,no,no,,,,none,youtube.com unreachable — connect_rejected: gateway answered 403 to CONNECT (policy denial or upstream failure),none,unverified,yes
a91fb931-5722-464e-bef3-15cb45a5a36c,e40632d7-5ffb-42e9-9652-bd9a49e68ff5,Quick Hands Drill,Throwing,19,yes,yes,4NOo7JSK6eA,https://www.youtube.com/watch?v=4NOo7JSK6eA,,Dan Blewett,,no,no,no,,,,none,youtube.com unreachable — connect_rejected: gateway answered 403 to CONNECT (policy denial or upstream failure),none,unverified,yes
6d44dc48-abe6-4989-8d75-44ee63c97816,84930859-7689-4f1f-a9ba-5e71b4991af9,Quick Hands Quick Feet — Fast Transfer Drill,Throwing,19,yes,yes,4NOo7JSK6eA,https://www.youtube.com/watch?v=4NOo7JSK6eA,,Dan Blewett,,no,no,no,,,,none,youtube.com unreachable — connect_rejected: gateway answered 403 to CONNECT (policy denial or upstream failure),none,unverified,yes
49ad7532-5cf3-44a0-b139-873fd2aca6b4,ffc26e2a-7801-42b7-b610-9a996527e638,Square Hips / Hip Lock Drill — Hip-Shoulder Separation,Pitching,19,yes,yes,4NOo7JSK6eA,https://www.youtube.com/watch?v=4NOo7JSK6eA,,Dan Blewett,,no,no,no,,,,none,youtube.com unreachable — connect_rejected: gateway answered 403 to CONNECT (policy denial or upstream failure),none,unverified,yes
ed657c2c-16d0-4a60-87a5-ce42fff7a243,b22aa9c8-7cd1-4dc0-bba3-c66b03396e21,The Heel-Toe Drill — Front Foot Landing,Pitching,19,yes,yes,4NOo7JSK6eA,https://www.youtube.com/watch?v=4NOo7JSK6eA,,Dan Blewett,,no,no,no,,,,none,youtube.com unreachable — connect_rejected: gateway answered 403 to CONNECT (policy denial or upstream failure),none,unverified,yes
fc260da7-a269-464e-bfaf-d66ac58c5eaf,03eab7d0-7e67-4143-91e5-b8e4e783014a,The Rocker Drill — Hip Lead & Weight Shift,Pitching,19,yes,yes,4NOo7JSK6eA,https://www.youtube.com/watch?v=4NOo7JSK6eA,,Dan Blewett,,no,no,no,,,,none,youtube.com unreachable — connect_rejected: gateway answered 403 to CONNECT (policy denial or upstream failure),none,unverified,yes
4f5803c6-2dfc-4aa3-8bfa-ccd351e6567e,cf56cda8-d397-4ed7-873b-560b78d6473e,The Swing Shuffle Drill — Momentum & Rhythm,Pitching,19,yes,yes,4NOo7JSK6eA,https://www.youtube.com/watch?v=4NOo7JSK6eA,,Dan Blewett,,no,no,no,,,,none,youtube.com unreachable — connect_rejected: gateway answered 403 to CONNECT (policy denial or upstream failure),none,unverified,yes
0c8281e8-7e8d-4879-a967-768494199572,3cc99259-c968-4977-bd66-c168250a27b8,Wall Ball,Throwing,19,yes,yes,4NOo7JSK6eA,https://www.youtube.com/watch?v=4NOo7JSK6eA,,Dan Blewett,,no,no,no,,,,none,youtube.com unreachable — connect_rejected: gateway answered 403 to CONNECT (policy denial or upstream failure),none,unverified,yes
45896a1b-0166-41f2-b490-09460d8205a2,d873c9db-09cd-406c-b53b-fbd6d5033185,Wall Ball Solo Drill — Partner-Free Mechanics Builder,Throwing,19,yes,yes,4NOo7JSK6eA,https://www.youtube.com/watch?v=4NOo7JSK6eA,,Dan Blewett,,no,no,no,,,,none,youtube.com unreachable — connect_rejected: gateway answered 403 to CONNECT (policy denial or upstream failure),none,unverified,yes
5cd4d7d3-8792-4ef7-9743-47a00cc95cf3,3269f5db-7541-42a7-b085-0b209f0dd8a6,Bullseye Challenge — Throwing Accuracy Competition,Throwing,10,yes,yes,YRAjMC5F4sg,https://www.youtube.com/watch?v=YRAjMC5F4sg,,YouGotMOJO,,no,no,no,,,,none,youtube.com unreachable — connect_rejected: gateway answered 403 to CONNECT (policy denial or upstream failure),none,unverified,yes
88b1319b-e839-4b6d-9530-60cb8b52c947,d4efaaad-808d-4e4f-8539-9c56c5c1835a,Clean Up Crew — Fun Fielding-to-Throw Game,Throwing,10,yes,yes,YRAjMC5F4sg,https://www.youtube.com/watch?v=YRAjMC5F4sg,,YouGotMOJO,,no,no,no,,,,none,youtube.com unreachable — connect_rejected: gateway answered 403 to CONNECT (policy denial or upstream failure),none,unverified,yes
8c647403-63f9-4d57-881c-f102c9d4ed94,012241e0-c2ce-4a32-b037-39f90bd35437,Extreme Catch — Progressive Distance Arm Builder,Throwing,10,yes,yes,YRAjMC5F4sg,https://www.youtube.com/watch?v=YRAjMC5F4sg,,YouGotMOJO,,no,no,no,,,,none,youtube.com unreachable — connect_rejected: gateway answered 403 to CONNECT (policy denial or upstream failure),none,unverified,yes
a0675560-75a4-4ab2-8bd2-4203cdda301a,a663b235-d115-4a52-a9d4-b33ba37e0e2a,Foul Line Throw — First Throw Introduction for Beginners,Throwing,10,yes,yes,YRAjMC5F4sg,https://www.youtube.com/watch?v=YRAjMC5F4sg,,YouGotMOJO,,no,no,no,,,,none,youtube.com unreachable — connect_rejected: gateway answered 403 to CONNECT (policy denial or upstream failure),none,unverified,yes
2e360052-653a-44df-96b0-e0abcc0b6da4,037c8a5a-327f-42cf-a2a1-bd550fed9e68,High Tee,Hitting,10,yes,yes,77r6mWAUecA,https://www.youtube.com/watch?v=77r6mWAUecA,,Dominate the Diamond,,no,no,no,,,,none,youtube.com unreachable — connect_rejected: gateway answered 403 to CONNECT (policy denial or upstream failure),none,unverified,yes
60f6dd79-dbe6-4250-afad-91505260c3f5,ba88a3cd-b2ae-430b-bd5e-d06c53f58838,High Tee Drill — Hitting Up in the Zone,Hitting,10,yes,yes,77r6mWAUecA,https://www.youtube.com/watch?v=77r6mWAUecA,,Dominate the Diamond,,no,no,no,,,,none,youtube.com unreachable — connect_rejected: gateway answered 403 to CONNECT (policy denial or upstream failure),none,unverified,yes
d75dc5da-81d8-4d37-bac5-0c15da3fed2c,8f19ecd6-4892-46be-9f0c-b1aef17a86d6,Knee Drill (Rotational Load),Hitting,10,yes,yes,77r6mWAUecA,https://www.youtube.com/watch?v=77r6mWAUecA,,Dominate the Diamond,,no,no,no,,,,none,youtube.com unreachable — connect_rejected: gateway answered 403 to CONNECT (policy denial or upstream failure),none,unverified,yes
2107204c-b748-4da2-872f-0899245bc694,6759598d-9bfc-47b2-91f1-31c77fc97cb5,Kneel-Down Throw — Isolating Upper Body and Wrist Snap,Throwing,10,yes,yes,77r6mWAUecA,https://www.youtube.com/watch?v=77r6mWAUecA,,Dominate the Diamond,,no,no,no,,,,none,youtube.com unreachable — connect_rejected: gateway answered 403 to CONNECT (policy denial or upstream failure),none,unverified,yes
e5eb5ae0-6087-4b86-8280-c41603df2581,726384a7-dacf-440b-8b42-381843a01722,Over-Under — Two Ways to Throw and Catch,Throwing,10,yes,yes,YRAjMC5F4sg,https://www.youtube.com/watch?v=YRAjMC5F4sg,,YouGotMOJO,,no,no,no,,,,none,youtube.com unreachable — connect_rejected: gateway answered 403 to CONNECT (policy denial or upstream failure),none,unverified,yes
1c1024fe-eb1f-44e0-ba27-d3a71a2d7ee2,5b5b59e9-4906-4ba5-ad8b-1e9608041ef5,Partner Catch,Throwing,10,yes,yes,77r6mWAUecA,https://www.youtube.com/watch?v=77r6mWAUecA,,Dominate the Diamond,,no,no,no,,,,none,youtube.com unreachable — connect_rejected: gateway answered 403 to CONNECT (policy denial or upstream failure),none,unverified,yes
1ed618ff-04a5-4800-bdf5-5ddfe9a78187,50087451-2665-4c78-b968-ca56e9ceec3b,Point-and-Go Glove Drill — Align Your Body to the Target,Throwing,10,yes,yes,YRAjMC5F4sg,https://www.youtube.com/watch?v=YRAjMC5F4sg,,YouGotMOJO,,no,no,no,,,,none,youtube.com unreachable — connect_rejected: gateway answered 403 to CONNECT (policy denial or upstream failure),none,unverified,yes
40e2f24d-d3c2-4989-9985-8ec02cf861d9,f1e620a8-1016-4097-b104-502ddcab967a,Selfies Solo Rebounder — Build Reps Without a Partner,Throwing,10,yes,yes,YRAjMC5F4sg,https://www.youtube.com/watch?v=YRAjMC5F4sg,,YouGotMOJO,,no,no,no,,,,none,youtube.com unreachable — connect_rejected: gateway answered 403 to CONNECT (policy denial or upstream failure),none,unverified,yes
f8eef03b-8fd6-4d0c-a558-37406c78961d,0200c065-9f6f-4a76-bd9a-22e46141a6ce,The Ankle Eye Drill — Footwork Foundation,Throwing,10,yes,yes,YRAjMC5F4sg,https://www.youtube.com/watch?v=YRAjMC5F4sg,,YouGotMOJO,,no,no,no,,,,none,youtube.com unreachable — connect_rejected: gateway answered 403 to CONNECT (policy denial or upstream failure),none,unverified,yes
ef6980b2-4208-4afc-84e6-8345c56dc750,3a2f690d-095d-46ea-98e8-088a7a7ea7db,Throwing Accuracy Race — Competitive Catch Under Pressure,Throwing,10,yes,yes,77r6mWAUecA,https://www.youtube.com/watch?v=77r6mWAUecA,,Dominate the Diamond,,no,no,no,,,,none,youtube.com unreachable — connect_rejected: gateway answered 403 to CONNECT (policy denial or upstream failure),none,unverified,yes
c77e4012-f6a8-4e68-be21-e9f2078e08ce,69d859e5-5214-4b2d-b42f-07fcc56ff519,"Throwing Progression for Youth Players — Knee, Hip, Full",Throwing,10,yes,yes,77r6mWAUecA,https://www.youtube.com/watch?v=77r6mWAUecA,,Dominate the Diamond,,no,no,no,,,,none,youtube.com unreachable — connect_rejected: gateway answered 403 to CONNECT (policy denial or upstream failure),none,unverified,yes
bf688282-99a6-4a6e-9d7d-2fe6516c3165,d6a3170b-ec74-4e4f-96df-64fba2aed225,Warm-Up Catch,Throwing,10,yes,yes,77r6mWAUecA,https://www.youtube.com/watch?v=77r6mWAUecA,,Dominate the Diamond,,no,no,no,,,,none,youtube.com unreachable — connect_rejected: gateway answered 403 to CONNECT (policy denial or upstream failure),none,unverified,yes
8174212a-06c2-41b9-a994-91b69fb44876,253fee8d-d86f-497b-83db-44e622fb0a2d,4-Part Windup Drill — Breaking Down the Delivery,Pitching,9,yes,yes,McHb2hXrTrE,https://www.youtube.com/watch?v=McHb2hXrTrE,,ARM Pitching Development,,no,no,no,,,,none,youtube.com unreachable — connect_rejected: gateway answered 403 to CONNECT (policy denial or upstream failure),none,unverified,yes
e2440165-a31e-4833-93d6-bd947b09ed1d,41ff62cc-fb54-4266-8d0c-083a1c341161,Follow-Through Hold Drill — Finishing Strong,Pitching,9,yes,yes,McHb2hXrTrE,https://www.youtube.com/watch?v=McHb2hXrTrE,,ARM Pitching Development,,no,no,no,,,,none,youtube.com unreachable — connect_rejected: gateway answered 403 to CONNECT (policy denial or upstream failure),none,unverified,yes
29abd95b-81af-456d-9e44-8793c519a66c,94124e82-c8f2-411b-9daa-f0a1a176663e,Kneel-Down (Wrist Snap) Drill — Release Point & Backspin,Pitching,9,yes,yes,McHb2hXrTrE,https://www.youtube.com/watch?v=McHb2hXrTrE,,ARM Pitching Development,,no,no,no,,,,none,youtube.com unreachable — connect_rejected: gateway answered 403 to CONNECT (policy denial or upstream failure),none,unverified,yes
9590bfeb-b70e-40fa-8591-9cbb0002e3e6,f47eba7c-bf41-4e1a-8a65-882f6fdcb0b1,Stride Direction Drill — Using a Chalk Line or Tape,Pitching,9,yes,yes,McHb2hXrTrE,https://www.youtube.com/watch?v=McHb2hXrTrE,,ARM Pitching Development,,no,no,no,,,,none,youtube.com unreachable — connect_rejected: gateway answered 403 to CONNECT (policy denial or upstream failure),none,unverified,yes
8c51fc42-93f4-405f-9901-498696f84f9c,77722605-74bc-44b8-9581-fdd1c7d9a4d3,Wrist Snap Drill,Pitching,9,yes,yes,McHb2hXrTrE,https://www.youtube.com/watch?v=McHb2hXrTrE,,ARM Pitching Development,,no,no,no,,,,none,youtube.com unreachable — connect_rejected: gateway answered 403 to CONNECT (policy denial or upstream failure),none,unverified,yes
ae2ef6de-7b48-469c-b850-4b596514b386,a54d536f-e4f0-4dd5-91d2-d007bd274250,Balance Point Drill — Leg Lift & Pause,Pitching,8,yes,yes,ImeXGqKYP7Y,https://www.youtube.com/watch?v=ImeXGqKYP7Y,,YouGotMOJO,,no,no,no,,,,none,youtube.com unreachable — connect_rejected: gateway answered 403 to CONNECT (policy denial or upstream failure),none,unverified,yes
3c2341c5-92dc-4af1-9b39-462966c55ff5,a559ea0e-7d73-4920-905f-ccb86e117f4e,Flamingo Balance Drill — Single-Leg Stability,Pitching,8,yes,yes,ImeXGqKYP7Y,https://www.youtube.com/watch?v=ImeXGqKYP7Y,,YouGotMOJO,,no,no,no,,,,none,youtube.com unreachable — connect_rejected: gateway answered 403 to CONNECT (policy denial or upstream failure),none,unverified,yes
18cfd146-aa64-4a02-b715-157b7b3dd44b,eec48dc4-af21-406e-95a2-9db5e22b7596,Front Toss,Hitting,8,yes,yes,q7CPS0RYDPM,https://www.youtube.com/watch?v=q7CPS0RYDPM,,Ultimate Baseball Training,,no,no,no,,,,none,youtube.com unreachable — connect_rejected: gateway answered 403 to CONNECT (policy denial or upstream failure),none,unverified,yes
e8b2ac74-90d8-4392-a0f1-095c9459bfc6,7a2a344c-b2d7-4bf6-b0a2-e1dec8d835ab,Line Drive Pro / Visual Feedback Swing Drill,Hitting,8,yes,yes,UeJpXF55kvs,https://www.youtube.com/watch?v=UeJpXF55kvs,,YouGoProBaseball,,no,no,no,,,,none,youtube.com unreachable — connect_rejected: gateway answered 403 to CONNECT (policy denial or upstream failure),none,unverified,yes
25842b8e-3571-4ff1-84cd-94fd0ae31daf,e597ce36-5625-42f2-a378-30052499bb18,Low Tee,Hitting,8,yes,yes,q7CPS0RYDPM,https://www.youtube.com/watch?v=q7CPS0RYDPM,,Ultimate Baseball Training,,no,no,no,,,,none,youtube.com unreachable — connect_rejected: gateway answered 403 to CONNECT (policy denial or upstream failure),none,unverified,yes
5dfafe5a-84ff-42dd-badd-7255379f6194,ee6aa905-1e2c-4f96-8eff-4dc22fc01d4f,Mini Wiffle Ball & Skinny Bat Drill,Hitting,8,yes,yes,UeJpXF55kvs,https://www.youtube.com/watch?v=UeJpXF55kvs,,YouGoProBaseball,,no,no,no,,,,none,youtube.com unreachable — connect_rejected: gateway answered 403 to CONNECT (policy denial or upstream failure),none,unverified,yes
1169ba4b-c38b-4adf-8557-c8ac2665c6d8,9e9405f3-80fb-4ad6-928c-e7749be5e0f6,PVC Pipe Hip Rotation Drill,Hitting,8,yes,yes,UeJpXF55kvs,https://www.youtube.com/watch?v=UeJpXF55kvs,,YouGoProBaseball,,no,no,no,,,,none,youtube.com unreachable — connect_rejected: gateway answered 403 to CONNECT (policy denial or upstream failure),none,unverified,yes
67075ae3-b527-407a-aacb-33f920aae351,252404f0-38c3-481f-a18b-f7ce0262903f,Stance & Athletic Position Drill,Hitting,8,yes,yes,UeJpXF55kvs,https://www.youtube.com/watch?v=UeJpXF55kvs,,YouGoProBaseball,,no,no,no,,,,none,youtube.com unreachable — connect_rejected: gateway answered 403 to CONNECT (policy denial or upstream failure),none,unverified,yes
dff993da-2c98-4434-b559-89dee9b5a6cb,f35c8a06-d0e9-4a8b-ac8a-efffb204f026,Stride Pause to Stride Swing Drill,Hitting,8,yes,yes,UeJpXF55kvs,https://www.youtube.com/watch?v=UeJpXF55kvs,,YouGoProBaseball,,no,no,no,,,,none,youtube.com unreachable — connect_rejected: gateway answered 403 to CONNECT (policy denial or upstream failure),none,unverified,yes
ff25291a-f345-4dbe-aa81-9e5e23fdb422,6a2c9dc7-f08c-47fd-9a08-f9e117f466cb,Tee Work,Hitting,8,yes,yes,q7CPS0RYDPM,https://www.youtube.com/watch?v=q7CPS0RYDPM,,Ultimate Baseball Training,,no,no,no,,,,none,youtube.com unreachable — connect_rejected: gateway answered 403 to CONNECT (policy denial or upstream failure),none,unverified,yes
1546d964-2e39-4093-be14-1fb80661a114,9300e679-69a7-4757-b74d-172103654860,Tee Work — Ball Out In Front,Hitting,8,yes,yes,q7CPS0RYDPM,https://www.youtube.com/watch?v=q7CPS0RYDPM,,Ultimate Baseball Training,,no,no,no,,,,none,youtube.com unreachable — connect_rejected: gateway answered 403 to CONNECT (policy denial or upstream failure),none,unverified,yes
dfcb346b-48bc-43fd-aa74-f25e9b65b559,ac27e607-b52e-4865-8240-5a9b7795a410,The Swing Rail / Stay Inside the Ball Drill,Hitting,8,yes,yes,UeJpXF55kvs,https://www.youtube.com/watch?v=UeJpXF55kvs,,YouGoProBaseball,,no,no,no,,,,none,youtube.com unreachable — connect_rejected: gateway answered 403 to CONNECT (policy denial or upstream failure),none,unverified,yes
1a10a1af-8b9b-4160-a4fc-785aa5970785,93cf7e08-9bd0-48c3-a344-26e092c651e7,Towel Drill — Arm Speed & Release Point,Pitching,8,yes,yes,ImeXGqKYP7Y,https://www.youtube.com/watch?v=ImeXGqKYP7Y,,YouGotMOJO,,no,no,no,,,,none,youtube.com unreachable — connect_rejected: gateway answered 403 to CONNECT (policy denial or upstream failure),none,unverified,yes
27c2515c-d631-4c46-884e-a3bfde7271f5,f5a6bed9-86d9-4578-85f9-8449c0fc1e33,Two-Tee Drill — Contact at Different Heights,Hitting,8,yes,yes,q7CPS0RYDPM,https://www.youtube.com/watch?v=q7CPS0RYDPM,,Ultimate Baseball Training,,no,no,no,,,,none,youtube.com unreachable — connect_rejected: gateway answered 403 to CONNECT (policy denial or upstream failure),none,unverified,yes
b059ce86-e5cd-4d6b-a8b5-167ed33a8c81,7bff401e-095e-447b-83e8-bc6cc750c85d,Barry Larkin / Walk-Through Power Drill,Hitting,6,yes,yes,3Xqb7j2BYTU,https://www.youtube.com/watch?v=3Xqb7j2BYTU,,YouGoProBaseball,,no,no,no,,,,none,youtube.com unreachable — connect_rejected: gateway answered 403 to CONNECT (policy denial or upstream failure),none,unverified,yes
da7241c3-e2b2-483d-8b46-2d84ef717e10,4fa59dec-86b0-46f7-bb31-f59382b1e9f4,Bounce Toss / Angled Toss Drill,Hitting,6,yes,yes,3Xqb7j2BYTU,https://www.youtube.com/watch?v=3Xqb7j2BYTU,,YouGoProBaseball,,no,no,no,,,,none,youtube.com unreachable — connect_rejected: gateway answered 403 to CONNECT (policy denial or upstream failure),none,unverified,yes
3b04679f-8362-4237-ace0-317b3cf2efa4,26332028-2d32-4f42-817e-c8628f2bdbcd,Catch and Crush Drill — Stay Closed,Hitting,6,yes,yes,3Xqb7j2BYTU,https://www.youtube.com/watch?v=3Xqb7j2BYTU,,YouGoProBaseball,,no,no,no,,,,none,youtube.com unreachable — connect_rejected: gateway answered 403 to CONNECT (policy denial or upstream failure),none,unverified,yes
fdb8dca0-6b4f-4d49-9702-6d70614abe78,a50f834a-2912-4b0d-9da2-e6856760b644,Frisbee Drill — Hip Rotation & Finish,Hitting,6,yes,yes,3Xqb7j2BYTU,https://www.youtube.com/watch?v=3Xqb7j2BYTU,,YouGoProBaseball,,no,no,no,,,,none,youtube.com unreachable — connect_rejected: gateway answered 403 to CONNECT (policy denial or upstream failure),none,unverified,yes
eaae2706-47d4-44bf-b247-d92941c10997,5381544c-f5e5-4e30-a9e8-fe049a090a07,Happy Gilmore / Walking Load Drill,Hitting,6,yes,yes,3Xqb7j2BYTU,https://www.youtube.com/watch?v=3Xqb7j2BYTU,,YouGoProBaseball,,no,no,no,,,,none,youtube.com unreachable — connect_rejected: gateway answered 403 to CONNECT (policy denial or upstream failure),none,unverified,yes
b09e2e4f-3315-4890-a9ef-8a8760dbf8cf,4148cfe0-4a27-4abc-a754-dcd5f2544f0e,Shoulder Swings — Stay Short to the Ball,Hitting,6,yes,yes,3Xqb7j2BYTU,https://www.youtube.com/watch?v=3Xqb7j2BYTU,,YouGoProBaseball,,no,no,no,,,,none,youtube.com unreachable — connect_rejected: gateway answered 403 to CONNECT (policy denial or upstream failure),none,unverified,yes
d8478541-db19-47c8-9e64-ff02bfabd41f,55afb864-a8b0-496c-9b08-3e6805c7902d,Inside-Out Swing Drill (Fence Drill),Hitting,5,yes,yes,9XkdpzNrswo,https://www.youtube.com/watch?v=9XkdpzNrswo,,Ripken Baseball,,no,no,no,,,,none,youtube.com unreachable — connect_rejected: gateway answered 403 to CONNECT (policy denial or upstream failure),none,unverified,yes
1f118739-b633-4b86-a3af-fce67da480b2,0e5e88b4-7b3c-4325-b658-179e638a8c24,One Hand Drill,Hitting,5,yes,yes,9XkdpzNrswo,https://www.youtube.com/watch?v=9XkdpzNrswo,,Ripken Baseball,,no,no,no,,,,none,youtube.com unreachable — connect_rejected: gateway answered 403 to CONNECT (policy denial or upstream failure),none,unverified,yes
04d12744-5582-45f8-9e1c-81510aefacfc,09efef50-4077-4e64-80cc-e7d31a8aaa23,One-Hand Tee Drill (Bottom Hand),Hitting,5,yes,yes,9XkdpzNrswo,https://www.youtube.com/watch?v=9XkdpzNrswo,,Ripken Baseball,,no,no,no,,,,none,youtube.com unreachable — connect_rejected: gateway answered 403 to CONNECT (policy denial or upstream failure),none,unverified,yes
f0b4dfd6-e40b-423c-a893-8324b43867d3,0ddcfd4a-2520-4d3a-ae98-b647bf07c49b,One-Hand Tee Drill (Top Hand),Hitting,5,yes,yes,9XkdpzNrswo,https://www.youtube.com/watch?v=9XkdpzNrswo,,Ripken Baseball,,no,no,no,,,,none,youtube.com unreachable — connect_rejected: gateway answered 403 to CONNECT (policy denial or upstream failure),none,unverified,yes
dd9438fb-282c-403e-8181-b713c2d9e87e,6d491e2a-be0d-4c9a-94c4-6d66f6d6bfb8,The Track and Catch Drill — Head on the Ball,Hitting,4,yes,yes,gOE484Meo_o,https://www.youtube.com/watch?v=gOE484Meo_o,,YouGotMOJO,,no,no,no,,,,none,youtube.com unreachable — connect_rejected: gateway answered 403 to CONNECT (policy denial or upstream failure),none,unverified,yes
4492ce97-68fa-4676-8ba7-4e49275a2dc0,ca7017e4-6fa1-4440-8d93-e08dd55eeaa8,Two-Strike Hitting Adjustment Drill,Hitting,4,yes,yes,gOE484Meo_o,https://www.youtube.com/watch?v=gOE484Meo_o,,YouGotMOJO,,no,no,no,,,,none,youtube.com unreachable — connect_rejected: gateway answered 403 to CONNECT (policy denial or upstream failure),none,unverified,yes
e5626714-a0a4-4cd3-bde4-7b6338ae49d1,32d3b75f-3d94-4048-b1e1-26a3d87e9449,Base Running Athletic Circuit,Athletic Development,3,yes,yes,5hYYRufn40s,https://www.youtube.com/watch?v=5hYYRufn40s,,ZONEDSportsAcademy,,no,no,no,,,,none,youtube.com unreachable — connect_rejected: gateway answered 403 to CONNECT (policy denial or upstream failure),none,unverified,yes
92b76bd8-bc9b-4ccc-ae70-d6db226f8e3d,ecf4c61b-0b8b-49bd-bbe5-697d42991d79,Base Running Circuit,Baserunning,3,yes,yes,5hYYRufn40s,https://www.youtube.com/watch?v=5hYYRufn40s,,Coach's Clinic,,no,no,no,,,,none,youtube.com unreachable — connect_rejected: gateway answered 403 to CONNECT (policy denial or upstream failure),none,unverified,yes
d7881758-6a10-46ad-8649-93c5496cd65b,73f5fef2-af64-4577-998d-da854cebb0cf,Crow Hop — Arm Strength and Outfield Throwing,Throwing,3,yes,yes,ZMuVnmUY2CI,https://www.youtube.com/watch?v=ZMuVnmUY2CI,,Ultimate Baseball Training,,no,no,no,,,,none,youtube.com unreachable — connect_rejected: gateway answered 403 to CONNECT (policy denial or upstream failure),none,unverified,yes
85377f70-e6e4-45b3-ba29-52295c7d2aea,09b8ebeb-a43d-40db-b1ae-eaa44e48f82c,EASY Baseball Catch Drill — First Catch Fundamentals,Throwing,3,yes,yes,pPx0lH8Kd3Y,https://www.youtube.com/watch?v=pPx0lH8Kd3Y,,Bay Island Baseball,,no,no,no,,,,none,youtube.com unreachable — connect_rejected: gateway answered 403 to CONNECT (policy denial or upstream failure),none,unverified,yes
8a2b04c0-0a45-4aba-9f54-a13865b4ab49,fe94a671-1d24-40fe-9771-4c7f5f708c14,Soft Toss,Hitting,3,yes,yes,O7FHkj4EUpY,https://www.youtube.com/watch?v=O7FHkj4EUpY,,Ripken Baseball,,no,no,no,,,,none,youtube.com unreachable — connect_rejected: gateway answered 403 to CONNECT (policy denial or upstream failure),none,unverified,yes
360c28e8-a404-4b9c-b0c9-9875ca0686cf,9a6f58a3-0172-47e6-b159-8eb98306f5ca,Two Hand Catch,Throwing,3,yes,yes,pPx0lH8Kd3Y,https://www.youtube.com/watch?v=pPx0lH8Kd3Y,,Bay Island Baseball,,no,no,no,,,,none,youtube.com unreachable — connect_rejected: gateway answered 403 to CONNECT (policy denial or upstream failure),none,unverified,yes
c06a63ee-f375-4dea-97a5-3cc26198e7d4,1c406241-97b4-425d-8f16-89ade2dbbc22,Bucket Drill — Stay in Your Legs,Hitting,2,yes,yes,hdyY3AoSkyk,https://www.youtube.com/watch?v=hdyY3AoSkyk,,Dominate the Diamond,,no,no,no,,,,none,youtube.com unreachable — connect_rejected: gateway answered 403 to CONNECT (policy denial or upstream failure),none,unverified,yes
1ced133d-f42a-429f-8b55-a45b92987823,35a5e10e-9713-4887-ad07-030b421db06f,Simple Base Running Drills for Youth Practice,Baserunning,2,yes,yes,hdyY3AoSkyk,https://www.youtube.com/watch?v=hdyY3AoSkyk,,Dominate the Diamond,,no,no,no,,,,none,youtube.com unreachable — connect_rejected: gateway answered 403 to CONNECT (policy denial or upstream failure),none,unverified,yes
6a9d158f-b4be-40f4-9a94-0770f08b51c5,64b38072-cd1c-4f0f-a3e1-9958c8cb0736,Funnel Drill,Throwing,19,yes,no,4NOo7JSK6eA,https://www.youtube.com/watch?v=4NOo7JSK6eA,,Dan Blewett,,no,no,no,,,,none,youtube.com unreachable — connect_rejected: gateway answered 403 to CONNECT (policy denial or upstream failure),none,unverified,yes
03dc57af-eb1a-447e-8b37-c2fadb082fc9,e9b7c3c8-ce7b-44d9-9311-cacf9354400d,How to Throw a Baseball — Complete Beginner Mechanics,Throwing,19,yes,no,4NOo7JSK6eA,https://www.youtube.com/watch?v=4NOo7JSK6eA,,Dan Blewett,,no,no,no,,,,none,youtube.com unreachable — connect_rejected: gateway answered 403 to CONNECT (policy denial or upstream failure),none,unverified,yes
d8f91b16-a6a7-4d54-af2d-5a54921dd1c1,14e902d5-2cfc-47fc-8670-52a5b8942f45,Rocker Drill,Pitching,19,yes,no,4NOo7JSK6eA,https://www.youtube.com/watch?v=4NOo7JSK6eA,,Dan Blewett,,no,no,no,,,,none,youtube.com unreachable — connect_rejected: gateway answered 403 to CONNECT (policy denial or upstream failure),none,unverified,yes
511cae53-ffbc-431b-b39b-4ba8d29f8efa,29ba52d6-4c87-40be-9c07-e0e760bf4cbc,The Rocker Drill for Pitching,Pitching,19,yes,no,4NOo7JSK6eA,https://www.youtube.com/watch?v=4NOo7JSK6eA,,Dan Blewett,,no,no,no,,,,none,youtube.com unreachable — connect_rejected: gateway answered 403 to CONNECT (policy denial or upstream failure),none,unverified,yes
1b84f805-4546-4e19-89a2-9e58768b96a8,73c7c466-4de3-45a1-ad1b-bfc7100bb5a0,Youth Pitching Mechanics — Complete Step-by-Step Breakdown,Pitching,19,yes,no,4NOo7JSK6eA,https://www.youtube.com/watch?v=4NOo7JSK6eA,,Dan Blewett,,no,no,no,,,,none,youtube.com unreachable — connect_rejected: gateway answered 403 to CONNECT (policy denial or upstream failure),none,unverified,yes
403f97e6-3810-4ddc-b3f6-9b68d77b3c69,455f390b-dd25-4389-a65d-9485f7b6fa53,10 Best Baseball Throwing Drills for Kids,Throwing,10,yes,no,YRAjMC5F4sg,https://www.youtube.com/watch?v=YRAjMC5F4sg,,YouGotMOJO,,no,no,no,,,,none,youtube.com unreachable — connect_rejected: gateway answered 403 to CONNECT (policy denial or upstream failure),none,unverified,yes
07417bdb-f097-4308-8003-4594c43a5cc1,02521925-f738-4f32-a8e5-cc2951732244,10 Best Baseball Throwing Drills for Kids — Full Progression,Throwing,10,yes,no,YRAjMC5F4sg,https://www.youtube.com/watch?v=YRAjMC5F4sg,,YouGotMOJO,,no,no,no,,,,none,youtube.com unreachable — connect_rejected: gateway answered 403 to CONNECT (policy denial or upstream failure),none,unverified,yes
17afb8a0-7660-4171-820e-61e54411c3db,530bc412-32f9-4d31-b892-f95ebced2514,Throwing Progression,Throwing,10,yes,no,77r6mWAUecA,https://www.youtube.com/watch?v=77r6mWAUecA,,Dominate the Diamond,,no,no,no,,,,none,youtube.com unreachable — connect_rejected: gateway answered 403 to CONNECT (policy denial or upstream failure),none,unverified,yes
3bacc2b2-98ad-4298-a9ff-a0f09a0759e0,28d76619-82c7-4b4f-aaa8-16464ba10b1b,Throwing Progression for Youth Players,Throwing,10,yes,no,77r6mWAUecA,https://www.youtube.com/watch?v=77r6mWAUecA,,Dominate the Diamond,,no,no,no,,,,none,youtube.com unreachable — connect_rejected: gateway answered 403 to CONNECT (policy denial or upstream failure),none,unverified,yes
fd5b04e3-bafe-4bad-a1e7-4c7563ded7d1,45f3c274-4d4c-473f-bb3a-a74ecd64ef04,Follow Through Drill,Pitching,9,yes,no,McHb2hXrTrE,https://www.youtube.com/watch?v=McHb2hXrTrE,,ARM Pitching Development,,no,no,no,,,,none,youtube.com unreachable — connect_rejected: gateway answered 403 to CONNECT (policy denial or upstream failure),none,unverified,yes
fd49b8c7-7210-40ab-a468-d2e24d700fab,7d82c674-bbcf-44da-99cf-4c1a8e1c123f,Knee Drill,Pitching,9,yes,no,McHb2hXrTrE,https://www.youtube.com/watch?v=McHb2hXrTrE,,ARM Pitching Development,,no,no,no,,,,none,youtube.com unreachable — connect_rejected: gateway answered 403 to CONNECT (policy denial or upstream failure),none,unverified,yes
38068c82-c85b-49ce-88ce-54a997e0ec30,8219d6db-fbe4-4ee2-93e5-4b5ecd46b12c,Must-Do Youth Pitching Drills for Beginners,Pitching,9,yes,no,McHb2hXrTrE,https://www.youtube.com/watch?v=McHb2hXrTrE,,ARM Pitching Development,,no,no,no,,,,none,youtube.com unreachable — connect_rejected: gateway answered 403 to CONNECT (policy denial or upstream failure),none,unverified,yes
e424e0d5-fc64-4c05-bb66-1f3c3ed0b233,6829d43b-3680-4524-bc97-16cb75d645a0,Stride Drill,Pitching,9,yes,no,McHb2hXrTrE,https://www.youtube.com/watch?v=McHb2hXrTrE,,ARM Pitching Development,,no,no,no,,,,none,youtube.com unreachable — connect_rejected: gateway answered 403 to CONNECT (policy denial or upstream failure),none,unverified,yes
3eb5a2b4-fd14-4137-8392-6af1210d4208,abd7b4c8-d0a6-4ae5-ba4d-81b816da87c0,7 Best Youth Baseball Hitting Drills,Hitting,8,yes,no,UeJpXF55kvs,https://www.youtube.com/watch?v=UeJpXF55kvs,,YouGoProBaseball,,no,no,no,,,,none,youtube.com unreachable — connect_rejected: gateway answered 403 to CONNECT (policy denial or upstream failure),none,unverified,yes
f35ecf1f-7cb2-4d17-8fbd-26610a665faf,7563acaf-50dc-4e28-b332-764a6a31c932,9 Best Pitching Drills for Kids,Pitching,8,yes,no,ImeXGqKYP7Y,https://www.youtube.com/watch?v=ImeXGqKYP7Y,,YouGotMOJO,,no,no,no,,,,none,youtube.com unreachable — connect_rejected: gateway answered 403 to CONNECT (policy denial or upstream failure),none,unverified,yes
771ac96f-e751-43a1-882d-2b2e5536043f,868fa15d-bfde-4487-83af-d5b27e8962ba,9 Best Pitching Drills for Kids — Full Progression,Pitching,8,yes,no,ImeXGqKYP7Y,https://www.youtube.com/watch?v=ImeXGqKYP7Y,,YouGotMOJO,,no,no,no,,,,none,youtube.com unreachable — connect_rejected: gateway answered 403 to CONNECT (policy denial or upstream failure),none,unverified,yes
6970b08f-28ae-45bb-8361-188baa82fd82,22aad66e-9d36-4b43-9d87-5b402d6621a0,Balance Drill,Pitching,8,yes,no,ImeXGqKYP7Y,https://www.youtube.com/watch?v=ImeXGqKYP7Y,,YouGotMOJO,,no,no,no,,,,none,youtube.com unreachable — connect_rejected: gateway answered 403 to CONNECT (policy denial or upstream failure),none,unverified,yes
6451f420-3e0d-42e5-9edd-a3cb7a7dcd6e,54cf8f72-be57-478b-8a6d-bb084cadbddf,Front Toss Drill,Hitting,8,yes,no,q7CPS0RYDPM,https://www.youtube.com/watch?v=q7CPS0RYDPM,,Ultimate Baseball Training,,no,no,no,,,,none,youtube.com unreachable — connect_rejected: gateway answered 403 to CONNECT (policy denial or upstream failure),none,unverified,yes
f572bc30-d544-46fc-b8df-514d2a01359a,38d1c493-6e09-4708-8cb7-7fab7eda189f,How to Hit a Baseball Step by Step,Hitting,8,yes,no,q7CPS0RYDPM,https://www.youtube.com/watch?v=q7CPS0RYDPM,,Ultimate Baseball Training,,no,no,no,,,,none,youtube.com unreachable — connect_rejected: gateway answered 403 to CONNECT (policy denial or upstream failure),none,unverified,yes
b7f0ef76-8c5c-4723-a78f-d9978e9ac6b0,1cf0e1cf-3ea6-4610-85ab-73cad0708d37,Leg Lift Drill,Pitching,8,yes,no,ImeXGqKYP7Y,https://www.youtube.com/watch?v=ImeXGqKYP7Y,,YouGotMOJO,,no,no,no,,,,none,youtube.com unreachable — connect_rejected: gateway answered 403 to CONNECT (policy denial or upstream failure),none,unverified,yes
12443d28-1322-48b3-80e3-ccda00e4b799,4483bfeb-19df-401b-97ce-6f97e527a99b,Stance Drill,Hitting,8,yes,no,UeJpXF55kvs,https://www.youtube.com/watch?v=UeJpXF55kvs,,YouGoProBaseball,,no,no,no,,,,none,youtube.com unreachable — connect_rejected: gateway answered 403 to CONNECT (policy denial or upstream failure),none,unverified,yes
a8f1299a-6fb7-4c45-9e79-6dfa734fb951,bd106179-ca57-47ef-9e7e-5f8f235405b0,Tee Drill,Hitting,8,yes,no,q7CPS0RYDPM,https://www.youtube.com/watch?v=q7CPS0RYDPM,,Ultimate Baseball Training,,no,no,no,,,,none,youtube.com unreachable — connect_rejected: gateway answered 403 to CONNECT (policy denial or upstream failure),none,unverified,yes
fc113a10-7d03-4ae9-a576-5a63eb9df2e2,efc92935-5d8b-48d1-b56a-ac965f0f3716,Towel Snap Drill,Pitching,8,yes,no,ImeXGqKYP7Y,https://www.youtube.com/watch?v=ImeXGqKYP7Y,,YouGotMOJO,,no,no,no,,,,none,youtube.com unreachable — connect_rejected: gateway answered 403 to CONNECT (policy denial or upstream failure),none,unverified,yes
1e2e51ad-398f-429b-a302-11312030fe44,966c4b46-bc36-4589-9bce-ca0682e24c13,One Hand Hitting Drill,Hitting,5,yes,no,9XkdpzNrswo,https://www.youtube.com/watch?v=9XkdpzNrswo,,Ripken Baseball,,no,no,no,,,,none,youtube.com unreachable — connect_rejected: gateway answered 403 to CONNECT (policy denial or upstream failure),none,unverified,yes
bb317189-2932-4a66-9355-519d07e54043,0d6f53b2-ca7d-45ae-b0d2-eac1d8c13f9a,10 Best Baseball Hitting Drills for Kids,Hitting,4,yes,no,gOE484Meo_o,https://www.youtube.com/watch?v=gOE484Meo_o,,YouGotMOJO,,no,no,no,,,,none,youtube.com unreachable — connect_rejected: gateway answered 403 to CONNECT (policy denial or upstream failure),none,unverified,yes
0a60ce3f-01d2-4761-8b28-eb1a6e1683de,ebd5359b-cccd-4249-b2d9-6e66987535eb,10 Best Baseball Hitting Drills for Kids,Hitting,4,yes,no,gOE484Meo_o,https://www.youtube.com/watch?v=gOE484Meo_o,,YouGotMOJO,,no,no,no,,,,none,youtube.com unreachable — connect_rejected: gateway answered 403 to CONNECT (policy denial or upstream failure),none,unverified,yes
32d89453-28ea-474f-8e05-d6cdbed2005c,19e2c8a9-d4a2-48bc-a511-0471f030d2e2,3 Great Outfield Drills for Youth Players,Fielding (Fly Balls),3,yes,no,ZMuVnmUY2CI,https://www.youtube.com/watch?v=ZMuVnmUY2CI,,Ultimate Baseball Training,,no,no,no,,,,none,youtube.com unreachable — connect_rejected: gateway answered 403 to CONNECT (policy denial or upstream failure),none,unverified,yes
2eb68b6e-09d8-4ed5-80a0-917aafc74a28,f94e6efc-9146-469b-bee2-c46466d882aa,Catch Drill,Throwing,3,yes,no,pPx0lH8Kd3Y,https://www.youtube.com/watch?v=pPx0lH8Kd3Y,,Bay Island Baseball,,no,no,no,,,,none,youtube.com unreachable — connect_rejected: gateway answered 403 to CONNECT (policy denial or upstream failure),none,unverified,yes
5867e4ff-8330-4b59-863b-432a9508d151,ad6b8ea5-77db-4779-a08a-d59ae44bcdfc,Crow Hop Drill,Throwing,3,yes,no,ZMuVnmUY2CI,https://www.youtube.com/watch?v=ZMuVnmUY2CI,,Ultimate Baseball Training,,no,no,no,,,,none,youtube.com unreachable — connect_rejected: gateway answered 403 to CONNECT (policy denial or upstream failure),none,unverified,yes
8e591f40-f2c7-45f1-ae73-1e8c18920bea,f94e3f9c-0bd7-41a4-9479-c1ffcbaf5212,Fundamentals of Hitting — Coach's Clinic,Hitting,3,yes,no,5hYYRufn40s,https://www.youtube.com/watch?v=5hYYRufn40s,,ZONEDSportsAcademy,,no,no,no,,,,none,youtube.com unreachable — connect_rejected: gateway answered 403 to CONNECT (policy denial or upstream failure),none,unverified,yes
c49cbf1b-f1cc-4a7d-87c9-6824fb5ed4e0,18e0cf1e-7f9b-4e51-9125-db81b04811a3,Soft Toss From the Side,Hitting,3,yes,no,O7FHkj4EUpY,https://www.youtube.com/watch?v=O7FHkj4EUpY,,Ripken Baseball,,no,no,no,,,,none,youtube.com unreachable — connect_rejected: gateway answered 403 to CONNECT (policy denial or upstream failure),none,unverified,yes
a1b66518-e89c-4f5b-8ea6-ce79feeb34fb,d38bd8d0-2293-41ce-a97d-b5cb15f47fbc,Soft Toss From the Side,Hitting,3,yes,no,O7FHkj4EUpY,https://www.youtube.com/watch?v=O7FHkj4EUpY,,Ripken Baseball,,no,no,no,,,,none,youtube.com unreachable — connect_rejected: gateway answered 403 to CONNECT (policy denial or upstream failure),none,unverified,yes
400ae1f8-adaa-4724-805d-d656551a9e3c,23a37283-c85e-4564-a48a-eaad8a691f78,How to Add Base Running Into Practice,Baserunning,2,yes,no,Hk9-ofX19Ig,https://www.youtube.com/watch?v=Hk9-ofX19Ig,,Coach Lou Colon,,no,no,no,,,,none,youtube.com unreachable — connect_rejected: gateway answered 403 to CONNECT (policy denial or upstream failure),none,unverified,yes
348d474f-341b-48ea-b79f-95dc3c31fc25,1a1767cc-35ca-47f3-ad7d-5a920add6597,How to Throw the RIGHT WAY,Throwing,2,yes,no,Hk9-ofX19Ig,https://www.youtube.com/watch?v=Hk9-ofX19Ig,,Coach Lou Colon,,no,no,no,,,,none,youtube.com unreachable — connect_rejected: gateway answered 403 to CONNECT (policy denial or upstream failure),none,unverified,yes
8e88b807-fded-48ed-8c1d-9633c86505de,3df6814c-4d77-4592-8693-9fd419ded05c,8 Baseball Warm-Up Exercises You Must Do,Warmup,1,no,yes,yaPtL61nSzU,https://www.youtube.com/watch?v=yaPtL61nSzU,,Ultimate Baseball Training,,no,no,no,,,,none,youtube.com unreachable — connect_rejected: gateway answered 403 to CONNECT (policy denial or upstream failure),none,unverified,yes
f3615c0a-b417-4214-90ec-72b223ec8684,9d95c228-0f42-487d-bfa0-164df2646c50,9-Exercise J-Band Strength Routine,Arm Care,1,no,yes,slqo583qoAg,https://www.youtube.com/watch?v=slqo583qoAg,,Northern Baseball Training,,no,no,no,,,,none,youtube.com unreachable — connect_rejected: gateway answered 403 to CONNECT (policy denial or upstream failure),none,unverified,yes
1822b322-e481-42d9-9bdc-1d3f761e0314,5afa81e5-ec55-4066-b62f-1b535884060b,"Advanced First Base — Off-Line Throws, Picks & Short Hops",Fielding (Infield),1,no,yes,QR2QWQTHp-s,https://www.youtube.com/watch?v=QR2QWQTHp-s,,IMG Academy,,no,no,no,,,,none,youtube.com unreachable — connect_rejected: gateway answered 403 to CONNECT (policy denial or upstream failure),none,unverified,yes
a9219a4d-e39a-4726-940a-b78bded4321c,0997fc64-a8e8-44b1-995c-3aa1e0291a99,Baby Steps - Hip Load,Hitting,1,no,yes,Sx-nSeUhACM,https://www.youtube.com/watch?v=Sx-nSeUhACM,,Hitting Done Right,,no,no,no,,,,none,youtube.com unreachable — connect_rejected: gateway answered 403 to CONNECT (policy denial or upstream failure),none,unverified,yes
fa292f74-5f77-480c-868a-7302c972535d,40eebd5c-d2ab-4245-92bc-5cf73e68ba87,Back Knee Down - Stay Centered,Hitting,1,no,yes,m74alEFc8FE,https://www.youtube.com/watch?v=m74alEFc8FE,,Hitting Done Right,,no,no,no,,,,none,youtube.com unreachable — connect_rejected: gateway answered 403 to CONNECT (policy denial or upstream failure),none,unverified,yes
e010942a-39b4-4fdc-b952-431b5ef39b66,977c1fd1-12b0-42c6-8b8b-e3a90303e385,Baseball Arm Stretches and Pre-Throwing Warm-Up,Arm Care,1,no,yes,5GY4nLILbi4,https://www.youtube.com/watch?v=5GY4nLILbi4,,Ultimate Baseball Training,,no,no,no,,,,none,youtube.com unreachable — connect_rejected: gateway answered 403 to CONNECT (policy denial or upstream failure),none,unverified,yes
ba7fd1c9-748b-40c7-99e7-77740bdf0ed3,b194ff1d-f857-47d5-911c-0bab06c6e6bc,Baseball Dynamic Stretches for Youth Players,Athletic Development,1,no,yes,MNouzjZQ4wo,https://www.youtube.com/watch?v=MNouzjZQ4wo,,Spear Physical Therapy,,no,no,no,,,,none,youtube.com unreachable — connect_rejected: gateway answered 403 to CONNECT (policy denial or upstream failure),none,unverified,yes
5893622f-5fd3-40df-93b8-f3ee038ae3c3,b610bf25-fbc7-46e3-9c8a-16e07224bf70,Bent-Leg Slide Basics — The Right Way to Slide,Baserunning,1,no,yes,h_mEnVPL6Qg,https://www.youtube.com/watch?v=h_mEnVPL6Qg,,BSBL BLVD,,no,no,no,,,,none,youtube.com unreachable — connect_rejected: gateway answered 403 to CONNECT (policy denial or upstream failure),none,unverified,yes
4ec96d1b-674d-4d82-8792-b9cc7cf2679a,babe5481-655c-4c2e-9985-2465937c1067,Blocking the Right Way — Technique to Reaction Reps,Catching,1,no,yes,eQCF2jZiU5M,https://www.youtube.com/watch?v=eQCF2jZiU5M,,YouGoProBaseball,,no,no,no,,,,none,youtube.com unreachable — connect_rejected: gateway answered 403 to CONNECT (policy denial or upstream failure),none,unverified,yes
a2154e92-c961-405c-b8dc-878da07db94c,a648dcab-45b3-4c81-9ed4-f29eaea4323e,Bunting with Lacrosse Stick,Bunting,1,no,yes,YLocEKnieBA,https://www.youtube.com/watch?v=YLocEKnieBA,,Dominate The Diamond,,no,no,no,,,,none,youtube.com unreachable — connect_rejected: gateway answered 403 to CONNECT (policy denial or upstream failure),none,unverified,yes
43035412-7f2d-476c-8314-893148c2dc9b,0dba3ce4-0df5-4905-b95b-09705a5595d5,Call It Early — Outfield Communication Basics,Fielding (Fly Balls),1,no,yes,x5oEDLlVpqo,https://www.youtube.com/watch?v=x5oEDLlVpqo,,DICK'S Sporting Goods,,no,no,no,,,,none,youtube.com unreachable — connect_rejected: gateway answered 403 to CONNECT (policy denial or upstream failure),none,unverified,yes
70288e8a-a700-493d-a44b-ed60b89e6230,2da70c16-18d3-4b63-8eca-12804ac048ea,"Calm Rundowns — Push Back, Follow Your Throw",Team Defense,1,no,yes,cV8Ivq0XcJA,https://www.youtube.com/watch?v=cV8Ivq0XcJA,,Dominate The Diamond,,no,no,no,,,,none,youtube.com unreachable — connect_rejected: gateway answered 403 to CONNECT (policy denial or upstream failure),none,unverified,yes
a98fa88e-71ee-4ff0-b8a0-e2a24f5ff25a,367642e8-dfd4-4988-90e5-f2c4d10b3401,Catcher Throw-Down Footwork to Second,Catching,1,no,yes,RmlsQPV4OGs,https://www.youtube.com/watch?v=RmlsQPV4OGs,,Pro Speed Baseball,,no,no,no,,,,none,youtube.com unreachable — connect_rejected: gateway answered 403 to CONNECT (policy denial or upstream failure),none,unverified,yes
8c4f1665-06f1-4d84-a3af-d90d23ade615,2db609fb-e152-400c-8927-038809eb062f,Competitive Team Bunting Game,Bunting,1,no,yes,SR8atnQMvg4,https://www.youtube.com/watch?v=SR8atnQMvg4,,Coach Trent Mongero,,no,no,no,,,,none,youtube.com unreachable — connect_rejected: gateway answered 403 to CONNECT (policy denial or upstream failure),none,unverified,yes
8e22f1ec-6d45-4e82-abb7-b6ceaf58088d,dfa91c84-6ce8-4d03-9c5d-4252adc5fe3d,Complete Pitching and Throwing Warm-Up Routine,Arm Care,1,no,yes,WQ9ggLQJ96M,https://www.youtube.com/watch?v=WQ9ggLQJ96M,,ARM Pitching Development,,no,no,no,,,,none,youtube.com unreachable — connect_rejected: gateway answered 403 to CONNECT (policy denial or upstream failure),none,unverified,yes
f6e09d6a-d4b1-44be-95a1-56bfc9b7d319,0833de14-902c-408a-a3a9-a8c4df28c4f1,Cross-Shuffle Drill,Fielding (Infield),1,no,yes,Rlfpp7_DBmQ,https://www.youtube.com/shorts/Rlfpp7_DBmQ,,icoachbaseball,,no,no,no,,,,none,youtube.com unreachable — connect_rejected: gateway answered 403 to CONNECT (policy denial or upstream failure),none,unverified,yes
d426a7a6-7859-4521-b59c-0f0d418a5e74,b1f220a4-fdc3-4750-810f-b431e0c8a16f,Cutoff Responsibilities by Situation,Team Defense,1,no,yes,wIU9NdCBBkE,https://www.youtube.com/watch?v=wIU9NdCBBkE,,ELITE YOUTH BASEBALL,,no,no,no,,,,none,youtube.com unreachable — connect_rejected: gateway answered 403 to CONNECT (policy denial or upstream failure),none,unverified,yes
40c15614-6f5c-4be1-913e-9271d20d2ef4,2f5901d2-ed57-4f6b-9dcc-6d1dc6110ef9,Daily Backhand Series,Fielding (Infield),1,no,yes,IEk4QipiFTY,https://www.youtube.com/watch?v=IEk4QipiFTY,,YouGoProBaseball,,no,no,no,,,,none,youtube.com unreachable — connect_rejected: gateway answered 403 to CONNECT (policy denial or upstream failure),none,unverified,yes
dab3501c-3b5e-4bb3-90b2-00c8dbabc039,cf43c787-c5f1-4188-9aff-e574b2b08c0a,Deaden & Direct — Bunt Placement Drill,Bunting,1,no,yes,pIx9tM4NKrU,https://www.youtube.com/watch?v=pIx9tM4NKrU,,Baseball By The Yard,,no,no,no,,,,none,youtube.com unreachable — connect_rejected: gateway answered 403 to CONNECT (policy denial or upstream failure),none,unverified,yes
0c01b550-fd6b-471f-9bad-388124be4f82,daea5efc-42ce-4a83-9f07-a867dd6fbddd,Do-or-Die Charge & Throw,Fielding (Fly Balls),1,no,yes,iUdI35veg5E,https://www.youtube.com/watch?v=iUdI35veg5E,,PowerNet,,no,no,no,,,,none,youtube.com unreachable — connect_rejected: gateway answered 403 to CONNECT (policy denial or upstream failure),none,unverified,yes
dbe11c1d-b1c7-433d-8d5e-bc010d754f2b,f1bf25fb-0167-4b61-b196-675b2ba14280,Don't Dump the Barrel,Hitting,1,no,yes,CfnTD3DyEM0,https://www.youtube.com/watch?v=CfnTD3DyEM0,,Hitting Done Right,,no,no,no,,,,none,youtube.com unreachable — connect_rejected: gateway answered 403 to CONNECT (policy denial or upstream failure),none,unverified,yes
d07707e8-16b4-4744-821e-1502361db4d2,971dccd3-bc0f-4043-9e2d-3417fc6f7361,Double-Play Feeds & Turns,Fielding (Infield),1,no,yes,F0MwVYtimb8,https://www.youtube.com/watch?v=F0MwVYtimb8,,Antonelli Baseball,,no,no,no,,,,none,youtube.com unreachable — connect_rejected: gateway answered 403 to CONNECT (policy denial or upstream failure),none,unverified,yes
6e7243fa-4424-486e-ae21-ecb4ca0d846d,ab8f57ca-ebf4-49b7-8f08-e62e5dd54a3f,Dynamic Warm-Up with Arm Stretches,Warmup,1,no,yes,JBGAGVgHLq0,https://www.youtube.com/watch?v=JBGAGVgHLq0,,Ultimate Baseball Training,,no,no,no,,,,none,youtube.com unreachable — connect_rejected: gateway answered 403 to CONNECT (policy denial or upstream failure),none,unverified,yes
b19673a6-dca9-4d7c-8b0a-9a8abeb4f183,c345c3a1-bda3-43f7-b6f3-16e77432ab83,Figure Eight Infield Drill,Fielding (Infield),1,no,yes,hMdoQ94UxCE,https://www.youtube.com/watch?v=hMdoQ94UxCE,,Coach Steinman,,no,no,no,,,,none,youtube.com unreachable — connect_rejected: gateway answered 403 to CONNECT (policy denial or upstream failure),none,unverified,yes
682089c7-5cb3-4954-9c20-79d4220ed4ce,6c2e8d58-e7f0-4727-b561-cb61bca27e25,First Base Footwork & Throw Adjustments,Fielding (Infield),1,no,yes,R1sbhgRzneQ,https://www.youtube.com/watch?v=R1sbhgRzneQ,,Antonelli Baseball,,no,no,no,,,,none,youtube.com unreachable — connect_rejected: gateway answered 403 to CONNECT (policy denial or upstream failure),none,unverified,yes
38c81d21-962c-4213-a60c-eca164a6ed92,d685834e-1b6a-45ad-b06a-d7cf63447eef,First Base Fundamentals — Finding the Bag & the Stretch,Fielding (Infield),1,no,yes,95B1kSchurQ,https://www.youtube.com/watch?v=95B1kSchurQ,,Ultimate Baseball Training,,no,no,no,,,,none,youtube.com unreachable — connect_rejected: gateway answered 403 to CONNECT (policy denial or upstream failure),none,unverified,yes
70b640c8-144f-404d-8ecd-62341399a3bd,29276b7a-fd04-45ff-825d-1d715d384908,Fly Ball Drill with Cones,Fielding (Fly Balls),1,no,yes,yiG7Lm-Vv28,https://www.youtube.com/watch?v=yiG7Lm-Vv28,,Dominate The Diamond,,no,no,no,,,,none,youtube.com unreachable — connect_rejected: gateway answered 403 to CONNECT (policy denial or upstream failure),none,unverified,yes
db4206f3-ddee-44db-bd16-81064a4c4700,0c9a28d6-8fcf-4000-82fa-a1216ed45916,Flyball Communication Drill,Fielding (Fly Balls),1,no,yes,7CbADt5veC0,https://www.youtube.com/watch?v=7CbADt5veC0,,Dominate The Diamond,,no,no,no,,,,none,youtube.com unreachable — connect_rejected: gateway answered 403 to CONNECT (policy denial or upstream failure),none,unverified,yes
a912f87e-4156-4b22-86bf-a28dd03ef662,781605ce-10f5-400c-b7e2-6243915b5da2,Four Cones Ground Ball Drill,Fielding (Infield),1,no,yes,fSTmvPm_77I,https://www.youtube.com/watch?v=fSTmvPm_77I,,Little League,,no,no,no,,,,none,youtube.com unreachable — connect_rejected: gateway answered 403 to CONNECT (policy denial or upstream failure),none,unverified,yes
a6eabf74-1f7a-44a1-a22a-64b7c44c00ae,ba7e4b8c-ad36-45bd-9b63-b7b354b9d43d,Freeze at Extension Drill,Hitting,1,no,yes,NEfaNRgWJdU,https://www.youtube.com/watch?v=NEfaNRgWJdU,,Dominate The Diamond,,no,no,no,,,,none,youtube.com unreachable — connect_rejected: gateway answered 403 to CONNECT (policy denial or upstream failure),none,unverified,yes
8a89cd1e-e163-4532-9d97-3e0f43cfbae3,663dc298-e5f2-4ea8-9d6d-6812e652cf28,Fun Baseball Throwing Drill,Throwing,1,no,yes,cltDRzlLm44,https://www.youtube.com/watch?v=cltDRzlLm44,,Duke Baxter / Dominate The Diamond,,no,no,no,,,,none,youtube.com unreachable — connect_rejected: gateway answered 403 to CONNECT (policy denial or upstream failure),none,unverified,yes
e6c17bfe-dcee-41b6-be65-235781934348,267777ed-01d2-4985-a4aa-5a1c41299f11,Fun Fielding Drill for Young Players,Fielding (Infield),1,no,yes,kOz3WRPiXr8,https://www.youtube.com/watch?v=kOz3WRPiXr8,,Antonelli Baseball,,no,no,no,,,,none,youtube.com unreachable — connect_rejected: gateway answered 403 to CONNECT (policy denial or upstream failure),none,unverified,yes
d0e04a4d-dfb2-4b6a-8f6c-da094f53beb4,808e703f-d60e-4a0b-8cbd-845bcb4cc1bb,Game-Speed Reaction Blocking,Catching,1,no,yes,n8OCrOmbTBU,https://www.youtube.com/watch?v=n8OCrOmbTBU,,Catching IQ,,no,no,no,,,,none,youtube.com unreachable — connect_rejected: gateway answered 403 to CONNECT (policy denial or upstream failure),none,unverified,yes
fc491ad8-1cea-44e1-b91f-4703f4a6e7dc,91bc52cf-a234-4ad3-97a6-6df6038c752c,Game-Speed Rundown Execution,Team Defense,1,no,yes,OAbBekHAk_g,https://www.youtube.com/watch?v=OAbBekHAk_g,,Antonelli Baseball,,no,no,no,,,,none,youtube.com unreachable — connect_rejected: gateway answered 403 to CONNECT (policy denial or upstream failure),none,unverified,yes
39938d30-64d7-422c-92ff-f1464de657a1,fbbe6484-8b9d-486b-839e-23114e600c77,Groundball Transfer Catch,Fielding (Infield),1,no,yes,,https://www.youtube.com/playlist?list=PLef59HAX75_F3tYMHqkSuUtJ2tjPV9gMH,,Various,,no,no,no,,,,none,youtube.com unreachable — connect_rejected: gateway answered 403 to CONNECT (policy denial or upstream failure),none,unverified,yes
8bf20aa9-13dd-4158-8a54-811b24f93eca,b3534518-f0df-4f30-8378-0b7d084e5fb9,Infield Throwing Drill,Fielding (Infield),1,no,yes,98cZlSjRkw8,https://www.youtube.com/shorts/98cZlSjRkw8,,icoachbaseball,,no,no,no,,,,none,youtube.com unreachable — connect_rejected: gateway answered 403 to CONNECT (policy denial or upstream failure),none,unverified,yes
db09d56d-eef1-4a98-b8de-eb74509bdd39,7ae1f28a-6e16-4163-b481-1b89226397eb,Infield/Outfield Priority Drill,Fielding (Fly Balls),1,no,yes,5q3b9m2ERho,https://www.youtube.com/watch?v=5q3b9m2ERho,,American Baseball Coaches Association (ABCA),,no,no,no,,,,none,youtube.com unreachable — connect_rejected: gateway answered 403 to CONNECT (policy denial or upstream failure),none,unverified,yes
a195ac9f-3243-411d-97d5-9cd47708d137,ef98c922-d86a-46ea-913c-903b41c8ba2e,"Line Relay Race — Catch, Turn, Throw",Team Defense,1,no,yes,YipF1W7BDJM,https://www.youtube.com/watch?v=YipF1W7BDJM,,PowerNet,,no,no,no,,,,none,youtube.com unreachable — connect_rejected: gateway answered 403 to CONNECT (policy denial or upstream failure),none,unverified,yes
47133e4c-125f-4fed-9f25-b21c98e45e41,37f0c306-4c6c-4fa6-8491-96fa90893be9,Little League Cuts & Relays System,Team Defense,1,no,yes,Yle6R1-flA8,https://www.youtube.com/watch?v=Yle6R1-flA8,,Dominate The Diamond,,no,no,no,,,,none,youtube.com unreachable — connect_rejected: gateway answered 403 to CONNECT (policy denial or upstream failure),none,unverified,yes
ed02f416-bc78-4bae-900b-e6ff63f7bfbd,31af2888-b541-479e-8a0f-78bcb528ea17,Load to Launch Drill,Hitting,1,no,yes,8t_2jHXCdaI,https://www.youtube.com/watch?v=8t_2jHXCdaI,,Hitting Done Right,,no,no,no,,,,none,youtube.com unreachable — connect_rejected: gateway answered 403 to CONNECT (policy denial or upstream failure),none,unverified,yes
eec70142-730f-4b3a-9fc6-b7779b5b40fe,62b2ed36-03da-4e9d-a424-1d94620fde7d,Machine-Fed Relay Sequences at Game Speed,Team Defense,1,no,yes,TJXQiYdueQc,https://www.youtube.com/watch?v=TJXQiYdueQc,,ATEC Sports,,no,no,no,,,,none,youtube.com unreachable — connect_rejected: gateway answered 403 to CONNECT (policy denial or upstream failure),none,unverified,yes
4ca8e553-5539-404d-afc4-8fa1ea3bff77,5f398d5c-6377-4119-b5b7-99b81f4b8028,MLB-Style Receiving & Framing Circuit,Catching,1,no,yes,Z1erh6UVR_w,https://www.youtube.com/watch?v=Z1erh6UVR_w,,YouGoProBaseball,,no,no,no,,,,none,youtube.com unreachable — connect_rejected: gateway answered 403 to CONNECT (policy denial or upstream failure),none,unverified,yes
97ab887e-da81-48d2-947e-36e5e08616b7,478cb186-6370-494d-b94a-47136344ccd8,One-Knee Receiving — Advanced Framing Setup,Catching,1,no,yes,yJxiRn88Ms0,https://www.youtube.com/watch?v=yJxiRn88Ms0,,YouGoProBaseball,,no,no,no,,,,none,youtube.com unreachable — connect_rejected: gateway answered 403 to CONNECT (policy denial or upstream failure),none,unverified,yes
5ecf2f54-7a64-40e0-8e0b-c5259d47136e,769ab66e-93c9-41bb-8519-91bd3e0ab186,Oppo Tee & Toss — Stay Inside the Ball,Hitting,1,no,yes,OhWNIpPlcgA,https://www.youtube.com/watch?v=OhWNIpPlcgA,,Pro Speed Baseball,,no,no,no,,,,none,youtube.com unreachable — connect_rejected: gateway answered 403 to CONNECT (policy denial or upstream failure),none,unverified,yes
34524163-6ab2-40b7-83aa-43be6c725943,744a47da-ef0c-42b0-b961-1175aaad42d9,Outfield Drop Step Drill,Fielding (Fly Balls),1,no,yes,qvwkdxepqTk,https://www.youtube.com/watch?v=qvwkdxepqTk,,Ripken Baseball,,no,no,no,,,,none,youtube.com unreachable — connect_rejected: gateway answered 403 to CONNECT (policy denial or upstream failure),none,unverified,yes
06d921f7-d48d-494f-83be-cb7eb03dd5b2,40b34435-fd5f-4263-ae2f-b53083ce4531,Overload/Underload Bat Speed Progression,Hitting,1,no,yes,Oz1oGdb0n-8,https://www.youtube.com/watch?v=Oz1oGdb0n-8,,Hitting Done Right - HDR,,no,no,no,,,,none,youtube.com unreachable — connect_rejected: gateway answered 403 to CONNECT (policy denial or upstream failure),none,unverified,yes
4a12ba25-884f-4a92-aeb8-568ab5b0aacc,9335a346-33a3-4bd1-b65c-2664f9c7fcfb,Pop-Up Slide — Slide and Advance,Baserunning,1,no,yes,wMZkEfiFBxc,https://www.youtube.com/watch?v=wMZkEfiFBxc,,CoachUp,,no,no,no,,,,none,youtube.com unreachable — connect_rejected: gateway answered 403 to CONNECT (policy denial or upstream failure),none,unverified,yes
50b9ea64-45a5-4b6a-a14d-23018ef55552,b67499b8-314b-415f-a789-c0b90f1f9a3f,Post-Throwing Recovery Routine,Arm Care,1,no,yes,EunHAooYktE,https://www.youtube.com/watch?v=EunHAooYktE,,ARM Pitching Development,,no,no,no,,,,none,youtube.com unreachable — connect_rejected: gateway answered 403 to CONNECT (policy denial or upstream failure),none,unverified,yes
8bef2349-27e9-4ea9-b826-69de2b056ef9,4106c25c-beeb-4d11-b1aa-eb9aa85978ae,"Pro Base-Stealing Package — Leads, Reads & Jumps",Baserunning,1,no,yes,iZK-Rtp1bv4,https://www.youtube.com/watch?v=iZK-Rtp1bv4,,Dominate The Diamond,,no,no,no,,,,none,youtube.com unreachable — connect_rejected: gateway answered 403 to CONNECT (policy denial or upstream failure),none,unverified,yes
4512150f-72b8-47eb-83bb-7b877a9b7c4e,5abc9df7-d4ad-40d3-b95e-2eb275e82710,PVC Posture Drill,Hitting,1,no,yes,p7B12g_o4pQ,https://www.youtube.com/watch?v=p7B12g_o4pQ,,Hitting Done Right,,no,no,no,,,,none,youtube.com unreachable — connect_rejected: gateway answered 403 to CONNECT (policy denial or upstream failure),none,unverified,yes
5579e0a9-c6ba-4c52-90dc-560b888ed6c1,4cd55f36-4ac8-447a-9633-936c9b1f6c22,Ripken Soft Toss Drill,Soft Toss,1,no,yes,TZ9CQUmPjn8,https://www.youtube.com/watch?v=TZ9CQUmPjn8,,Ripken Baseball,,no,no,no,,,,none,youtube.com unreachable — connect_rejected: gateway answered 403 to CONNECT (policy denial or upstream failure),none,unverified,yes
7a883722-c045-4d0a-a6c3-b177b57f249d,2ac95ee1-db4f-4ab1-b2ec-569a5419b6ef,Second Baseman Flip/Throw Combo,Throwing,1,no,yes,6QIt-cYXL4s,https://www.youtube.com/watch?v=6QIt-cYXL4s,,Duke Baxter / Dominate The Diamond,,no,no,no,,,,none,youtube.com unreachable — connect_rejected: gateway answered 403 to CONNECT (policy denial or upstream failure),none,unverified,yes
2db9ec4e-a8cc-4e65-957e-2cfa65683e35,b9bb75c7-9ed0-47ee-9d11-2de953510027,Secondary Lead & Delayed Steal,Baserunning,1,no,yes,SXfbP6x3iXI,https://www.youtube.com/watch?v=SXfbP6x3iXI,,YouGoProBaseball,,no,no,no,,,,none,youtube.com unreachable — connect_rejected: gateway answered 403 to CONNECT (policy denial or upstream failure),none,unverified,yes
e6dac754-7f87-4ebc-9ab6-b7b9d8dd2f20,4e1975e2-eb6b-49a8-9d29-0b9d0afd2f68,Simple Throwing Progressions,Throwing,1,no,yes,LtzwCrthlTY,https://www.youtube.com/watch?v=LtzwCrthlTY,,Various,,no,no,no,,,,none,youtube.com unreachable — connect_rejected: gateway answered 403 to CONNECT (policy denial or upstream failure),none,unverified,yes
ab307282-6f88-473f-be54-10b4a09e2368,282be624-51e9-4a06-ab37-7646b0a3da8b,Sliding Practice Stations,Baserunning,1,no,yes,e_q6AWdgabQ,https://www.youtube.com/watch?v=e_q6AWdgabQ,,ZONED Sports Academy,,no,no,no,,,,none,youtube.com unreachable — connect_rejected: gateway answered 403 to CONNECT (policy denial or upstream failure),none,unverified,yes
e09ce7e5-91c3-4c62-9303-c5ed1af7b63e,6c655fff-6181-4b7b-b22b-e1401e2e1f27,Stay Back — Beat the Changeup,Hitting,1,no,yes,8_6Ea45fL5s,https://www.youtube.com/watch?v=8_6Ea45fL5s,,Ultimate Baseball Training,,no,no,no,,,,none,youtube.com unreachable — connect_rejected: gateway answered 403 to CONNECT (policy denial or upstream failure),none,unverified,yes
33b3ec25-838e-4c7a-8eac-bf6da825be7e,f9d5d796-ce11-4964-bc70-a3ce5f8a607f,Steal Breaks — Reading the Pitcher & First Move,Baserunning,1,no,yes,JVwDSgbUfBM,https://www.youtube.com/watch?v=JVwDSgbUfBM,,Dominate The Diamond,,no,no,no,,,,none,youtube.com unreachable — connect_rejected: gateway answered 403 to CONNECT (policy denial or upstream failure),none,unverified,yes
3f6bb93c-df3c-4d8b-9a2d-4edbc9026518,fac499f5-7d4b-49b2-a924-55c97a96eeef,Sunflower Seed Soft Toss,Soft Toss,1,no,yes,I5KNd4H_b4Q,https://www.youtube.com/watch?v=I5KNd4H_b4Q,,Coach Pat Ahearne,,no,no,no,,,,none,youtube.com unreachable — connect_rejected: gateway answered 403 to CONNECT (policy denial or upstream failure),none,unverified,yes
68350b90-79fa-43ab-96dd-f5ad838ecf9b,adf1d78d-fbe5-417c-a2d0-5860e555b356,The Best Youth Infield Drill,Fielding (Infield),1,no,yes,acYqNE9jRXI,https://www.youtube.com/shorts/acYqNE9jRXI,,icoachbaseball,,no,no,no,,,,none,youtube.com unreachable — connect_rejected: gateway answered 403 to CONNECT (policy denial or upstream failure),none,unverified,yes
7a0ecc1f-fa7b-4036-b26a-fac871f4fc4a,feb4908a-bcde-4744-9a56-010c49b01072,The Catch Drill — Track & Read Pitches,Hitting,1,no,yes,0Phvj-iyLcc,https://www.youtube.com/watch?v=0Phvj-iyLcc,,Coach Dan Blewett,,no,no,no,,,,none,youtube.com unreachable — connect_rejected: gateway answered 403 to CONNECT (policy denial or upstream failure),none,unverified,yes
ce4e9ea5-a5b7-4c94-8943-58940bfc0cf6,6517d249-a27d-41af-a86e-72bb8187c28b,The Cone Drill,Fielding (Infield),1,no,yes,Uj5lw17XvuI,https://www.youtube.com/watch?v=Uj5lw17XvuI,,Duke Baxter,,no,no,no,,,,none,youtube.com unreachable — connect_rejected: gateway answered 403 to CONNECT (policy denial or upstream failure),none,unverified,yes
5a4caf89-749e-4650-9fc4-d076046373e8,4c68b693-a617-4827-a732-653c2a64a27d,The Flamingo Drill,Fielding (Infield),1,no,yes,moFsNt7cOig,https://www.youtube.com/shorts/moFsNt7cOig,,icoachbaseball,,no,no,no,,,,none,youtube.com unreachable — connect_rejected: gateway answered 403 to CONNECT (policy denial or upstream failure),none,unverified,yes
4a3ccd96-5247-48fe-912d-79f508ca15a3,192913af-c080-4361-b20e-f88f29db530f,The Hands Routine — Infield Fielding Drill,Fielding (Infield),1,no,yes,SHA1orN7eHE,https://www.youtube.com/watch?v=SHA1orN7eHE,,Antonelli Baseball,,no,no,no,,,,none,youtube.com unreachable — connect_rejected: gateway answered 403 to CONNECT (policy denial or upstream failure),none,unverified,yes
c3381398-8e07-4bbc-a7c3-e1a4b5334f35,25b42f9f-7769-47ac-ad0e-f9140091660e,The Lawnmower Drill — Arm Action & Wrist Snap,Pitching,1,no,yes,9EAbFFMBBGE,https://www.youtube.com/watch?v=9EAbFFMBBGE,,Dan Blewett,,no,no,no,,,,none,youtube.com unreachable — connect_rejected: gateway answered 403 to CONNECT (policy denial or upstream failure),none,unverified,yes
bf4e8b1a-38d8-445a-b6bb-6823f9fed2d5,aeae3e6a-487e-4f74-874d-edfeb83d3446,The Move-'Em At-Bat — Advancing Runners,Hitting,1,no,yes,_yEr3pFHQUA,https://www.youtube.com/watch?v=_yEr3pFHQUA,,Catalyst Sports,,no,no,no,,,,none,youtube.com unreachable — connect_rejected: gateway answered 403 to CONNECT (policy denial or upstream failure),none,unverified,yes
79430015-082c-4bb5-8324-00acb91413a2,2d15c6de-d4a9-414a-9755-533140dd68b0,Three-Ball Slow Roller Drill,Fielding (Infield),1,no,yes,Elzjz_qhLM4,https://www.youtube.com/watch?v=Elzjz_qhLM4,,Championship Productions,,no,no,no,,,,none,youtube.com unreachable — connect_rejected: gateway answered 403 to CONNECT (policy denial or upstream failure),none,unverified,yes
c76094d7-99dd-4898-8068-09d29de98f56,1f64a6c2-11bd-40d4-a45d-ae028f83db91,Two Balls Toss Drill,Soft Toss,1,no,yes,pOu6Rfnf8og,https://www.youtube.com/watch?v=pOu6Rfnf8og,,Baseball Canada,,no,no,no,,,,none,youtube.com unreachable — connect_rejected: gateway answered 403 to CONNECT (policy denial or upstream failure),none,unverified,yes
6e49f506-a2f9-4e4b-adac-bfd85d8cc78e,dac833d7-c4f6-42ce-8409-ea83dd77fa65,Two-Base Pickle Drill,Team Defense,1,no,yes,OEYEvKRh2eQ,https://www.youtube.com/watch?v=OEYEvKRh2eQ,,GoDog Sports,,no,no,no,,,,none,youtube.com unreachable — connect_rejected: gateway answered 403 to CONNECT (policy denial or upstream failure),none,unverified,yes
e62ed54a-72d2-49b9-86af-347224f13377,6f1ef230-3f1a-4bcd-a969-87be5cdc65ed,Youth Infield Drill (Practice Anywhere),Fielding (Infield),1,no,yes,zp0hdAmWwZw,https://www.youtube.com/shorts/zp0hdAmWwZw,,icoachbaseball,,no,no,no,,,,none,youtube.com unreachable — connect_rejected: gateway answered 403 to CONNECT (policy denial or upstream failure),none,unverified,yes
4b3e4600-dfed-43ce-85d9-fb798eb94780,ce379eeb-fa92-47f0-b41f-dd3831ebc5bc,Youth J-Band Routine — Pre-Throwing Activation,Arm Care,1,no,yes,yrgUzW0UK40,https://www.youtube.com/watch?v=yrgUzW0UK40,,ARM Pitching Development,,no,no,no,,,,none,youtube.com unreachable — connect_rejected: gateway answered 403 to CONNECT (policy denial or upstream failure),none,unverified,yes
fe1c2357-d136-4857-9b61-bffede5e8ae4,e7bd95b6-d491-49e2-a383-7fc381e7b0ce,Youth Receiving Foundations — Quiet Glove & Soft Hands,Catching,1,no,yes,JDRg2nvAwqU,https://www.youtube.com/watch?v=JDRg2nvAwqU,,Catching Made Simple (Coach Bougie),,no,no,no,,,,none,youtube.com unreachable — connect_rejected: gateway answered 403 to CONNECT (policy denial or upstream failure),none,unverified,yes
df229907-730b-482e-bc9b-cf0af548db21,8f9473e4-ff47-41cd-96b1-756aa76a3379,2 Outfield Drills for Fly Balls,Fielding (Fly Balls),1,no,no,sDhB2fAoQsA,https://www.youtube.com/watch?v=sDhB2fAoQsA,,MegRem Softball (applicable to baseball),,no,no,no,,,,none,youtube.com unreachable — connect_rejected: gateway answered 403 to CONNECT (policy denial or upstream failure),none,unverified,yes
75acc184-f354-4c23-92fd-2ce45cedf572,79c17c8e-3331-4930-a729-a0d18196cf73,3 Great Drills for Teaching Fly Balls,Fielding (Fly Balls),1,no,no,Lnfgd_ld_CM,https://www.youtube.com/watch?v=Lnfgd_ld_CM,,Dominate The Diamond,,no,no,no,,,,none,youtube.com unreachable — connect_rejected: gateway answered 403 to CONNECT (policy denial or upstream failure),none,unverified,yes
07822e26-beac-466d-b887-8330728e874d,f0c8b459-6bb1-499b-8fae-3969e7917846,3 Simple Fielding Drills for Youth Players,Fielding (Infield),1,no,no,EZtJ9JNPE2k,https://www.youtube.com/watch?v=EZtJ9JNPE2k,,Ultimate Baseball Training,,no,no,no,,,,none,youtube.com unreachable — connect_rejected: gateway answered 403 to CONNECT (policy denial or upstream failure),none,unverified,yes
46c4eb6f-0485-485b-beb3-e2053e543799,fe58cb41-277b-4757-bd46-dc78206d4d45,3 Simple Framing Drills for Catchers,Catching,1,no,no,Kwo1k2i-tSE,https://www.youtube.com/watch?v=Kwo1k2i-tSE,,YouGoProBaseball,,no,no,no,,,,none,youtube.com unreachable — connect_rejected: gateway answered 403 to CONNECT (policy denial or upstream failure),none,unverified,yes
c8c4d7ac-62ca-45d9-a9d6-4254f9614ea5,64c760e9-fb4d-449a-ba23-81dd057e0b11,4 High-Energy Infield Drills,Fielding (Infield),1,no,no,U9Gr4OnGJQA,https://www.youtube.com/watch?v=U9Gr4OnGJQA,,Dominate the Diamond,,no,no,no,,,,none,youtube.com unreachable — connect_rejected: gateway answered 403 to CONNECT (policy denial or upstream failure),none,unverified,yes
f63850c6-a71b-4e94-94fc-993774afdd12,0339e559-16cd-4912-94f6-a895ab8dc119,5 Essential Hitting Drills for Youth Baseball,Hitting,1,no,no,3NqJh3hfYZc,https://www.youtube.com/watch?v=3NqJh3hfYZc,,Jermaine Curtis (Pros Cave),,no,no,no,,,,none,youtube.com unreachable — connect_rejected: gateway answered 403 to CONNECT (policy denial or upstream failure),none,unverified,yes
3a52114e-2c66-4eeb-8787-b03fc4c14222,1176adaf-60f6-4dc1-a596-f30773a9c5be,5 Youth Pitching Drills From Your Knees,Pitching,1,no,no,Sx15PJz027o,https://www.youtube.com/watch?v=Sx15PJz027o,,Antonelli Baseball,,no,no,no,,,,none,youtube.com unreachable — connect_rejected: gateway answered 403 to CONNECT (policy denial or upstream failure),none,unverified,yes
99b95663-51a1-4558-a0ad-82cba5ac2cfa,bca3c9cb-536d-4066-b9d5-5d960f4eb9a7,5-Point Baserunning Checklist Drill,Baserunning,1,no,no,k9ihDpMSAdM,https://www.youtube.com/watch?v=k9ihDpMSAdM,,Ultimate Baseball Training,,no,no,no,,,,none,youtube.com unreachable — connect_rejected: gateway answered 403 to CONNECT (policy denial or upstream failure),none,unverified,yes
3b575a1a-487d-4543-be92-90db8bf11c09,01316f5d-8ea2-451f-a243-5e5edbd47d74,Catcher Footwork Skills and Drills,Catching,1,no,no,y4Ep5hji9TI,https://www.youtube.com/watch?v=y4Ep5hji9TI,,Ultimate Baseball Training,,no,no,no,,,,none,youtube.com unreachable — connect_rejected: gateway answered 403 to CONNECT (policy denial or upstream failure),none,unverified,yes
c7f1c80b-c900-479a-b34a-ba3698502e40,41594e0a-9e09-44f9-96f5-5b4ef955afab,Catching For Beginners (Jingle),Catching,1,no,no,XySDLIYnuyw,https://www.youtube.com/shorts/XySDLIYnuyw,,Coach Ballgame,,no,no,no,,,,none,youtube.com unreachable — connect_rejected: gateway answered 403 to CONNECT (policy denial or upstream failure),none,unverified,yes
edb690de-2d14-4127-8bf8-3f6b22dcd803,023d2682-3b38-4917-9ae2-6346e30c9abf,Changeup Grip Menu — Match the Grip to the Hand,Pitching,1,no,no,Ji0QzOJe3hE,https://www.youtube.com/watch?v=Ji0QzOJe3hE,,ARM Pitching Development,,no,no,no,,,,none,youtube.com unreachable — connect_rejected: gateway answered 403 to CONNECT (policy denial or upstream failure),none,unverified,yes
f531d942-b685-450a-8b51-63caf11fb191,97efe128-5367-4ad5-959e-9c32f3b565e3,Essential Outfield Drills — Fly Balls and Ground Balls,Fielding (Fly Balls),1,no,no,WUIM8NqNETg,https://www.youtube.com/watch?v=WUIM8NqNETg,,Ultimate Baseball Training,,no,no,no,,,,none,youtube.com unreachable — connect_rejected: gateway answered 403 to CONNECT (policy denial or upstream failure),none,unverified,yes
cd5f51a8-c15b-4a57-806d-8b219b5f93b6,b2de2724-cd95-417e-ad7a-d6df5e55b34d,Fastest Technique Running Out of the Box,Baserunning,1,no,no,tduq0roBxl0,https://www.youtube.com/watch?v=tduq0roBxl0,,Coach Lou Colon,,no,no,no,,,,none,youtube.com unreachable — connect_rejected: gateway answered 403 to CONNECT (policy denial or upstream failure),none,unverified,yes
176c8392-d1df-45ca-a7b7-9b486477752c,874e0c3a-14d6-4edd-beed-e943c1373d6d,High Tee Drill,Hitting,1,no,no,iKX-qxQ1X5g,https://www.youtube.com/watch?v=iKX-qxQ1X5g,,Dominate The Diamond,,no,no,no,,,,none,youtube.com unreachable — connect_rejected: gateway answered 403 to CONNECT (policy denial or upstream failure),none,unverified,yes
d26ecce0-e6cc-4c0f-954b-5a8c8cb84397,32b31e2c-78f6-47a2-a166-7ce9a3053969,Hitting Tips for Tee Ball (4-5 Year Olds),Hitting,1,no,no,k8Lzh6YJLUE,https://www.youtube.com/watch?v=k8Lzh6YJLUE,,That805Life,,no,no,no,,,,none,youtube.com unreachable — connect_rejected: gateway answered 403 to CONNECT (policy denial or upstream failure),none,unverified,yes
22915c6c-903a-49a2-b9e4-e8d1d99ebf98,6103f317-ff80-4422-a86a-e83d9e15d80b,How to Bunt - Youth Skills,Bunting,1,no,no,jw2edYj5Pk4,https://www.youtube.com/watch?v=jw2edYj5Pk4,,Dominate The Diamond,,no,no,no,,,,none,youtube.com unreachable — connect_rejected: gateway answered 403 to CONNECT (policy denial or upstream failure),none,unverified,yes
ae9b2bf6-fc02-4330-ad3b-1bb419aba10d,a50b19b7-e1ef-48fb-81b0-7cff9a96a0a0,How to Bunt Like a PRO,Bunting,1,no,no,jQ155czytTU,https://www.youtube.com/watch?v=jQ155czytTU,,Dominate The Diamond,,no,no,no,,,,none,youtube.com unreachable — connect_rejected: gateway answered 403 to CONNECT (policy denial or upstream failure),none,unverified,yes
3b484b19-788e-480e-b31a-3ad14919a6ae,6594d761-ce0b-4f2b-b72f-1f19fdb6574c,How to Catch a Fly Ball With Confidence,Fielding (Fly Balls),1,no,no,e_8zNKXz_FQ,https://www.youtube.com/watch?v=e_8zNKXz_FQ,,Various,,no,no,no,,,,none,youtube.com unreachable — connect_rejected: gateway answered 403 to CONNECT (policy denial or upstream failure),none,unverified,yes
1131d62b-da31-4a72-8c7b-d22555b50e50,5c529012-7999-489d-90cb-4ccbeab94846,How to Get a T-Baller to Catch a Ball,Catching,1,no,no,5Tq5EwiESHA,https://www.youtube.com/shorts/5Tq5EwiESHA,,Coach Ballgame,,no,no,no,,,,none,youtube.com unreachable — connect_rejected: gateway answered 403 to CONNECT (policy denial or upstream failure),none,unverified,yes
d9c767cf-13f8-40d0-85a1-375acef23427,5357926b-8cb2-4ca4-86e7-ee389f6793d5,How to Run the Bases — Pro Tips,Baserunning,1,no,no,bWt9YWZiJps,https://www.youtube.com/watch?v=bWt9YWZiJps,,YouGoProBaseball,,no,no,no,,,,none,youtube.com unreachable — connect_rejected: gateway answered 403 to CONNECT (policy denial or upstream failure),none,unverified,yes
6ee050f1-ca0f-42bd-be26-4b317971b0b3,731d15d2-5e07-4a45-abb4-96163738905e,How to Soft Toss,Soft Toss,1,no,no,rV3EQ5tHcNE,https://www.youtube.com/watch?v=rV3EQ5tHcNE,,Dominate The Diamond,,no,no,no,,,,none,youtube.com unreachable — connect_rejected: gateway answered 403 to CONNECT (policy denial or upstream failure),none,unverified,yes
934aae78-2514-4d49-896a-e3964f224ee7,fd2b2033-22ec-48f1-96c9-646bb2a1a6f3,In-Swing Off-Speed Adjustment,Hitting,1,no,no,oCq8NblqfQE,https://www.youtube.com/watch?v=oCq8NblqfQE,,Dominate The Diamond,,no,no,no,,,,none,youtube.com unreachable — connect_rejected: gateway answered 403 to CONNECT (policy denial or upstream failure),none,unverified,yes
a9bd388f-4ca3-4c17-9b91-5289760090b5,6955e8e1-756d-4f11-a1ca-0675527ebc9e,Indoor Team Pitching Drills,Pitching,1,no,no,TPIs68iqZVA,https://www.youtube.com/watch?v=TPIs68iqZVA,,Dominate The Diamond,,no,no,no,,,,none,youtube.com unreachable — connect_rejected: gateway answered 403 to CONNECT (policy denial or upstream failure),none,unverified,yes
396589e5-7850-4aec-872b-62f64a3e57f0,84ce5709-6afa-44ad-8a73-2e7c8320dd99,Opposite-Field Teaching Progression,Hitting,1,no,no,pn3xtpCc8uM,https://www.youtube.com/watch?v=pn3xtpCc8uM,,Dominate The Diamond,,no,no,no,,,,none,youtube.com unreachable — connect_rejected: gateway answered 403 to CONNECT (policy denial or upstream failure),none,unverified,yes
b34dc7b8-2b39-4112-848e-0695a0eb1d65,9611311a-34f7-444d-a98c-44b689a181b6,Rotational Efficiency Drills,Pitching,1,no,no,RXvrHLb0OII,https://www.youtube.com/watch?v=RXvrHLb0OII,,Various,,no,no,no,,,,none,youtube.com unreachable — connect_rejected: gateway answered 403 to CONNECT (policy denial or upstream failure),none,unverified,yes
e0ab4502-eaae-4114-879d-860f8bb6d5d4,a9b479c8-a255-4886-b35f-02986820de03,Skills and Drills for Baserunning,Baserunning,1,no,no,k7OgmDDosck,https://www.youtube.com/watch?v=k7OgmDDosck,,Schupak Sports,,no,no,no,,,,none,youtube.com unreachable — connect_rejected: gateway answered 403 to CONNECT (policy denial or upstream failure),none,unverified,yes
4ae8f02a-4ca6-448f-9820-5fec439bed65,9d2b4035-6c2c-4ae2-891c-c617aee30d22,"Teaching the Changeup — Fastball Arm, Slower Ball",Pitching,1,no,no,9CzbPIQfXmM,https://www.youtube.com/watch?v=9CzbPIQfXmM,,Coach Dan Blewett,,no,no,no,,,,none,youtube.com unreachable — connect_rejected: gateway answered 403 to CONNECT (policy denial or upstream failure),none,unverified,yes
b1df0bec-afa5-41a0-97c0-bba608e257e8,270f1772-259d-4a05-8376-6b993d20137b,Three Drill Progression,Fielding (Infield),1,no,no,Ey7Yr_zDgSI,https://www.youtube.com/watch?v=Ey7Yr_zDgSI,,Coach Steinman,,no,no,no,,,,none,youtube.com unreachable — connect_rejected: gateway answered 403 to CONNECT (policy denial or upstream failure),none,unverified,yes
f3df50d7-9e5e-4546-bd7f-85925bd27bba,a1914ed5-c1e1-4123-ad4c-66685131199b,Top 5 Blocking Drills for Catchers,Catching,1,no,no,Tjzv5anKEe0,https://www.youtube.com/watch?v=Tjzv5anKEe0,,Catching Made Simple,,no,no,no,,,,none,youtube.com unreachable — connect_rejected: gateway answered 403 to CONNECT (policy denial or upstream failure),none,unverified,yes
4499e6ae-1230-4bbb-a873-ef0220cbb0b5,1be09ab8-a1a3-45ca-945b-b7b26585c379,Top 5 Catching Drills for 8U,Catching,1,no,no,3QfepqKCWFo,https://www.youtube.com/watch?v=3QfepqKCWFo,,Coach Bougie,,no,no,no,,,,none,youtube.com unreachable — connect_rejected: gateway answered 403 to CONNECT (policy denial or upstream failure),none,unverified,yes
f6557497-c0b6-4df8-9856-7dd313672ad6,3ac709ad-ed24-436f-ae50-31c43c4261a7,Traditional Changeup — Grip & First Throws,Pitching,1,no,no,RJRjtqWjNnQ,https://www.youtube.com/watch?v=RJRjtqWjNnQ,,ARM Pitching Development,,no,no,no,,,,none,youtube.com unreachable — connect_rejected: gateway answered 403 to CONNECT (policy denial or upstream failure),none,unverified,yes
ec3d1d8f-3489-4ba2-a09f-79b370fd036f,e709ba50-5004-4e9c-a2b6-3abffa809e78,Youth Baseball Catching Drills,Catching,1,no,no,AeJ3RvgTgvM,https://www.youtube.com/watch?v=AeJ3RvgTgvM,,Antonelli Baseball,,no,no,no,,,,none,youtube.com unreachable — connect_rejected: gateway answered 403 to CONNECT (policy denial or upstream failure),none,unverified,yes
