video_id,status,http_code,title,channel,notes
0Phvj-iyLcc,OK,200,"The ""Catch Drill"" - For Youth Hitters  #baseballcoaching  #baseballdrills","Coach Dan Blewett",
3NqJh3hfYZc,REMOVED,404,"","","oEmbed 404; watch-page confirmation failed (429 rate limit) - likely deleted/private"
3QfepqKCWFo,OK,200,"Coach Bougie's Top 5 Catching Drills for 8U Catchers","Catching Made Simple (Coach Bougie)",
3Xqb7j2BYTU,REMOVED,404,"","","oEmbed 404; watch-page check blocked by rate limit (429) - likely deleted/private"
4NOo7JSK6eA,OK,200,"Youth Pitching Mechanics: A Guide For Parents & Coaches","Coach Dan Blewett",
5GY4nLILbi4,OK,200,"Baseball Arm Stretches and Throwing Warm Up","Ultimate Baseball Training",
5Tq5EwiESHA,OK,200,"How to: Get a T-Baller to catch a ball","Coach Ballgame",
5hYYRufn40s,OK,200,"Base Running Circuit | Coach's Clinic","ZONEDSportsAcademy",
5q3b9m2ERho,OK,200,"Youth Practice Plan Series | Ready Position and Infield/Outfield Communication Drill","American Baseball Coaches Association (ABCA)",
6QIt-cYXL4s,OK,200,"Second Baseman Flip/Throw Combo Drill with Duke Baxter","Dominate The Diamond",
77r6mWAUecA,OK,200,"THROWING PROGRESSION FOR YOUTH PLAYERS","Dominate The Diamond","Title is a throwing progression; drill name 'Knee Drill (Rotational Load)' may fit as a throwing step but not a hitting load drill - verify"
7CbADt5veC0,OK,200,"The Flyball Communication Drill","Dominate The Diamond",
8_6Ea45fL5s,OK,200,"How To ""Stay Back"" In Your Baseball Swing","Ultimate Baseball Training",
8t_2jHXCdaI,OK,200,"💢 Load to Launch - It's a MUST🤘 💢","Hitting Done Right - HDR",
95B1kSchurQ,OK,200,"First Base Footwork Drills - Fundamentals of Playing First Base (Part 1)","Ultimate Baseball Training",
98cZlSjRkw8,OK,200,"Infield throwing drill for youth baseball players","icoachbaseball",
9CzbPIQfXmM,OK,200,"Teaching a Changeup to Youth Pitchers","Coach Dan Blewett",
9EAbFFMBBGE,REMOVED,404,"","","oEmbed 404; watch-page check blocked by rate limit (429) - likely deleted/private"
9XkdpzNrswo,OK,200,"One-Arm Drill","Ripken Baseball","Generic title 'One-Arm Drill' - may be a throwing drill rather than one-hand tee (bottom hand) hitting drill - verify"
AeJ3RvgTgvM,OK,200,"Youth Baseball Catching Drills [Learn To Catch Properly]","Antonelli Baseball",
CfnTD3DyEM0,OK,200,"Don't Dump the Barrel🤘| Hitting Done Right -- Youth Baseball Swing Drills","Hitting Done Right - HDR",
EZtJ9JNPE2k,OK,200,"3 SIMPLE Baseball Fielding Drills For Youth Players","Ultimate Baseball Training",
Elzjz_qhLM4,OK,200,"""Three Ball Slow Roller"" Baseball Drill for Infielders!","Championship Productions",
EunHAooYktE,OK,200,"8 Baseball Pitchers Post Throwing ARM Care & Recovery Exercises","ARM Pitching Developmet","Channel name spelled 'Developmet' as returned"
Ey7Yr_zDgSI,OK,200,"This Is A Great Three Drill Progression To Work On Fielding!","Valle",
F0MwVYtimb8,OK,200,"Double Play Infield Tips and Drills","Antonelli Baseball",
Hk9-ofX19Ig,OK,200,"How to Add Base Running INTO PRACTICE (Youth Players)","Dominate The Diamond","MISMATCH: title is about base running, drill name is 'How to Throw the RIGHT WAY'"
I5KNd4H_b4Q,OK,200,"Sunflower Seed Soft Toss Drill","TeamSnap",
IEk4QipiFTY,OK,200,"5 Backhand Infield Drills That Will Quickly Elevate Your Infield Game! (Do These Everyday!)","YouGoProBaseball",
ImeXGqKYP7Y,OK,200,"9 Best Baseball Pitching Drills for Kids | Fun Youth Baseball Drills from the MOJO App","yougotmojo",
JBGAGVgHLq0,OK,200,"Baseball Dynamic Warm Up | Baseball Arm Stretches","Kbands Training",
JDRg2nvAwqU,OK,200,"Every youth catcher should do these receiving drills","Catching Made Simple (Coach Bougie)",
JVwDSgbUfBM,OK,200,"Coach your players on how to do steal breaks - what to look for, when to steal and how to do it","Dominate The Diamond",
Ji0QzOJe3hE,OK,200,"Chang Up Grips For Baseball Pitchers 9 - 19","ARM Pitching Developmet",
Kwo1k2i-tSE,OK,200,"3 SIMPLE FRAMING DRILLS FOR CATCHERS...that even MLB catchers do! [Baseball Catching Drills]","YouGoProBaseball",
Lnfgd_ld_CM,OK,200,"3 great drills for teaching kids how to catch fly balls | Youth baseball fielding drills","Dominate The Diamond",
LtzwCrthlTY,OK,200,"Youth Baseball Essentials: Simple Throwing Progressions","Dominate The Diamond",
MNouzjZQ4wo,OK,200,"Baseball Dynamic Stretches - Advice from a New York City Physical Therapist","Spear Physical Therapy",
McHb2hXrTrE,OK,200,"Must Do Youth Baseball Pitching Drills For Beginner Pitchers","ARM Pitching Developmet",general pitching drills video; title does not name follow-through specifically
NEfaNRgWJdU,OK,200,"Effective Hitting Techniques & Drills for Youth Baseball Coaches","Dominate The Diamond",generic hitting video; title does not mention freeze-at-extension - verify content
O7FHkj4EUpY,OK,200,"Soft Toss From the Side","Ripken Baseball",
OAbBekHAk_g,OK,200,"Baseball Rundown | Tips and Drills","Antonelli Baseball",
OEYEvKRh2eQ,OK,200,"Rundown Pickle | Baseball Drill","GoDog Sports",
OhWNIpPlcgA,OK,200,"Baseball Hitting Drill | Hitting to the Opposite Field (Pro Speed Baseball)","Pro Speed Baseball",
Oz1oGdb0n-8,OK,200,"Bat Speed Drills - Overload/Underload Progression Ideas and Training Bats 💪 Youth Baseball","Hitting Done Right - HDR",
QR2QWQTHp-s,OK,200,"First Base Footwork Drills - Fundamentals of First Base Series by IMG Academy Baseball (2 of 4)","IMG Academy",title is footwork-focused; drill name mentions picks/short hops - may be partial match
R1sbhgRzneQ,OK,200,"Youth Baseball 1st Base Footwork and Drills","Antonelli Baseball",
RJRjtqWjNnQ,OK,200,"Youth Baseball Pitching | How To Hold and Throw A Traditional Change Up","ARM Pitching Developmet",
RXvrHLb0OII,OK,200,"IMPROVE Your Rotational Efficiency NOW - 2 Pitching Drills","Overhead Athletics",
Rlfpp7_DBmQ,OK,200,"Infield Drill for Your Baseball Team","icoachbaseball",generic infield title; does not mention cross-shuffle - verify content
RmlsQPV4OGs,OK,200,"Catcher Footwork | Throwing To Second (Pro Speed Baseball)","Pro Speed Baseball",
SHA1orN7eHE,OK,200,"MLB INFIELD DRILLS (""Hands Routine"" by Matt Antonelli)","YouGoProBaseball",
SR8atnQMvg4,OK,200,"Team Bunting Drill - Winning Baseball","Coach Trent Mongero",
SXfbP6x3iXI,OK,200,"4 Tips To Steal More Bases With This Type of Lead [The Secondary Lead and The Delayed Steal]","YouGoProBaseball",
Sx-nSeUhACM,OK,200,"💢Baby Steps - Hip Load 💢 | Hitting Done Right - Youth Baseball Swing Tips","Hitting Done Right - HDR",
Sx15PJz027o,OK,200,"5 Youth Baseball Pitching Drills | You Can Do From Your Knees","ARM Pitching Developmet",
TJXQiYdueQc,OK,200,"Cutoffs and Relay Drills with Vanderbilt Baseball coach Tim Corbin and ATEC machines","ATEC Sports",
TPIs68iqZVA,OK,200,"Indoor Baseball Team Pitching Drills","Dominate The Diamond",
TZ9CQUmPjn8,OK,200,"Ripken Baseball Hitting Tip - Soft Toss","Ripken Baseball",
Tjzv5anKEe0,OK,200,"Top 5 Blocking Drills for Catchers (Don't miss #4!!)","Catching Made Simple (Coach Bougie)",
U9Gr4OnGJQA,OK,200,"4 High-Energy Infield Drills for Your Next Baseball Practice","Dominate The Diamond",
UeJpXF55kvs,OK,200,"THE 7 BEST YOUTH BASEBALL HITTING DRILLS!","YouGoProBaseball",multi-drill hitting video; stance drill presumably one segment
Uj5lw17XvuI,OK,200,"THE TOP 4 INFIELD DRILLS (Implement These Into Your Next Practice & Watch Your Infielders Dominate!)","YouGoProBaseball",title is general infield drills compilation; cone drill presumably one segment
WQ9ggLQJ96M,OK,200,"Baseball Pitching Throwing Warm-Up Drills & Routine (ALL AGES) - No Partner Required","ARM Pitching Developmet",
WUIM8NqNETg,OK,200,"How To: Baseball Outfield Drills You MUST Be Doing!","Ultimate Baseball Training",
XySDLIYnuyw,OK,200,"Catching For Beginners","Coach Ballgame",
YLocEKnieBA,OK,200,"Bunting Drill with Lacrosse Stick","Dominate The Diamond",
YRAjMC5F4sg,OK,200,"10 Best Baseball Throwing Drills for Kids | Fun Youth Baseball Drills From the MOJO App","yougotmojo",
YipF1W7BDJM,OK,200,"Baseball Softball Cut Off and Relay Drill","PowerNet",
Yle6R1-flA8,OK,200,"Little League Cuts and Relays | DONE RIGHT!","Dominate The Diamond",
Z1erh6UVR_w,OK,200,"CATCHER RECEIVING DRILLS: 5 MLB Catching Drills for framing and receiving [Use With Any Age Player!]","YouGoProBaseball",
ZMuVnmUY2CI,OK,200,"3 GREAT Baseball Outfield Drills for Youth Players","Ultimate Baseball Training",multi-drill outfield video; crow hop presumably one segment
_yEr3pFHQUA,OK,200,"Baseball Situational Hitting - The Move 'em, with examples from the CWS","Catalyst Sports",
acYqNE9jRXI,OK,200,"The Best Youth Baseball Infield Drill? 👀","icoachbaseball",
bWt9YWZiJps,OK,200,"How To Run The Bases (Baseball Tips from the Pros)","YouGoProBaseball",
cV8Ivq0XcJA,OK,200,"Stop The Chaos! Mastering Rundowns in Youth Baseball","Dominate The Diamond",
cltDRzlLm44,OK,200,"A Fun Baseball Throwing Drill","ZONEDSportsAcademy",
eQCF2jZiU5M,OK,200,"Catcher Blocking Tips & Drills (The RIGHT WAY To Block A Baseball) - Catching Drills for Blocking!","YouGoProBaseball",
e_8zNKXz_FQ,OK,200,"How to Catch A Fly Ball With Confidence (and what NOT to do!)","Dominate The Diamond",
e_q6AWdgabQ,OK,200,"sliding drills","ZONEDSportsAcademy",
fSTmvPm_77I,OK,200,"Practice Fielding Ground Balls With Four Cones | Little League","Little League",
gOE484Meo_o,OK,200,"10 Best Baseball Hitting Drills for Kids | Fun Youth Baseball Drills from the MOJO App","yougotmojo",
hMdoQ94UxCE,OK,200,"The Figure Eight Infield Drill with TWO Variations","Valle",
h_mEnVPL6Qg,OK,200,"The Proper Sliding Technique in Baseball (The Right Way To Slide!) #baseball #youthbaseball","BSBL BLVD",
hdyY3AoSkyk,OK,200,"Simple Base Running Drills for Your Youth Baseball Practice","Dominate The Diamond",
iKX-qxQ1X5g,OK,200,"High Ball Tee Drill","Dominate The Diamond",
iUdI35veg5E,OK,200,"The Do or Die Drill for Outfielders","PowerNet",
iZK-Rtp1bv4,OK,200,"How to Steal Bases Like a Pro","Dominate The Diamond",
jQ155czytTU,OK,200,"How to Teach Your Players to Bunt Like a PRO","Dominate The Diamond",
jw2edYj5Pk4,OK,200,"How to Bunt a Baseball // Youth Baseball Skills with Coach Hart","Building Better Baseball",
k7OgmDDosck,OK,200,"Skills and Drills for Baserunning","Championship Productions",
k8Lzh6YJLUE,REMOVED,404,"","","oEmbed returned 404; follow-up watch-page fetch was rate limited (HTTP 429) so removed vs private could not be confirmed"
k9ihDpMSAdM,OK,200,"Do These 5 Things Every Time You Get On Base! | Baserunning Checklist","Ultimate Baseball Training",
kOz3WRPiXr8,OK,200,"Youth Baseball Fielding Drill Young Players Will Love!","Antonelli Baseball",
m74alEFc8FE,OK,200,"💢 Back Knee Down - Stay Centered 💢 | Hitting Done Right - Youth Baseball Hitting Drills","Hitting Done Right - HDR",
moFsNt7cOig,OK,200,"The Flamingo Drill, Best for Learning Infield (EASY)","icoachbaseball",
n8OCrOmbTBU,OK,200,"The Best Catcher Blocking Drill | Catching Drills","Catching IQ",
oCq8NblqfQE,OK,200,"CORRECT OFF SPEED ADJUSTMENT by Doing This","Dominate The Diamond",
p7B12g_o4pQ,OK,200,"🧠 PVC Posture Drill 🧠 (Posture and Tilt) | Hitting Done Right - Youth Baseball Swing Drills","Hitting Done Right - HDR",
pIx9tM4NKrU,OK,200,"The best bunting drill","Baseball By The Yard",
pOu6Rfnf8og,OK,200,"Instructional Videos - Season 4 - HITTING - TWO BALLS TOSS DRILL","Baseball Canada",
pPx0lH8Kd3Y,OK,200,"EASY Baseball Catch Drill for Youth Baseball Players","Bay Island Baseball",
pn3xtpCc8uM,OK,200,"Top 5 Ways to Teaching Hitting to the Opposite Field","Dominate The Diamond",
q7CPS0RYDPM,OK,200,"How to HIT A BASEBALL (Step-By-Step!)","Ultimate Baseball Training","Title is a general hitting step-by-step, not specifically a tee drill (drill name lists +7 more drills, so likely a multi-drill video)"
qvwkdxepqTk,OK,200,"Ripken Baseball Fielding Tip - Outfield Drop Step","Ripken Baseball",
rV3EQ5tHcNE,OK,200,"How to Soft Toss | YOUTH BASEBALL AND SOFTBALL","Dominate The Diamond",
sDhB2fAoQsA,OK,200,"2 Outfield Drills To Work On Catching Fly Balls For Youth Players","MegRem Softball","Softball channel; drills still apply to fly balls"
slqo583qoAg,OK,200,"9 Baseball J-Band Arm Care Exercises | Throw Harder And Avoid Injury","Northern Baseball Training",
tduq0roBxl0,OK,200,"Coach Lou Colon teaches fastest technique running out of the box","ZONEDSportsAcademy",
wIU9NdCBBkE,OK,200,"Basic Cutoffs and Relays in Baseball","ELITE YOUTH BASEBALL",
wMZkEfiFBxc,OK,200,"Baseball Tips: How To Pop-Up Slide","CoachUp",
x5oEDLlVpqo,OK,200,"Baseball Fielding Drills: Practicing Outfield Communication","DICK'S",
y4Ep5hji9TI,OK,200,"Baseball Catching Skills & Drills for Youth Players (FOOTWORK!)","Ultimate Baseball Training",
yJxiRn88Ms0,OK,200,"5 Catcher Receiving Drills - The ""New School"" Catching Techniques for Receiving with One Knee Down!","YouGoProBaseball",
yaPtL61nSzU,OK,200,"The 8 Baseball Warm Up Exercises That You MUST DO Before A Game!","Ultimate Baseball Training",
yiG7Lm-Vv28,OK,200,"Fly Ball Baseball Drill with Cones","Dominate The Diamond",
yrgUzW0UK40,OK,200,"Must Do Youth J-Band Exercises For Beginner Baseball Pitchers & Throwers","ARM Pitching Developmet","Channel name spelled Developmet as returned"
zp0hdAmWwZw,OK,200,"Youth Infield Drill (practice anywhere) 😲","icoachbaseball",
