drill_name,rank,video_id,title,channel,duration_seconds,start_seconds,oembed_code,match,why
"Knee Drill (Rotational Load)",1,UAXQx4Wv7zw,"One Knee Hitting Drill","Bobby Brown Baseball",,,200,CLOSE,"Titled as a one-knee hitting drill (oEmbed 200); watch page rate-limited so content, back-knee setup and youth suitability not seen - verify before use."
"Knee Drill (Rotational Load)",2,UGX3e5vBQ0w,"One - Knee Drill | Hitting Drill","Coach Joey Miller",,,200,CLOSE,"Titled as a one-knee hitting drill (oEmbed 200); content not seen because watch pages returned 429 - verify before use."
"Shoulder Swings — Stay Short to the Ball",1,jGSbbHXX7NU,"Shoulder Swings - Baseball Hitting Drill","YouGoProBaseball",,,200,EXACT,"Same-named drill; YouGoProBaseball's drill page says it teaches young hitters who cast to keep the back elbow in the slot and stay short and quick to the ball."
"The Lawnmower Drill — Arm Action & Wrist Snap",1,,,,,,,NONE FOUND,"Only lawnmower drills found are Coach Dan Blewett's (jzKk08sCOGw pitching, sKWOL8rt5-Q softball, both oEmbed 200), but his write-ups say it trains pulling the shoulder blades back with core/hips, not a loose arm-only pull with wrist snap; ~6 searches found no other."
"Bounce Toss / Angled Toss Drill",1,"Zagf3jOCH8s","Bounce Toss Drill","HandSpeedTrainer",,,200,"CLOSE","Title names the drill and it surfaced for bounce-toss hitting searches, but the watch page was rate-limited so the exact setup (ground bounce at an angle) is not confirmed."
"Bounce Toss / Angled Toss Drill",2,"Mp_XEcA2dn4","The Best Hitting Drills for Your Baseball Practice","HittingwithBert",,,200,"CLOSE","Per DugoutEdge's drill page this video shows the Bucket Bounce drill (coach bounces the ball off a bucket in front of the plate, hitter waits for the apex and doesn't lunge); it is a multi-drill video and no start time was confirmed."
"Bucket Drill — Stay in Your Legs",1,"xRx1xE_byNc","Top 5 ways to Hit For More POWER in Baseball","Dominate The Diamond",,,200,"EXACT","Dominate The Diamond's companion blog says this video's bucket drill is: sit on a bucket to stay in your legs and keep posture, then stand up into the load and take a full swing; it covers 5 drills and no chapter timestamp was found."
"Catch and Crush Drill — Stay Closed",1,"XZZ80KnHuOU","Catch and Crush Hitting Drill","YouGoProBaseball",,,200,"EXACT","Single-drill video from YouGoProBaseball, whose own article describes Catch and Crush the same way the brief does (catch the ball, hold it over the tee, keep the upper body closed while the lower body opens to create torque)."
"Barry Larkin / Walk-Through Power Drill",1,"9BsRj3u5HQs","Walk Through Drill | Driveline Baseball","Driveline Baseball",,,200,"CLOSE","Driveline's walk-through tee drill (hitter walks into the swing to carry momentum forward); identified from title and Driveline's team-practice article that embeds it as its walk-through demo; not Larkin-branded, made for older hitters, and the content was not viewed directly."
"Barry Larkin / Walk-Through Power Drill",2,"d_Bw3KL2om4","Walk Through | Hitting Drills | Driveline Baseball","Driveline Baseball",,,200,"CLOSE","Second Driveline walk-through hitting drill clip, same momentum-into-swing concept; matched on title only, content not viewed directly."
"Frisbee Drill — Hip Rotation & Finish",1,"g72wLGj2kq4","The Frisbee Hitting Drill","YouGoProBaseball",,,200,"EXACT","Hitter throws a frisbee from the batting stance; the channel's own write-up says it teaches opening up at the right time and finishing energy toward the target."
"Frisbee Drill — Hip Rotation & Finish",2,"RmMttYBFJXw","The Baseball/Softball Frisbee Drill (to Prevent Rolling Over on the Ball)","Evan White",,,200,"CLOSE","Same frisbee throw from the stance, but framed around not rolling over (hand path and finish) rather than hip timing; content not viewed directly."
"Happy Gilmore / Walking Load Drill",1,"LpJg_9FK4rk","The Happy Gilmore Baseball Hitting Drill","YouGoProBaseball",,,200,"EXACT","Short demo of the Happy Gilmore drill (step behind, then drive forward into the swing); the channel's article also describes a walking Happy Gilmore drill; matched on title and context, not viewed directly."
"Happy Gilmore / Walking Load Drill",2,"7_HNs0u-TxE","The 'Happy Gilmore' Hitting Drill - to Build Timing Rhythm and Consistent Contact!","Championship Productions",,,200,"EXACT","Coaching clip of the same Happy Gilmore momentum drill, framed around timing and rhythm; matched on title, content not viewed directly."
"How to Throw the RIGHT WAY",1,"P0DhI_d_F2E","How to Throw a Baseball Step-by-Step","Coach Dan Blewett",,,200,"CLOSE","Not Lou Colon (no working Colon throwing video found); Blewett's step-by-step throwing breakdown, embedded on his article covering glove-arm action, hand separation with the stride, arm path and a loose follow-through to the opposite hip."
"How to Throw the RIGHT WAY",2,"jXRtocUBs3Y","Teaching beginners how to throw a baseball","Coach Dan Blewett",,,200,"CLOSE","Beginner-level throwing mechanics from an established coach; content judged from title/channel only, watch page not checked."
"5 Essential Hitting Drills for Youth Baseball",1,"fPRAqPcEPYA","5 ESSENTIAL Baseball Hitting Drills for Youth Baseball Players","Jermaine Curtis",453,,200,"EXACT","The original Jermaine Curtis video, still live on his own channel; watch page shows 7:33 and a description matching 5 hitting drills for youth players."
"Hitting Tips for Tee Ball (4-5 Year Olds)",1,"GckkeKUZIxk","Batting Basics #1 | Teaching Young Players How To Bat | Hitting a Baseball for 3, 4, 5, 6 year-olds","Coach's Corner",,,200,"CLOSE","Beginner batting basics aimed specifically at 3-6 year olds; content judged from title only (watch page rate-limited), grip and eyes-on-ball cues not confirmed."
"Hitting Tips for Tee Ball (4-5 Year Olds)",2,"XjOz6upHbQ8","5 Simple Tee Ball Tips & Drills (That will make you look like the BEST coach EVER!)","YouGoProBaseball",,,200,"CLOSE","Tee ball coaching tips and drills for young beginners; may cover more than hitting, content judged from title only."
